رقم_الطلب,تاريخ_التقديم,تاريخ_الإغلاق,الحي,نوع_الخدمة,التصنيف,قناة_التقديم,الحالة,مدة_المعالجة_أيام,تقييم_الرضا,موسم_ذروة
MKC-2024157,2023-01-01,2023-01-03,الشرائع,شكوى نظافة عامة,شكوى,مكتب خدمة العملاء,محول لجهة أخرى,2.0,,لا
MKC-2028539,2023-01-01,2023-01-05,العتيبية,شكوى إنارة شوارع,شكوى,تطبيق بلدي,مغلق - تم الحل,4.0,5.0,لا
MKC-2025879,2023-01-01,2023-02-12,الزاهر,ترخيص بناء,طلب ترخيص,تطبيق بلدي,مقبول ومنفذ,42.0,4.0,لا
MKC-2026150,2023-01-01,2023-01-04,الششة,تجديد رخصة تجارية,طلب ترخيص,تطبيق بلدي,مقبول ومنفذ,3.0,5.0,لا
MKC-2026502,2023-01-01,2023-01-21,العزيزية,شكوى مخالفة بناء,شكوى,مكتب خدمة العملاء,محول لجهة أخرى,20.0,,لا
MKC-2028481,2023-01-01,2023-01-10,الحجون,شكوى إشغال طريق,شكوى,مكتب خدمة العملاء,مغلق - تم الحل,9.0,3.0,لا
MKC-2026452,2023-01-01,2023-01-27,الكعكية,ترخيص تجاري,طلب ترخيص,تطبيق بلدي,مرفوض,26.0,,لا
MKC-2024836,2023-01-01,2023-01-14,الشوقية,شكوى مركبات مهملة,شكوى,تطبيق بلدي,مغلق - تم الحل,13.0,4.0,لا
MKC-2024220,2023-01-01,2023-01-12,الهجرة,شكوى مخالفة بناء,شكوى,حساب X (تويتر),مغلق - تم الحل,11.0,5.0,لا
MKC-2027641,2023-01-01,2023-01-14,الزاهر,ترخيص بناء,طلب ترخيص,مكتب خدمة العملاء,مقبول ومنفذ,13.0,3.0,لا
MKC-2023743,2023-01-02,2023-02-02,الحجون,ترخيص بناء,طلب ترخيص,مكتب خدمة العملاء,مقبول ومنفذ,31.0,3.0,لا
MKC-2023740,2023-01-02,2023-01-11,العتيبية,شكوى صرف صحي,شكوى,تطبيق بلدي,محول لجهة أخرى,9.0,,لا
MKC-2026876,2023-01-02,2023-01-22,الهجرة,ترخيص تجاري,طلب ترخيص,تطبيق بلدي,مغلق - تم الحل,20.0,3.0,لا
MKC-2027552,2023-01-02,2023-01-08,المسفلة,تجديد رخصة تجارية,طلب ترخيص,المركز الموحد 940,مقبول ومنفذ,6.0,4.0,لا
MKC-2026491,2023-01-03,2023-01-04,الجميزة,شكوى إشغال طريق,شكوى,تطبيق بلدي,محول لجهة أخرى,1.0,,لا
MKC-2027314,2023-01-03,2023-01-21,النوارية,شكوى مركبات مهملة,شكوى,حساب X (تويتر),محول لجهة أخرى,18.0,,لا
MKC-2025730,2023-01-03,2023-01-12,الششة,تجديد رخصة تجارية,طلب ترخيص,تطبيق بلدي,مقبول ومنفذ,9.0,4.0,لا
MKC-2023997,2023-01-03,2023-01-12,جرول,شكوى إشغال طريق,شكوى,المركز الموحد 940,مغلق - تم الحل,9.0,3.0,لا
MKC-2028182,2023-01-03,2023-01-12,العزيزية,تجديد رخصة تجارية,طلب ترخيص,تطبيق بلدي,محول لجهة أخرى,9.0,,لا
MKC-2027418,2023-01-03,2023-01-08,الششة,شكوى نظافة عامة,شكوى,المركز الموحد 940,مرفوض,5.0,,لا
MKC-2028177,2023-01-04,2023-01-07,جرول,شكوى نظافة عامة,شكوى,مكتب خدمة العملاء,مغلق - تم الحل,3.0,2.0,لا
MKC-2025584,2023-01-04,2023-01-20,الجميزة,ترخيص تجاري,طلب ترخيص,مكتب فرعي بالحي,محول لجهة أخرى,16.0,,لا
MKC-2028155,2023-01-04,2023-01-30,الزاهر,شكوى مخالفة بناء,شكوى,حساب X (تويتر),مغلق - تم الحل,26.0,4.0,لا
MKC-2024616,2023-01-04,2023-01-08,العزيزية,شكوى باعة متجولين,شكوى,تطبيق بلدي,مغلق - تم الحل,4.0,4.0,لا
MKC-2026605,2023-01-04,2023-01-09,العتيبية,شكوى إشغال طريق,شكوى,تطبيق بلدي,مغلق - تم الحل,5.0,5.0,لا
MKC-2026178,2023-01-04,2023-01-10,الرصيفة,شكوى إشغال طريق,شكوى,المركز الموحد 940,مغلق - تم الحل,6.0,5.0,لا
MKC-2026206,2023-01-04,2023-01-12,الزاهر,شكوى صرف صحي,شكوى,حساب X (تويتر),محول لجهة أخرى,8.0,,لا
MKC-2023810,2023-01-04,2023-01-18,الكعكية,شكوى إنارة شوارع,شكوى,حساب X (تويتر),محول لجهة أخرى,14.0,,لا
MKC-2027772,2023-01-05,2023-01-11,أجياد,شكوى إشغال طريق,شكوى,مكتب فرعي بالحي,محول لجهة أخرى,6.0,,لا
MKC-2023774,2023-01-05,2023-01-10,النوارية,تجديد رخصة تجارية,طلب ترخيص,تطبيق بلدي,محول لجهة أخرى,5.0,,لا
MKC-2023646,2023-01-05,2023-02-02,النسيم,شكوى مخالفة بناء,شكوى,تطبيق بلدي,مغلق - تم الحل,28.0,3.0,لا
MKC-2024313,2023-01-05,2023-01-14,العزيزية,شكوى إشغال طريق,شكوى,المركز الموحد 940,مغلق - تم الحل,9.0,4.0,لا
MKC-2025298,2023-01-05,2023-01-09,الهجرة,شكوى نظافة عامة,شكوى,المركز الموحد 940,محول لجهة أخرى,4.0,,لا
MKC-2028227,2023-01-05,2023-01-18,الششة,طلب صيانة حديقة/ملعب,طلب صيانة,مكتب خدمة العملاء,مقبول ومنفذ,13.0,5.0,لا
MKC-2023422,2023-01-05,2023-01-09,العزيزية,شكوى نظافة عامة,شكوى,المركز الموحد 940,محول لجهة أخرى,4.0,,لا
MKC-2026037,2023-01-05,2023-01-26,الشرائع,ترخيص تجاري,طلب ترخيص,مكتب خدمة العملاء,مغلق - تم الحل,21.0,4.0,لا
MKC-2028423,2023-01-06,2023-01-13,بطحاء قريش,شكوى إشغال طريق,شكوى,مكتب فرعي بالحي,محول لجهة أخرى,7.0,,لا
MKC-2028450,2023-01-06,2023-01-13,الشرائع,شكوى نظافة عامة,شكوى,مكتب فرعي بالحي,مقبول ومنفذ,7.0,5.0,لا
MKC-2024322,2023-01-06,2023-01-09,الششة,شكوى باعة متجولين,شكوى,تطبيق بلدي,مغلق - تم الحل,3.0,5.0,لا
MKC-2027774,2023-01-06,2023-02-05,الشوقية,ترخيص بناء,طلب ترخيص,حساب X (تويتر),مقبول ومنفذ,30.0,3.0,لا
MKC-2027155,2023-01-06,2023-01-14,النسيم,تجديد رخصة تجارية,طلب ترخيص,المركز الموحد 940,محول لجهة أخرى,8.0,,لا
MKC-2027280,2023-01-07,2023-01-15,الشوقية,تجديد رخصة تجارية,طلب ترخيص,تطبيق بلدي,مرفوض,8.0,,لا
MKC-2026462,2023-01-07,2023-01-26,الشرائع,شكوى مخالفة بناء,شكوى,تطبيق بلدي,مغلق - تم الحل,19.0,5.0,لا
MKC-2027990,2023-01-07,2023-02-04,الشرائع,ترخيص بناء,طلب ترخيص,مكتب فرعي بالحي,مقبول ومنفذ,28.0,2.0,لا
MKC-2023051,2023-01-07,2023-01-11,الهجرة,شكوى نظافة عامة,شكوى,تطبيق بلدي,محول لجهة أخرى,4.0,,لا
MKC-2023594,2023-01-07,2023-01-10,جرول,شكوى صرف صحي,شكوى,حساب X (تويتر),مرفوض,3.0,,لا
MKC-2026438,2023-01-07,2023-01-15,الزاهر,شكوى إشغال طريق,شكوى,تطبيق بلدي,مرفوض,8.0,,لا
MKC-2024100,2023-01-07,2023-01-12,الزاهر,شكوى نظافة عامة,شكوى,تطبيق بلدي,مغلق - تم الحل,5.0,3.0,لا
MKC-2025921,2023-01-07,2023-01-11,جرول,شكوى باعة متجولين,شكوى,تطبيق بلدي,مغلق - تم الحل,4.0,4.0,لا
MKC-2028030,2023-01-07,2023-01-13,النوارية,تجديد رخصة تجارية,طلب ترخيص,مكتب خدمة العملاء,مقبول ومنفذ,6.0,5.0,لا
MKC-2025383,2023-01-08,2023-01-15,المسفلة,شكوى صرف صحي,شكوى,تطبيق بلدي,محول لجهة أخرى,7.0,,لا
MKC-2028921,2023-01-09,2023-01-19,الشوقية,ترخيص بناء,طلب ترخيص,المركز الموحد 940,مرفوض,10.0,,لا
MKC-2027965,2023-01-09,2023-01-13,الزاهر,شكوى إشغال طريق,شكوى,المركز الموحد 940,مغلق - تم الحل,4.0,4.0,لا
MKC-2028593,2023-01-09,2023-01-22,الكعكية,شكوى إنارة شوارع,شكوى,المركز الموحد 940,مغلق - تم الحل,13.0,3.0,لا
MKC-2023765,2023-01-09,2023-01-12,الزاهر,شكوى نظافة عامة,شكوى,المركز الموحد 940,محول لجهة أخرى,3.0,,لا
MKC-2028624,2023-01-10,2023-01-30,الرصيفة,شكوى مركبات مهملة,شكوى,مكتب خدمة العملاء,مغلق - تم الحل,20.0,2.0,لا
MKC-2026376,2023-01-10,2023-01-17,المسفلة,شكوى صرف صحي,شكوى,مكتب فرعي بالحي,مغلق - تم الحل,7.0,3.0,لا
MKC-2027837,2023-01-10,2023-01-15,العتيبية,شكوى باعة متجولين,شكوى,حساب X (تويتر),مغلق - تم الحل,5.0,3.0,لا
MKC-2023534,2023-01-10,2023-02-05,النسيم,ترخيص تجاري,طلب ترخيص,تطبيق بلدي,مقبول ومنفذ,26.0,3.0,لا
MKC-2025939,2023-01-11,2023-01-19,النسيم,تجديد رخصة تجارية,طلب ترخيص,المركز الموحد 940,مغلق - تم الحل,8.0,4.0,لا
MKC-2025393,2023-01-11,2023-01-15,العزيزية,شكوى إنارة شوارع,شكوى,المركز الموحد 940,محول لجهة أخرى,4.0,,لا
MKC-2025957,2023-01-11,2023-01-15,العتيبية,شكوى إشغال طريق,شكوى,تطبيق بلدي,محول لجهة أخرى,4.0,,لا
MKC-2024910,2023-01-11,2023-01-19,العزيزية,ترخيص تجاري,طلب ترخيص,حساب X (تويتر),مقبول ومنفذ,8.0,4.0,لا
MKC-2025538,2023-01-12,2023-02-03,العزيزية,شكوى مخالفة بناء,شكوى,المركز الموحد 940,مغلق - تم الحل,22.0,3.0,لا
MKC-2026320,2023-01-12,,الزاهر,ترخيص بناء,طلب ترخيص,المركز الموحد 940,قيد المعالجة,,,لا
MKC-2025718,2023-01-12,2023-01-24,الشوقية,شكوى صرف صحي,شكوى,المركز الموحد 940,محول لجهة أخرى,12.0,,لا
MKC-2028304,2023-01-12,2023-01-16,الشوقية,شكوى نظافة عامة,شكوى,مكتب فرعي بالحي,مغلق - تم الحل,4.0,5.0,لا
MKC-2023394,2023-01-12,2023-01-20,الزاهر,شكوى إشغال طريق,شكوى,تطبيق بلدي,مغلق - تم الحل,8.0,4.0,لا
MKC-2026217,2023-01-12,2023-01-24,الششة,شكوى إنارة شوارع,شكوى,تطبيق بلدي,مغلق - تم الحل,12.0,4.0,لا
MKC-2023840,2023-01-12,2023-01-13,النسيم,شكوى نظافة عامة,شكوى,مكتب فرعي بالحي,مقبول ومنفذ,1.0,4.0,لا
MKC-2024951,2023-01-12,2023-01-23,الكعكية,شكوى إنارة شوارع,شكوى,مكتب فرعي بالحي,مغلق - تم الحل,11.0,5.0,لا
MKC-2027304,2023-01-12,2023-01-22,أجياد,شكوى إشغال طريق,شكوى,مكتب خدمة العملاء,محول لجهة أخرى,10.0,,لا
MKC-2023204,2023-01-13,2023-02-01,الشوقية,شكوى مخالفة بناء,شكوى,تطبيق بلدي,محول لجهة أخرى,19.0,,لا
MKC-2027417,2023-01-13,,الشوقية,ترخيص تجاري,طلب ترخيص,مكتب خدمة العملاء,قيد المعالجة,,,لا
MKC-2026995,2023-01-13,2023-01-20,الهجرة,تجديد رخصة تجارية,طلب ترخيص,تطبيق بلدي,مقبول ومنفذ,7.0,4.0,لا
MKC-2025114,2023-01-13,2023-01-19,أجياد,ترخيص لافتات إعلانية,طلب ترخيص,حساب X (تويتر),محول لجهة أخرى,6.0,,لا
MKC-2027221,2023-01-13,2023-01-19,الجميزة,تجديد رخصة تجارية,طلب ترخيص,المركز الموحد 940,مقبول ومنفذ,6.0,5.0,لا
MKC-2025022,2023-01-13,2023-01-19,الحجون,شكوى نظافة عامة,شكوى,مكتب خدمة العملاء,مغلق - تم الحل,6.0,5.0,لا
MKC-2023518,2023-01-14,2023-01-15,العتيبية,شكوى نظافة عامة,شكوى,مكتب خدمة العملاء,مغلق - تم الحل,1.0,4.0,لا
MKC-2028685,2023-01-14,2023-01-19,بطحاء قريش,شكوى إشغال طريق,شكوى,تطبيق بلدي,مرفوض,5.0,,لا
MKC-2028960,2023-01-14,2023-01-23,الشوقية,تجديد رخصة تجارية,طلب ترخيص,حساب X (تويتر),مقبول ومنفذ,9.0,3.0,لا
MKC-2028661,2023-01-15,2023-01-21,العزيزية,شكوى نظافة عامة,شكوى,مكتب خدمة العملاء,مقبول ومنفذ,6.0,3.0,لا
MKC-2027815,2023-01-15,,النسيم,شكوى إشغال طريق,شكوى,حساب X (تويتر),قيد المعالجة,,,لا
MKC-2026800,2023-01-15,2023-01-21,الزاهر,شكوى نظافة عامة,شكوى,تطبيق بلدي,مغلق - تم الحل,6.0,3.0,لا
MKC-2025570,2023-01-15,2023-01-17,الحجون,شكوى إنارة شوارع,شكوى,مكتب خدمة العملاء,مغلق - تم الحل,2.0,3.0,لا
MKC-2025051,2023-01-15,2023-01-21,الشوقية,شكوى نظافة عامة,شكوى,تطبيق بلدي,مغلق - تم الحل,6.0,4.0,لا
MKC-2024567,2023-01-15,2023-01-22,أجياد,طلب صيانة حديقة/ملعب,طلب صيانة,تطبيق بلدي,مقبول ومنفذ,7.0,3.0,لا
MKC-2026070,2023-01-15,2023-01-24,جرول,شكوى صرف صحي,شكوى,مكتب خدمة العملاء,محول لجهة أخرى,9.0,,لا
MKC-2025533,2023-01-16,2023-01-19,أجياد,شكوى نظافة عامة,شكوى,تطبيق بلدي,مغلق - تم الحل,3.0,5.0,لا
MKC-2027791,2023-01-16,2023-01-19,الششة,شكوى إشغال طريق,شكوى,حساب X (تويتر),مغلق - تم الحل,3.0,5.0,لا
MKC-2023811,2023-01-16,2023-02-03,جرول,ترخيص بناء,طلب ترخيص,تطبيق بلدي,مقبول ومنفذ,18.0,3.0,لا
MKC-2026531,2023-01-16,2023-01-25,الشرائع,شكوى إنارة شوارع,شكوى,مكتب خدمة العملاء,مقبول ومنفذ,9.0,4.0,لا
MKC-2027336,2023-01-17,,المسفلة,شكوى صرف صحي,شكوى,تطبيق بلدي,قيد المعالجة,,,لا
MKC-2024928,2023-01-17,2023-01-19,العزيزية,شكوى إشغال طريق,شكوى,مكتب خدمة العملاء,مغلق - تم الحل,2.0,5.0,لا
MKC-2024948,2023-01-17,,العزيزية,شكوى مركبات مهملة,شكوى,تطبيق بلدي,قيد المعالجة,,,لا
MKC-2023682,2023-01-17,2023-01-19,أجياد,شكوى إشغال طريق,شكوى,مكتب خدمة العملاء,مغلق - تم الحل,2.0,4.0,لا
MKC-2023238,2023-01-17,2023-02-02,جرول,ترخيص تجاري,طلب ترخيص,المركز الموحد 940,مرفوض,16.0,,لا
MKC-2023825,2023-01-17,2023-01-19,الرصيفة,شكوى باعة متجولين,شكوى,تطبيق بلدي,محول لجهة أخرى,2.0,,لا
MKC-2023796,2023-01-18,2023-01-19,الهجرة,شكوى نظافة عامة,شكوى,تطبيق بلدي,مغلق - تم الحل,1.0,5.0,لا
MKC-2027500,2023-01-18,2023-02-09,العزيزية,شكوى مخالفة بناء,شكوى,تطبيق بلدي,محول لجهة أخرى,22.0,,لا
MKC-2028571,2023-01-18,2023-01-26,الكعكية,شكوى إشغال طريق,شكوى,تطبيق بلدي,مرفوض,8.0,,لا
MKC-2027166,2023-01-18,2023-02-25,النوارية,ترخيص بناء,طلب ترخيص,تطبيق بلدي,مقبول ومنفذ,38.0,3.0,لا
MKC-2027402,2023-01-18,2023-01-22,العزيزية,شكوى صرف صحي,شكوى,تطبيق بلدي,محول لجهة أخرى,4.0,,لا
MKC-2024044,2023-01-19,2023-01-24,العزيزية,شكوى باعة متجولين,شكوى,تطبيق بلدي,مغلق - تم الحل,5.0,5.0,لا
MKC-2026878,2023-01-19,2023-01-29,الششة,شكوى إشغال طريق,شكوى,تطبيق بلدي,مغلق - تم الحل,10.0,4.0,لا
MKC-2028205,2023-01-19,2023-01-23,الزاهر,تجديد رخصة تجارية,طلب ترخيص,المركز الموحد 940,مقبول ومنفذ,4.0,4.0,لا
MKC-2026458,2023-01-19,2023-02-04,العتيبية,شكوى مخالفة بناء,شكوى,تطبيق بلدي,مغلق - تم الحل,16.0,5.0,لا
MKC-2027135,2023-01-19,2023-02-02,الجميزة,ترخيص لافتات إعلانية,طلب ترخيص,تطبيق بلدي,مقبول ومنفذ,14.0,3.0,لا
MKC-2026804,2023-01-19,2023-01-25,الشرائع,ترخيص لافتات إعلانية,طلب ترخيص,المركز الموحد 940,مقبول ومنفذ,6.0,4.0,لا
MKC-2027449,2023-01-19,2023-01-24,الحجون,شكوى إشغال طريق,شكوى,المركز الموحد 940,مغلق - تم الحل,5.0,5.0,لا
MKC-2025872,2023-01-19,2023-01-29,الكعكية,تجديد رخصة تجارية,طلب ترخيص,تطبيق بلدي,مقبول ومنفذ,10.0,3.0,لا
MKC-2023149,2023-01-20,2023-03-05,الشوقية,ترخيص بناء,طلب ترخيص,تطبيق بلدي,مقبول ومنفذ,44.0,4.0,لا
MKC-2027247,2023-01-20,2023-02-03,العزيزية,ترخيص بناء,طلب ترخيص,مكتب خدمة العملاء,محول لجهة أخرى,14.0,,لا
MKC-2023269,2023-01-20,2023-02-02,العزيزية,ترخيص بناء,طلب ترخيص,تطبيق بلدي,مقبول ومنفذ,13.0,4.0,لا
MKC-2024893,2023-01-20,2023-01-30,الشرائع,شكوى إنارة شوارع,شكوى,تطبيق بلدي,مرفوض,10.0,,لا
MKC-2024901,2023-01-20,2023-02-11,الرصيفة,شكوى مخالفة بناء,شكوى,تطبيق بلدي,محول لجهة أخرى,22.0,,لا
MKC-2025030,2023-01-20,2023-03-03,العتيبية,ترخيص بناء,طلب ترخيص,تطبيق بلدي,مقبول ومنفذ,42.0,3.0,لا
MKC-2025037,2023-01-21,2023-01-29,العتيبية,تجديد رخصة تجارية,طلب ترخيص,حساب X (تويتر),محول لجهة أخرى,8.0,,لا
MKC-2028102,2023-01-21,2023-01-23,الحجون,شكوى باعة متجولين,شكوى,حساب X (تويتر),مغلق - تم الحل,2.0,4.0,لا
MKC-2028186,2023-01-21,2023-01-26,النوارية,تجديد رخصة تجارية,طلب ترخيص,تطبيق بلدي,مقبول ومنفذ,5.0,5.0,لا
MKC-2023084,2023-01-21,2023-01-28,النوارية,شكوى نظافة عامة,شكوى,حساب X (تويتر),مغلق - تم الحل,7.0,4.0,لا
MKC-2023135,2023-01-21,2023-02-14,النوارية,طلب صيانة حديقة/ملعب,طلب صيانة,المركز الموحد 940,مرفوض,24.0,,لا
MKC-2027858,2023-01-22,2023-01-29,أجياد,ترخيص تجاري,طلب ترخيص,حساب X (تويتر),مقبول ومنفذ,7.0,5.0,لا
MKC-2025349,2023-01-22,2023-01-31,بطحاء قريش,شكوى إشغال طريق,شكوى,حساب X (تويتر),مغلق - تم الحل,9.0,3.0,لا
MKC-2028498,2023-01-22,2023-02-11,الهجرة,ترخيص بناء,طلب ترخيص,تطبيق بلدي,محول لجهة أخرى,20.0,,لا
MKC-2024355,2023-01-22,2023-01-29,بطحاء قريش,تجديد رخصة تجارية,طلب ترخيص,تطبيق بلدي,محول لجهة أخرى,7.0,,لا
MKC-2028852,2023-01-22,2023-01-31,العزيزية,شكوى إشغال طريق,شكوى,تطبيق بلدي,مقبول ومنفذ,9.0,4.0,لا
MKC-2024068,2023-01-22,2023-01-27,بطحاء قريش,تجديد رخصة تجارية,طلب ترخيص,تطبيق بلدي,مقبول ومنفذ,5.0,4.0,لا
MKC-2023871,2023-01-22,2023-01-28,الزاهر,طلب صيانة حديقة/ملعب,طلب صيانة,تطبيق بلدي,مقبول ومنفذ,6.0,4.0,لا
MKC-2026792,2023-01-22,2023-01-25,الشوقية,شكوى باعة متجولين,شكوى,المركز الموحد 940,مغلق - تم الحل,3.0,4.0,لا
MKC-2023226,2023-01-23,,العزيزية,شكوى مخالفة بناء,شكوى,مكتب فرعي بالحي,قيد المعالجة,,,لا
MKC-2025886,2023-01-23,,الزاهر,طلب صيانة حديقة/ملعب,طلب صيانة,مكتب فرعي بالحي,قيد المعالجة,,,لا
MKC-2025556,2023-01-23,2023-01-25,الجميزة,شكوى صرف صحي,شكوى,تطبيق بلدي,مغلق - تم الحل,2.0,5.0,لا
MKC-2024720,2023-01-23,2023-01-31,العتيبية,ترخيص تجاري,طلب ترخيص,المركز الموحد 940,محول لجهة أخرى,8.0,,لا
MKC-2023589,2023-01-23,,النوارية,شكوى نظافة عامة,شكوى,حساب X (تويتر),قيد المعالجة,,,لا
MKC-2027337,2023-01-23,2023-01-29,الششة,ترخيص لافتات إعلانية,طلب ترخيص,مكتب فرعي بالحي,مرفوض,6.0,,لا
MKC-2026698,2023-01-23,2023-02-19,النوارية,ترخيص تجاري,طلب ترخيص,مكتب خدمة العملاء,مقبول ومنفذ,27.0,4.0,لا
MKC-2027558,2023-01-23,,العتيبية,شكوى نظافة عامة,شكوى,تطبيق بلدي,قيد المعالجة,,,لا
MKC-2026307,2023-01-24,2023-01-28,العتيبية,ترخيص لافتات إعلانية,طلب ترخيص,تطبيق بلدي,مرفوض,4.0,,لا
MKC-2028480,2023-01-24,2023-03-08,النسيم,ترخيص بناء,طلب ترخيص,حساب X (تويتر),محول لجهة أخرى,43.0,,لا
MKC-2026332,2023-01-24,,أجياد,شكوى مخالفة بناء,شكوى,تطبيق بلدي,قيد المعالجة,,,لا
MKC-2025580,2023-01-24,2023-01-27,الشرائع,تجديد رخصة تجارية,طلب ترخيص,المركز الموحد 940,مقبول ومنفذ,3.0,3.0,لا
MKC-2025129,2023-01-24,2023-02-04,الشرائع,طلب صيانة حديقة/ملعب,طلب صيانة,المركز الموحد 940,مرفوض,11.0,,لا
MKC-2028029,2023-01-24,2023-01-25,النوارية,شكوى إنارة شوارع,شكوى,تطبيق بلدي,مقبول ومنفذ,1.0,5.0,لا
MKC-2027379,2023-01-24,2023-01-29,الرصيفة,شكوى نظافة عامة,شكوى,تطبيق بلدي,مغلق - تم الحل,5.0,5.0,لا
MKC-2026299,2023-01-25,2023-01-27,الشرائع,تجديد رخصة تجارية,طلب ترخيص,تطبيق بلدي,مقبول ومنفذ,2.0,5.0,لا
MKC-2028901,2023-01-25,2023-01-29,الكعكية,شكوى صرف صحي,شكوى,تطبيق بلدي,مغلق - تم الحل,4.0,4.0,لا
MKC-2024204,2023-01-25,2023-01-31,المسفلة,شكوى نظافة عامة,شكوى,المركز الموحد 940,محول لجهة أخرى,6.0,,لا
MKC-2024742,2023-01-25,2023-01-31,أجياد,شكوى مخالفة بناء,شكوى,حساب X (تويتر),مغلق - تم الحل,6.0,4.0,لا
MKC-2024317,2023-01-25,2023-01-31,العزيزية,شكوى نظافة عامة,شكوى,تطبيق بلدي,مقبول ومنفذ,6.0,5.0,لا
MKC-2026191,2023-01-25,2023-02-01,الششة,شكوى إشغال طريق,شكوى,مكتب خدمة العملاء,مقبول ومنفذ,7.0,3.0,لا
MKC-2026393,2023-01-26,2023-01-30,الششة,شكوى نظافة عامة,شكوى,مكتب خدمة العملاء,محول لجهة أخرى,4.0,,لا
MKC-2026861,2023-01-26,2023-02-05,الهجرة,شكوى مخالفة بناء,شكوى,تطبيق بلدي,مغلق - تم الحل,10.0,4.0,لا
MKC-2025814,2023-01-26,2023-02-03,النسيم,شكوى إنارة شوارع,شكوى,مكتب خدمة العملاء,مغلق - تم الحل,8.0,5.0,لا
MKC-2028894,2023-01-26,2023-01-28,العزيزية,شكوى باعة متجولين,شكوى,المركز الموحد 940,مغلق - تم الحل,2.0,5.0,لا
MKC-2027074,2023-01-27,2023-02-04,العزيزية,شكوى إشغال طريق,شكوى,تطبيق بلدي,مغلق - تم الحل,8.0,4.0,لا
MKC-2023414,2023-01-27,,بطحاء قريش,طلب صيانة حديقة/ملعب,طلب صيانة,تطبيق بلدي,قيد المعالجة,,,لا
MKC-2027256,2023-01-28,2023-03-11,العزيزية,ترخيص بناء,طلب ترخيص,تطبيق بلدي,مقبول ومنفذ,42.0,3.0,لا
MKC-2028372,2023-01-28,,العزيزية,شكوى نظافة عامة,شكوى,تطبيق بلدي,قيد المعالجة,,,لا
MKC-2027429,2023-01-28,2023-02-06,الشرائع,شكوى مركبات مهملة,شكوى,حساب X (تويتر),مرفوض,9.0,,لا
MKC-2023649,2023-01-28,2023-02-01,الشوقية,شكوى نظافة عامة,شكوى,مكتب خدمة العملاء,مغلق - تم الحل,4.0,4.0,لا
MKC-2023971,2023-01-28,2023-02-21,الشوقية,ترخيص تجاري,طلب ترخيص,المركز الموحد 940,مقبول ومنفذ,24.0,4.0,لا
MKC-2023794,2023-01-28,2023-02-07,الزاهر,ترخيص بناء,طلب ترخيص,حساب X (تويتر),مقبول ومنفذ,10.0,4.0,لا
MKC-2027541,2023-01-28,2023-01-30,الزاهر,تجديد رخصة تجارية,طلب ترخيص,مكتب خدمة العملاء,مرفوض,2.0,,لا
MKC-2026641,2023-01-28,2023-02-06,العتيبية,طلب صيانة حديقة/ملعب,طلب صيانة,المركز الموحد 940,مقبول ومنفذ,9.0,4.0,لا
MKC-2028416,2023-01-29,2023-02-04,جرول,تجديد رخصة تجارية,طلب ترخيص,المركز الموحد 940,مقبول ومنفذ,6.0,4.0,لا
MKC-2028861,2023-01-29,2023-02-03,النسيم,شكوى صرف صحي,شكوى,تطبيق بلدي,مغلق - تم الحل,5.0,4.0,لا
MKC-2026823,2023-01-29,2023-03-01,الشوقية,ترخيص بناء,طلب ترخيص,مكتب خدمة العملاء,مقبول ومنفذ,31.0,3.0,لا
MKC-2025559,2023-01-29,2023-02-01,الحجون,شكوى نظافة عامة,شكوى,تطبيق بلدي,مغلق - تم الحل,3.0,4.0,لا
MKC-2027968,2023-01-29,2023-02-09,العزيزية,شكوى صرف صحي,شكوى,المركز الموحد 940,مغلق - تم الحل,11.0,4.0,لا
MKC-2025079,2023-01-29,2023-02-08,جرول,ترخيص تجاري,طلب ترخيص,تطبيق بلدي,محول لجهة أخرى,10.0,,لا
MKC-2023068,2023-01-29,2023-02-06,الكعكية,تجديد رخصة تجارية,طلب ترخيص,تطبيق بلدي,محول لجهة أخرى,8.0,,لا
MKC-2024728,2023-01-29,2023-02-05,الششة,شكوى إشغال طريق,شكوى,حساب X (تويتر),مغلق - تم الحل,7.0,4.0,لا
MKC-2027146,2023-01-29,2023-01-31,الزاهر,شكوى باعة متجولين,شكوى,مكتب خدمة العملاء,محول لجهة أخرى,2.0,,لا
MKC-2023767,2023-01-29,2023-02-03,النسيم,ترخيص لافتات إعلانية,طلب ترخيص,مكتب فرعي بالحي,مقبول ومنفذ,5.0,4.0,لا
MKC-2025604,2023-01-29,2023-02-03,الشوقية,شكوى نظافة عامة,شكوى,المركز الموحد 940,محول لجهة أخرى,5.0,,لا
MKC-2024840,2023-01-30,2023-02-21,المسفلة,ترخيص تجاري,طلب ترخيص,تطبيق بلدي,محول لجهة أخرى,22.0,,لا
MKC-2025697,2023-01-30,2023-02-14,الشوقية,شكوى مركبات مهملة,شكوى,المركز الموحد 940,محول لجهة أخرى,15.0,,لا
MKC-2025320,2023-01-30,2023-02-03,الشرائع,شكوى إشغال طريق,شكوى,تطبيق بلدي,مغلق - تم الحل,4.0,5.0,لا
MKC-2027231,2023-01-30,2023-02-01,العزيزية,شكوى صرف صحي,شكوى,تطبيق بلدي,مغلق - تم الحل,2.0,5.0,لا
MKC-2025017,2023-01-30,2023-02-23,الشوقية,ترخيص تجاري,طلب ترخيص,مكتب خدمة العملاء,مقبول ومنفذ,24.0,3.0,لا
MKC-2026350,2023-01-31,2023-02-01,الرصيفة,شكوى صرف صحي,شكوى,تطبيق بلدي,مغلق - تم الحل,1.0,5.0,لا
MKC-2026281,2023-01-31,,الشرائع,ترخيص تجاري,طلب ترخيص,مكتب فرعي بالحي,قيد المعالجة,,,لا
MKC-2027142,2023-01-31,2023-02-22,الشوقية,شكوى مخالفة بناء,شكوى,مكتب خدمة العملاء,مقبول ومنفذ,22.0,5.0,لا
MKC-2025749,2023-01-31,2023-02-07,الحجون,شكوى صرف صحي,شكوى,تطبيق بلدي,مقبول ومنفذ,7.0,4.0,لا
MKC-2025500,2023-01-31,2023-02-03,العزيزية,شكوى باعة متجولين,شكوى,تطبيق بلدي,مغلق - تم الحل,3.0,4.0,لا
MKC-2025121,2023-01-31,2023-02-07,بطحاء قريش,شكوى مخالفة بناء,شكوى,حساب X (تويتر),مقبول ومنفذ,7.0,4.0,لا
MKC-2025151,2023-02-01,2023-02-07,العزيزية,شكوى مخالفة بناء,شكوى,حساب X (تويتر),محول لجهة أخرى,6.0,,لا
MKC-2027672,2023-02-01,2023-02-17,بطحاء قريش,ترخيص بناء,طلب ترخيص,مكتب خدمة العملاء,محول لجهة أخرى,16.0,,لا
MKC-2025918,2023-02-01,2023-02-04,الكعكية,طلب صيانة حديقة/ملعب,طلب صيانة,المركز الموحد 940,مقبول ومنفذ,3.0,3.0,لا
MKC-2024160,2023-02-01,2023-03-12,الششة,ترخيص بناء,طلب ترخيص,مكتب فرعي بالحي,مرفوض,39.0,,لا
MKC-2026453,2023-02-02,,العزيزية,ترخيص لافتات إعلانية,طلب ترخيص,تطبيق بلدي,قيد المعالجة,,,لا
MKC-2024659,2023-02-02,2023-02-14,الزاهر,ترخيص لافتات إعلانية,طلب ترخيص,مكتب فرعي بالحي,محول لجهة أخرى,12.0,,لا
MKC-2026933,2023-02-02,2023-02-28,العتيبية,ترخيص تجاري,طلب ترخيص,حساب X (تويتر),مغلق - تم الحل,26.0,3.0,لا
MKC-2023484,2023-02-02,2023-02-19,العزيزية,ترخيص بناء,طلب ترخيص,حساب X (تويتر),مقبول ومنفذ,17.0,3.0,لا
MKC-2024432,2023-02-02,2023-02-26,الكعكية,شكوى مخالفة بناء,شكوى,مكتب فرعي بالحي,مرفوض,24.0,,لا
MKC-2023722,2023-02-02,2023-02-20,الشرائع,شكوى مخالفة بناء,شكوى,مكتب فرعي بالحي,محول لجهة أخرى,18.0,,لا
MKC-2024381,2023-02-02,2023-02-05,الزاهر,شكوى إشغال طريق,شكوى,المركز الموحد 940,مغلق - تم الحل,3.0,5.0,لا
MKC-2025869,2023-02-03,2023-02-14,العتيبية,شكوى مركبات مهملة,شكوى,مكتب فرعي بالحي,مرفوض,11.0,,لا
MKC-2028750,2023-02-03,2023-02-19,الكعكية,ترخيص تجاري,طلب ترخيص,حساب X (تويتر),مقبول ومنفذ,16.0,4.0,لا
MKC-2025275,2023-02-03,2023-03-17,الشوقية,ترخيص بناء,طلب ترخيص,مكتب فرعي بالحي,مقبول ومنفذ,42.0,2.0,لا
MKC-2026371,2023-02-03,2023-02-09,النوارية,شكوى إنارة شوارع,شكوى,تطبيق بلدي,مغلق - تم الحل,6.0,5.0,لا
MKC-2023421,2023-02-03,2023-02-11,بطحاء قريش,تجديد رخصة تجارية,طلب ترخيص,حساب X (تويتر),مرفوض,8.0,,لا
MKC-2027745,2023-02-03,2023-02-26,الجميزة,ترخيص بناء,طلب ترخيص,تطبيق بلدي,مقبول ومنفذ,23.0,4.0,لا
MKC-2023632,2023-02-03,,النسيم,شكوى صرف صحي,شكوى,مكتب خدمة العملاء,قيد المعالجة,,,لا
MKC-2028217,2023-02-04,2023-02-11,الشوقية,شكوى إشغال طريق,شكوى,حساب X (تويتر),محول لجهة أخرى,7.0,,لا
MKC-2028944,2023-02-04,2023-03-01,الجميزة,شكوى مخالفة بناء,شكوى,المركز الموحد 940,مرفوض,25.0,,لا
MKC-2026254,2023-02-04,2023-02-14,الرصيفة,تجديد رخصة تجارية,طلب ترخيص,تطبيق بلدي,مرفوض,10.0,,لا
MKC-2028775,2023-02-04,2023-02-12,الشرائع,شكوى صرف صحي,شكوى,المركز الموحد 940,محول لجهة أخرى,8.0,,لا
MKC-2023163,2023-02-04,2023-02-09,النوارية,شكوى نظافة عامة,شكوى,مكتب خدمة العملاء,مقبول ومنفذ,5.0,5.0,لا
MKC-2027567,2023-02-04,2023-02-07,النوارية,شكوى إشغال طريق,شكوى,حساب X (تويتر),مغلق - تم الحل,3.0,5.0,لا
MKC-2024314,2023-02-05,2023-02-16,الجميزة,شكوى مركبات مهملة,شكوى,حساب X (تويتر),محول لجهة أخرى,11.0,,لا
MKC-2026690,2023-02-05,2023-03-04,النوارية,ترخيص تجاري,طلب ترخيص,تطبيق بلدي,قيد المعالجة,27.0,,لا
MKC-2026352,2023-02-05,2023-02-10,النوارية,شكوى مركبات مهملة,شكوى,تطبيق بلدي,محول لجهة أخرى,5.0,,لا
MKC-2024619,2023-02-05,2023-02-12,العزيزية,تجديد رخصة تجارية,طلب ترخيص,مكتب فرعي بالحي,مقبول ومنفذ,7.0,3.0,لا
MKC-2025228,2023-02-05,2023-02-17,الجميزة,شكوى إنارة شوارع,شكوى,تطبيق بلدي,محول لجهة أخرى,12.0,,لا
MKC-2027643,2023-02-05,2023-02-14,المسفلة,شكوى إشغال طريق,شكوى,المركز الموحد 940,مرفوض,9.0,,لا
MKC-2026885,2023-02-05,2023-03-06,الهجرة,ترخيص تجاري,طلب ترخيص,تطبيق بلدي,محول لجهة أخرى,29.0,,لا
MKC-2025096,2023-02-05,2023-03-06,جرول,ترخيص تجاري,طلب ترخيص,مكتب خدمة العملاء,مغلق - تم الحل,29.0,4.0,لا
MKC-2024018,2023-02-06,2023-02-09,أجياد,شكوى نظافة عامة,شكوى,مكتب خدمة العملاء,مقبول ومنفذ,3.0,5.0,لا
MKC-2025813,2023-02-06,2023-02-22,العتيبية,شكوى مركبات مهملة,شكوى,تطبيق بلدي,محول لجهة أخرى,16.0,,لا
MKC-2028137,2023-02-06,2023-02-20,العزيزية,شكوى مركبات مهملة,شكوى,مكتب خدمة العملاء,مغلق - تم الحل,14.0,4.0,لا
MKC-2025295,2023-02-06,2023-02-09,الرصيفة,شكوى نظافة عامة,شكوى,حساب X (تويتر),مغلق - تم الحل,3.0,4.0,لا
MKC-2023434,2023-02-06,,العتيبية,طلب صيانة حديقة/ملعب,طلب صيانة,تطبيق بلدي,قيد المعالجة,,,لا
MKC-2026442,2023-02-06,2023-03-04,العتيبية,ترخيص تجاري,طلب ترخيص,تطبيق بلدي,مقبول ومنفذ,26.0,3.0,لا
MKC-2024363,2023-02-06,2023-02-12,الشوقية,شكوى نظافة عامة,شكوى,تطبيق بلدي,مغلق - تم الحل,6.0,4.0,لا
MKC-2026837,2023-02-06,2023-02-13,الرصيفة,تجديد رخصة تجارية,طلب ترخيص,تطبيق بلدي,مقبول ومنفذ,7.0,4.0,لا
MKC-2026175,2023-02-06,2023-02-17,العزيزية,شكوى إنارة شوارع,شكوى,تطبيق بلدي,مغلق - تم الحل,11.0,4.0,لا
MKC-2024385,2023-02-06,2023-02-08,الشرائع,شكوى نظافة عامة,شكوى,المركز الموحد 940,محول لجهة أخرى,2.0,,لا
MKC-2028316,2023-02-06,,بطحاء قريش,شكوى باعة متجولين,شكوى,تطبيق بلدي,قيد المعالجة,,,لا
MKC-2025117,2023-02-06,2023-02-10,النسيم,شكوى نظافة عامة,شكوى,المركز الموحد 940,مغلق - تم الحل,4.0,5.0,لا
MKC-2027473,2023-02-07,2023-02-12,الزاهر,شكوى نظافة عامة,شكوى,تطبيق بلدي,مقبول ومنفذ,5.0,4.0,لا
MKC-2025566,2023-02-07,2023-02-23,العزيزية,ترخيص بناء,طلب ترخيص,تطبيق بلدي,مرفوض,16.0,,لا
MKC-2027440,2023-02-07,2023-02-28,الشوقية,ترخيص تجاري,طلب ترخيص,تطبيق بلدي,مرفوض,21.0,,لا
MKC-2023725,2023-02-07,2023-02-11,الزاهر,شكوى نظافة عامة,شكوى,تطبيق بلدي,مغلق - تم الحل,4.0,4.0,لا
MKC-2028399,2023-02-07,2023-02-12,الهجرة,شكوى إشغال طريق,شكوى,تطبيق بلدي,مغلق - تم الحل,5.0,3.0,لا
MKC-2023619,2023-02-07,2023-02-18,النسيم,شكوى صرف صحي,شكوى,تطبيق بلدي,مغلق - تم الحل,11.0,3.0,لا
MKC-2028323,2023-02-07,2023-02-17,أجياد,شكوى مخالفة بناء,شكوى,تطبيق بلدي,مغلق - تم الحل,10.0,4.0,لا
MKC-2025159,2023-02-08,2023-02-17,الرصيفة,تجديد رخصة تجارية,طلب ترخيص,مكتب خدمة العملاء,محول لجهة أخرى,9.0,,لا
MKC-2025045,2023-02-08,2023-02-10,النسيم,شكوى إنارة شوارع,شكوى,حساب X (تويتر),مغلق - تم الحل,2.0,4.0,لا
MKC-2028885,2023-02-08,2023-02-18,النسيم,شكوى صرف صحي,شكوى,تطبيق بلدي,مغلق - تم الحل,10.0,4.0,لا
MKC-2024939,2023-02-08,2023-02-18,الجميزة,ترخيص بناء,طلب ترخيص,مكتب فرعي بالحي,محول لجهة أخرى,10.0,,لا
MKC-2027275,2023-02-08,2023-02-12,العزيزية,شكوى صرف صحي,شكوى,تطبيق بلدي,محول لجهة أخرى,4.0,,لا
MKC-2023450,2023-02-08,2023-02-11,جرول,شكوى نظافة عامة,شكوى,مكتب فرعي بالحي,مغلق - تم الحل,3.0,5.0,لا
MKC-2028341,2023-02-08,2023-03-04,العزيزية,طلب صيانة حديقة/ملعب,طلب صيانة,المركز الموحد 940,مرفوض,24.0,,لا
MKC-2028125,2023-02-08,2023-02-12,النوارية,شكوى إنارة شوارع,شكوى,مكتب خدمة العملاء,مقبول ومنفذ,4.0,5.0,لا
MKC-2023124,2023-02-08,2023-02-10,بطحاء قريش,شكوى نظافة عامة,شكوى,تطبيق بلدي,مغلق - تم الحل,2.0,4.0,لا
MKC-2023280,2023-02-09,2023-02-15,الشرائع,شكوى نظافة عامة,شكوى,تطبيق بلدي,مقبول ومنفذ,6.0,4.0,لا
MKC-2026133,2023-02-09,,العتيبية,شكوى صرف صحي,شكوى,المركز الموحد 940,قيد المعالجة,,,لا
MKC-2028854,2023-02-09,2023-02-20,الحجون,ترخيص تجاري,طلب ترخيص,تطبيق بلدي,مغلق - تم الحل,11.0,3.0,لا
MKC-2026259,2023-02-09,2023-02-18,المسفلة,شكوى إشغال طريق,شكوى,مكتب خدمة العملاء,مغلق - تم الحل,9.0,3.0,لا
MKC-2027013,2023-02-09,2023-02-21,الهجرة,ترخيص تجاري,طلب ترخيص,تطبيق بلدي,مقبول ومنفذ,12.0,3.0,لا
MKC-2028986,2023-02-09,2023-02-12,العزيزية,شكوى باعة متجولين,شكوى,تطبيق بلدي,مغلق - تم الحل,3.0,5.0,لا
MKC-2025297,2023-02-09,2023-02-13,النسيم,شكوى نظافة عامة,شكوى,تطبيق بلدي,مغلق - تم الحل,4.0,5.0,لا
MKC-2024260,2023-02-10,2023-03-01,الششة,شكوى مخالفة بناء,شكوى,تطبيق بلدي,محول لجهة أخرى,19.0,,لا
MKC-2023027,2023-02-10,2023-03-05,العتيبية,ترخيص تجاري,طلب ترخيص,مكتب خدمة العملاء,مرفوض,23.0,,لا
MKC-2028004,2023-02-10,2023-02-12,جرول,شكوى نظافة عامة,شكوى,مكتب خدمة العملاء,قيد المعالجة,2.0,,لا
MKC-2023554,2023-02-10,,المسفلة,شكوى إشغال طريق,شكوى,المركز الموحد 940,قيد المعالجة,,,لا
MKC-2026594,2023-02-10,2023-02-23,بطحاء قريش,ترخيص لافتات إعلانية,طلب ترخيص,مكتب خدمة العملاء,مقبول ومنفذ,13.0,5.0,لا
MKC-2024389,2023-02-11,2023-02-12,النوارية,شكوى إشغال طريق,شكوى,تطبيق بلدي,محول لجهة أخرى,1.0,,لا
MKC-2028953,2023-02-11,2023-02-21,المسفلة,طلب صيانة حديقة/ملعب,طلب صيانة,المركز الموحد 940,محول لجهة أخرى,10.0,,لا
MKC-2025387,2023-02-11,2023-02-15,العتيبية,شكوى نظافة عامة,شكوى,حساب X (تويتر),مغلق - تم الحل,4.0,4.0,لا
MKC-2025839,2023-02-11,2023-02-14,الجميزة,تجديد رخصة تجارية,طلب ترخيص,مكتب خدمة العملاء,مغلق - تم الحل,3.0,4.0,لا
MKC-2023902,2023-02-11,2023-02-19,الهجرة,شكوى إنارة شوارع,شكوى,مكتب فرعي بالحي,مغلق - تم الحل,8.0,5.0,لا
MKC-2025810,2023-02-11,2023-02-19,الجميزة,شكوى صرف صحي,شكوى,مكتب خدمة العملاء,مغلق - تم الحل,8.0,4.0,لا
MKC-2027458,2023-02-11,2023-02-22,الشوقية,طلب صيانة حديقة/ملعب,طلب صيانة,تطبيق بلدي,مقبول ومنفذ,11.0,4.0,لا
MKC-2023175,2023-02-11,2023-02-28,العزيزية,ترخيص بناء,طلب ترخيص,تطبيق بلدي,مقبول ومنفذ,17.0,5.0,لا
MKC-2027802,2023-02-12,2023-02-14,الرصيفة,شكوى نظافة عامة,شكوى,تطبيق بلدي,مقبول ومنفذ,2.0,3.0,لا
MKC-2028173,2023-02-12,2023-02-14,الزاهر,شكوى نظافة عامة,شكوى,حساب X (تويتر),محول لجهة أخرى,2.0,,لا
MKC-2027681,2023-02-12,2023-02-17,الزاهر,شكوى نظافة عامة,شكوى,مكتب فرعي بالحي,مغلق - تم الحل,5.0,4.0,لا
MKC-2028032,2023-02-12,2023-02-21,العزيزية,شكوى صرف صحي,شكوى,المركز الموحد 940,محول لجهة أخرى,9.0,,لا
MKC-2028929,2023-02-12,2023-02-16,الكعكية,طلب صيانة حديقة/ملعب,طلب صيانة,مكتب خدمة العملاء,مرفوض,4.0,,لا
MKC-2028971,2023-02-12,2023-02-15,العتيبية,تجديد رخصة تجارية,طلب ترخيص,مكتب خدمة العملاء,مقبول ومنفذ,3.0,3.0,لا
MKC-2024925,2023-02-12,2023-02-14,العزيزية,شكوى نظافة عامة,شكوى,مكتب خدمة العملاء,محول لجهة أخرى,2.0,,لا
MKC-2025010,2023-02-13,2023-02-21,العزيزية,شكوى صرف صحي,شكوى,تطبيق بلدي,مغلق - تم الحل,8.0,4.0,لا
MKC-2028610,2023-02-13,2023-02-28,الهجرة,ترخيص تجاري,طلب ترخيص,حساب X (تويتر),مقبول ومنفذ,15.0,5.0,لا
MKC-2026305,2023-02-13,2023-03-05,الجميزة,ترخيص بناء,طلب ترخيص,المركز الموحد 940,مقبول ومنفذ,20.0,3.0,لا
MKC-2026095,2023-02-13,2023-02-20,الجميزة,شكوى إشغال طريق,شكوى,تطبيق بلدي,مغلق - تم الحل,7.0,3.0,لا
MKC-2025384,2023-02-13,2023-02-20,المسفلة,ترخيص لافتات إعلانية,طلب ترخيص,مكتب خدمة العملاء,مرفوض,7.0,,لا
MKC-2026697,2023-02-13,2023-02-16,الجميزة,شكوى نظافة عامة,شكوى,مكتب خدمة العملاء,مغلق - تم الحل,3.0,4.0,لا
MKC-2023762,2023-02-13,2023-02-24,الهجرة,شكوى إنارة شوارع,شكوى,المركز الموحد 940,مغلق - تم الحل,11.0,4.0,لا
MKC-2023758,2023-02-14,2023-02-22,الشوقية,شكوى إشغال طريق,شكوى,مكتب خدمة العملاء,مقبول ومنفذ,8.0,4.0,لا
MKC-2025446,2023-02-14,2023-02-19,العتيبية,شكوى نظافة عامة,شكوى,تطبيق بلدي,مغلق - تم الحل,5.0,4.0,لا
MKC-2028638,2023-02-14,2023-03-06,العزيزية,شكوى مركبات مهملة,شكوى,مكتب فرعي بالحي,محول لجهة أخرى,20.0,,لا
MKC-2026530,2023-02-14,2023-02-17,العتيبية,شكوى إشغال طريق,شكوى,تطبيق بلدي,مقبول ومنفذ,3.0,4.0,لا
MKC-2027540,2023-02-14,2023-03-13,المسفلة,ترخيص تجاري,طلب ترخيص,مكتب فرعي بالحي,مرفوض,27.0,,لا
MKC-2025773,2023-02-14,2023-03-10,جرول,شكوى مخالفة بناء,شكوى,المركز الموحد 940,مرفوض,24.0,,لا
MKC-2023634,2023-02-14,2023-02-22,الزاهر,شكوى إشغال طريق,شكوى,المركز الموحد 940,مرفوض,8.0,,لا
MKC-2023642,2023-02-14,,العتيبية,شكوى إنارة شوارع,شكوى,تطبيق بلدي,قيد المعالجة,,,لا
MKC-2028175,2023-02-14,2023-02-25,الكعكية,شكوى صرف صحي,شكوى,المركز الموحد 940,مغلق - تم الحل,11.0,3.0,لا
MKC-2024441,2023-02-14,2023-02-23,الشرائع,شكوى إنارة شوارع,شكوى,تطبيق بلدي,مغلق - تم الحل,9.0,5.0,لا
MKC-2023987,2023-02-15,2023-02-19,جرول,شكوى باعة متجولين,شكوى,تطبيق بلدي,مغلق - تم الحل,4.0,4.0,لا
MKC-2027737,2023-02-15,2023-02-22,الهجرة,شكوى إنارة شوارع,شكوى,المركز الموحد 940,مغلق - تم الحل,7.0,2.0,لا
MKC-2024205,2023-02-15,2023-02-19,الشوقية,شكوى نظافة عامة,شكوى,تطبيق بلدي,مرفوض,4.0,,لا
MKC-2028265,2023-02-15,2023-02-16,الشوقية,شكوى باعة متجولين,شكوى,مكتب خدمة العملاء,مغلق - تم الحل,1.0,4.0,لا
MKC-2023286,2023-02-15,2023-02-22,الشرائع,شكوى صرف صحي,شكوى,حساب X (تويتر),مغلق - تم الحل,7.0,3.0,لا
MKC-2025475,2023-02-16,2023-02-18,بطحاء قريش,تجديد رخصة تجارية,طلب ترخيص,مكتب خدمة العملاء,مقبول ومنفذ,2.0,4.0,لا
MKC-2023820,2023-02-16,2023-02-28,جرول,شكوى صرف صحي,شكوى,مكتب فرعي بالحي,مغلق - تم الحل,12.0,4.0,لا
MKC-2024485,2023-02-16,2023-02-27,النسيم,شكوى إنارة شوارع,شكوى,تطبيق بلدي,مغلق - تم الحل,11.0,4.0,لا
MKC-2024731,2023-02-16,2023-02-20,الشوقية,شكوى باعة متجولين,شكوى,تطبيق بلدي,محول لجهة أخرى,4.0,,لا
MKC-2024668,2023-02-16,2023-02-20,جرول,تجديد رخصة تجارية,طلب ترخيص,مكتب فرعي بالحي,مرفوض,4.0,,لا
MKC-2023731,2023-02-16,2023-02-27,الشوقية,شكوى صرف صحي,شكوى,المركز الموحد 940,محول لجهة أخرى,11.0,,لا
MKC-2025492,2023-02-16,2023-03-15,النسيم,ترخيص تجاري,طلب ترخيص,مكتب فرعي بالحي,مقبول ومنفذ,27.0,4.0,لا
MKC-2024138,2023-02-17,2023-02-21,الحجون,شكوى باعة متجولين,شكوى,مكتب خدمة العملاء,مغلق - تم الحل,4.0,4.0,لا
MKC-2028206,2023-02-17,2023-02-23,العزيزية,شكوى إشغال طريق,شكوى,مكتب خدمة العملاء,محول لجهة أخرى,6.0,,لا
MKC-2027411,2023-02-17,2023-02-22,الزاهر,شكوى نظافة عامة,شكوى,المركز الموحد 940,محول لجهة أخرى,5.0,,لا
MKC-2023423,2023-02-17,2023-02-20,الششة,شكوى نظافة عامة,شكوى,المركز الموحد 940,محول لجهة أخرى,3.0,,لا
MKC-2023291,2023-02-17,2023-02-22,الشوقية,تجديد رخصة تجارية,طلب ترخيص,مكتب فرعي بالحي,مقبول ومنفذ,5.0,4.0,لا
MKC-2026644,2023-02-17,2023-02-27,النسيم,ترخيص تجاري,طلب ترخيص,المركز الموحد 940,مقبول ومنفذ,10.0,5.0,لا
MKC-2025059,2023-02-17,2023-02-18,أجياد,شكوى إشغال طريق,شكوى,تطبيق بلدي,محول لجهة أخرى,1.0,,لا
MKC-2025361,2023-02-17,2023-03-14,أجياد,ترخيص تجاري,طلب ترخيص,تطبيق بلدي,محول لجهة أخرى,25.0,,لا
MKC-2028083,2023-02-17,2023-03-06,الششة,شكوى مركبات مهملة,شكوى,مكتب خدمة العملاء,مقبول ومنفذ,17.0,3.0,لا
MKC-2027353,2023-02-17,2023-02-20,المسفلة,شكوى نظافة عامة,شكوى,مكتب خدمة العملاء,مغلق - تم الحل,3.0,5.0,لا
MKC-2028759,2023-02-18,2023-02-26,الجميزة,تجديد رخصة تجارية,طلب ترخيص,المركز الموحد 940,مقبول ومنفذ,8.0,4.0,لا
MKC-2024156,2023-02-18,2023-02-28,الهجرة,ترخيص تجاري,طلب ترخيص,مكتب فرعي بالحي,مقبول ومنفذ,10.0,4.0,لا
MKC-2027941,2023-02-18,2023-02-20,الشوقية,شكوى نظافة عامة,شكوى,حساب X (تويتر),محول لجهة أخرى,2.0,,لا
MKC-2026679,2023-02-18,2023-03-17,العزيزية,ترخيص تجاري,طلب ترخيص,حساب X (تويتر),مقبول ومنفذ,27.0,4.0,لا
MKC-2024308,2023-02-18,2023-02-28,النسيم,شكوى مركبات مهملة,شكوى,مكتب خدمة العملاء,مغلق - تم الحل,10.0,5.0,لا
MKC-2023272,2023-02-18,2023-02-20,العتيبية,شكوى إشغال طريق,شكوى,مكتب فرعي بالحي,مغلق - تم الحل,2.0,4.0,لا
MKC-2025505,2023-02-18,2023-02-28,أجياد,شكوى إشغال طريق,شكوى,حساب X (تويتر),مغلق - تم الحل,10.0,3.0,لا
MKC-2027635,2023-02-18,2023-04-03,الهجرة,ترخيص بناء,طلب ترخيص,مكتب خدمة العملاء,مرفوض,44.0,,لا
MKC-2028699,2023-02-19,2023-03-06,الشرائع,طلب صيانة حديقة/ملعب,طلب صيانة,تطبيق بلدي,مقبول ومنفذ,15.0,4.0,لا
MKC-2025822,2023-02-19,2023-03-16,الشوقية,شكوى مخالفة بناء,شكوى,المركز الموحد 940,مغلق - تم الحل,25.0,3.0,لا
MKC-2026413,2023-02-19,2023-02-21,أجياد,شكوى باعة متجولين,شكوى,حساب X (تويتر),مغلق - تم الحل,2.0,4.0,لا
MKC-2028118,2023-02-19,2023-02-22,بطحاء قريش,شكوى إنارة شوارع,شكوى,تطبيق بلدي,محول لجهة أخرى,3.0,,لا
MKC-2028184,2023-02-19,2023-02-22,الزاهر,شكوى باعة متجولين,شكوى,تطبيق بلدي,مغلق - تم الحل,3.0,3.0,لا
MKC-2023448,2023-02-19,2023-02-25,الزاهر,تجديد رخصة تجارية,طلب ترخيص,المركز الموحد 940,مقبول ومنفذ,6.0,5.0,لا
MKC-2024725,2023-02-20,2023-02-24,المسفلة,شكوى إنارة شوارع,شكوى,تطبيق بلدي,محول لجهة أخرى,4.0,,لا
MKC-2028059,2023-02-20,2023-04-04,الكعكية,ترخيص بناء,طلب ترخيص,مكتب خدمة العملاء,مرفوض,43.0,,لا
MKC-2023270,2023-02-20,,جرول,شكوى مخالفة بناء,شكوى,مكتب فرعي بالحي,قيد المعالجة,,,لا
MKC-2024899,2023-02-20,,الكعكية,ترخيص تجاري,طلب ترخيص,المركز الموحد 940,قيد المعالجة,,,لا
MKC-2026976,2023-02-20,2023-03-31,الرصيفة,ترخيص بناء,طلب ترخيص,تطبيق بلدي,محول لجهة أخرى,39.0,,لا
MKC-2028136,2023-02-20,2023-02-23,النسيم,تجديد رخصة تجارية,طلب ترخيص,تطبيق بلدي,مقبول ومنفذ,3.0,5.0,لا
MKC-2028464,2023-02-20,2023-03-13,بطحاء قريش,ترخيص تجاري,طلب ترخيص,المركز الموحد 940,محول لجهة أخرى,21.0,,لا
MKC-2024243,2023-02-20,2023-03-02,الشوقية,تجديد رخصة تجارية,طلب ترخيص,مكتب فرعي بالحي,مقبول ومنفذ,10.0,5.0,لا
MKC-2023512,2023-02-20,2023-03-02,الزاهر,شكوى إشغال طريق,شكوى,مكتب خدمة العملاء,محول لجهة أخرى,10.0,,لا
MKC-2025350,2023-02-21,2023-03-06,العزيزية,ترخيص لافتات إعلانية,طلب ترخيص,المركز الموحد 940,مقبول ومنفذ,13.0,4.0,لا
MKC-2026137,2023-02-21,2023-03-10,النسيم,شكوى مخالفة بناء,شكوى,مكتب خدمة العملاء,مغلق - تم الحل,17.0,5.0,لا
MKC-2026157,2023-02-22,2023-03-07,النسيم,شكوى مخالفة بناء,شكوى,تطبيق بلدي,مرفوض,13.0,,لا
MKC-2026418,2023-02-22,2023-03-01,الهجرة,شكوى إنارة شوارع,شكوى,تطبيق بلدي,مغلق - تم الحل,7.0,4.0,لا
MKC-2025907,2023-02-22,2023-03-02,الزاهر,شكوى إشغال طريق,شكوى,المركز الموحد 940,مغلق - تم الحل,8.0,4.0,لا
MKC-2026184,2023-02-22,2023-03-17,الششة,شكوى مخالفة بناء,شكوى,مكتب خدمة العملاء,محول لجهة أخرى,23.0,,لا
MKC-2028606,2023-02-22,2023-03-13,العزيزية,طلب صيانة حديقة/ملعب,طلب صيانة,تطبيق بلدي,مقبول ومنفذ,19.0,3.0,لا
MKC-2028946,2023-02-22,2023-03-11,العزيزية,ترخيص بناء,طلب ترخيص,تطبيق بلدي,مرفوض,17.0,,لا
MKC-2028708,2023-02-22,2023-03-03,الشوقية,ترخيص تجاري,طلب ترخيص,مكتب فرعي بالحي,مقبول ومنفذ,9.0,5.0,لا
MKC-2023428,2023-02-22,2023-03-02,أجياد,تجديد رخصة تجارية,طلب ترخيص,تطبيق بلدي,مقبول ومنفذ,8.0,4.0,لا
MKC-2026659,2023-02-22,2023-03-08,الشوقية,شكوى مركبات مهملة,شكوى,تطبيق بلدي,مغلق - تم الحل,14.0,4.0,لا
MKC-2028628,2023-02-23,2023-03-11,الشرائع,طلب صيانة حديقة/ملعب,طلب صيانة,مكتب خدمة العملاء,مقبول ومنفذ,16.0,4.0,لا
MKC-2025193,2023-02-23,2023-02-24,بطحاء قريش,شكوى نظافة عامة,شكوى,مكتب خدمة العملاء,مغلق - تم الحل,1.0,4.0,لا
MKC-2027326,2023-02-23,,الكعكية,شكوى مخالفة بناء,شكوى,مكتب خدمة العملاء,قيد المعالجة,,,لا
MKC-2025258,2023-02-23,2023-03-07,الششة,شكوى إنارة شوارع,شكوى,مكتب خدمة العملاء,مغلق - تم الحل,12.0,4.0,لا
MKC-2026764,2023-02-23,2023-02-25,الحجون,شكوى صرف صحي,شكوى,تطبيق بلدي,محول لجهة أخرى,2.0,,لا
MKC-2027323,2023-02-23,2023-04-04,أجياد,ترخيص بناء,طلب ترخيص,مكتب خدمة العملاء,محول لجهة أخرى,40.0,,لا
MKC-2024591,2023-02-23,2023-03-05,أجياد,تجديد رخصة تجارية,طلب ترخيص,مكتب فرعي بالحي,محول لجهة أخرى,10.0,,لا
MKC-2023074,2023-02-23,2023-03-05,العتيبية,تجديد رخصة تجارية,طلب ترخيص,تطبيق بلدي,مغلق - تم الحل,10.0,3.0,لا
MKC-2023567,2023-02-23,2023-03-12,النسيم,طلب صيانة حديقة/ملعب,طلب صيانة,تطبيق بلدي,مقبول ومنفذ,17.0,5.0,لا
MKC-2025924,2023-02-24,2023-03-07,أجياد,ترخيص لافتات إعلانية,طلب ترخيص,مكتب خدمة العملاء,مغلق - تم الحل,11.0,3.0,لا
MKC-2024229,2023-02-24,2023-02-28,النسيم,شكوى مخالفة بناء,شكوى,تطبيق بلدي,مغلق - تم الحل,4.0,4.0,لا
MKC-2024393,2023-02-24,2023-02-25,الرصيفة,شكوى إنارة شوارع,شكوى,تطبيق بلدي,مرفوض,1.0,,لا
MKC-2025986,2023-02-25,2023-03-16,العتيبية,ترخيص بناء,طلب ترخيص,مكتب فرعي بالحي,مقبول ومنفذ,19.0,4.0,لا
MKC-2026704,2023-02-25,2023-03-11,الشوقية,طلب صيانة حديقة/ملعب,طلب صيانة,تطبيق بلدي,مرفوض,14.0,,لا
MKC-2025241,2023-02-25,,الشوقية,ترخيص بناء,طلب ترخيص,تطبيق بلدي,قيد المعالجة,,,لا
MKC-2024490,2023-02-25,2023-02-28,بطحاء قريش,طلب صيانة حديقة/ملعب,طلب صيانة,حساب X (تويتر),مقبول ومنفذ,3.0,4.0,لا
MKC-2023734,2023-02-25,2023-03-20,الحجون,شكوى مخالفة بناء,شكوى,تطبيق بلدي,مقبول ومنفذ,23.0,3.0,لا
MKC-2028899,2023-02-25,2023-03-05,الكعكية,شكوى إنارة شوارع,شكوى,حساب X (تويتر),مرفوض,8.0,,لا
MKC-2026813,2023-02-26,2023-03-25,الشوقية,شكوى مخالفة بناء,شكوى,تطبيق بلدي,مغلق - تم الحل,27.0,3.0,لا
MKC-2028251,2023-02-26,2023-03-11,الكعكية,طلب صيانة حديقة/ملعب,طلب صيانة,تطبيق بلدي,مقبول ومنفذ,13.0,5.0,لا
MKC-2027207,2023-02-26,2023-03-31,الجميزة,ترخيص بناء,طلب ترخيص,حساب X (تويتر),مرفوض,33.0,,لا
MKC-2025802,2023-02-26,2023-03-01,الششة,ترخيص لافتات إعلانية,طلب ترخيص,تطبيق بلدي,مرفوض,3.0,,لا
MKC-2024000,2023-02-26,2023-03-19,النسيم,ترخيص بناء,طلب ترخيص,مكتب خدمة العملاء,محول لجهة أخرى,21.0,,لا
MKC-2026306,2023-02-26,2023-03-03,الزاهر,شكوى صرف صحي,شكوى,تطبيق بلدي,مغلق - تم الحل,5.0,5.0,لا
MKC-2026635,2023-02-26,2023-03-03,الششة,شكوى نظافة عامة,شكوى,مكتب خدمة العملاء,مقبول ومنفذ,5.0,5.0,لا
MKC-2028471,2023-02-27,2023-03-02,العزيزية,شكوى صرف صحي,شكوى,مكتب خدمة العملاء,مرفوض,3.0,,لا
MKC-2026207,2023-02-27,2023-03-08,الحجون,شكوى صرف صحي,شكوى,تطبيق بلدي,مغلق - تم الحل,9.0,5.0,لا
MKC-2024443,2023-02-27,2023-03-17,أجياد,طلب صيانة حديقة/ملعب,طلب صيانة,حساب X (تويتر),مقبول ومنفذ,18.0,4.0,لا
MKC-2024401,2023-02-27,2023-03-08,جرول,شكوى إنارة شوارع,شكوى,تطبيق بلدي,محول لجهة أخرى,9.0,,لا
MKC-2028702,2023-02-27,2023-03-07,العزيزية,شكوى صرف صحي,شكوى,تطبيق بلدي,مرفوض,8.0,,لا
MKC-2028154,2023-02-27,2023-03-06,الرصيفة,شكوى إنارة شوارع,شكوى,تطبيق بلدي,قيد المعالجة,7.0,,لا
MKC-2028808,2023-02-27,2023-03-06,الششة,شكوى إنارة شوارع,شكوى,مكتب فرعي بالحي,محول لجهة أخرى,7.0,,لا
MKC-2026031,2023-02-28,2023-03-06,الرصيفة,شكوى صرف صحي,شكوى,تطبيق بلدي,مغلق - تم الحل,6.0,2.0,لا
MKC-2028459,2023-02-28,2023-04-13,الششة,ترخيص بناء,طلب ترخيص,مكتب خدمة العملاء,مرفوض,44.0,,لا
MKC-2026315,2023-02-28,2023-03-08,الكعكية,شكوى مركبات مهملة,شكوى,تطبيق بلدي,مغلق - تم الحل,8.0,4.0,لا
MKC-2028551,2023-02-28,2023-03-06,الكعكية,ترخيص لافتات إعلانية,طلب ترخيص,تطبيق بلدي,مرفوض,6.0,,لا
MKC-2025847,2023-02-28,2023-03-09,النسيم,طلب صيانة حديقة/ملعب,طلب صيانة,مكتب فرعي بالحي,مقبول ومنفذ,9.0,4.0,لا
MKC-2026143,2023-02-28,,بطحاء قريش,شكوى نظافة عامة,شكوى,مكتب خدمة العملاء,قيد المعالجة,,,لا
MKC-2028721,2023-02-28,2023-04-12,النوارية,ترخيص بناء,طلب ترخيص,مكتب فرعي بالحي,مقبول ومنفذ,43.0,3.0,لا
MKC-2023017,2023-02-28,,الششة,ترخيص تجاري,طلب ترخيص,حساب X (تويتر),قيد المعالجة,,,لا
MKC-2027758,2023-03-01,2023-03-29,النسيم,شكوى مخالفة بناء,شكوى,حساب X (تويتر),مغلق - تم الحل,28.0,2.0,لا
MKC-2027291,2023-03-01,2023-03-04,العزيزية,شكوى نظافة عامة,شكوى,تطبيق بلدي,محول لجهة أخرى,3.0,,لا
MKC-2024898,2023-03-01,2023-03-11,الكعكية,ترخيص لافتات إعلانية,طلب ترخيص,حساب X (تويتر),مقبول ومنفذ,10.0,3.0,لا
MKC-2023727,2023-03-01,2023-03-04,أجياد,شكوى صرف صحي,شكوى,المركز الموحد 940,محول لجهة أخرى,3.0,,لا
MKC-2023258,2023-03-02,2023-03-23,الرصيفة,ترخيص تجاري,طلب ترخيص,تطبيق بلدي,مقبول ومنفذ,21.0,4.0,لا
MKC-2025345,2023-03-02,2023-03-04,الكعكية,شكوى باعة متجولين,شكوى,المركز الموحد 940,محول لجهة أخرى,2.0,,لا
MKC-2025984,2023-03-02,2023-03-11,بطحاء قريش,ترخيص لافتات إعلانية,طلب ترخيص,مكتب خدمة العملاء,مقبول ومنفذ,9.0,3.0,لا
MKC-2024219,2023-03-02,2023-03-10,الشوقية,ترخيص تجاري,طلب ترخيص,مكتب خدمة العملاء,محول لجهة أخرى,8.0,,لا
MKC-2025418,2023-03-03,2023-03-04,العتيبية,شكوى نظافة عامة,شكوى,تطبيق بلدي,مقبول ومنفذ,1.0,4.0,لا
MKC-2027332,2023-03-03,2023-03-19,العزيزية,طلب صيانة حديقة/ملعب,طلب صيانة,المركز الموحد 940,مقبول ومنفذ,16.0,3.0,لا
MKC-2028601,2023-03-03,2023-03-08,بطحاء قريش,تجديد رخصة تجارية,طلب ترخيص,مكتب خدمة العملاء,مقبول ومنفذ,5.0,4.0,لا
MKC-2025321,2023-03-03,2023-03-06,الششة,شكوى إشغال طريق,شكوى,مكتب خدمة العملاء,محول لجهة أخرى,3.0,,لا
MKC-2027234,2023-03-03,2023-03-06,الجميزة,تجديد رخصة تجارية,طلب ترخيص,تطبيق بلدي,مرفوض,3.0,,لا
MKC-2028745,2023-03-03,2023-03-15,العتيبية,ترخيص بناء,طلب ترخيص,المركز الموحد 940,مقبول ومنفذ,12.0,4.0,لا
MKC-2023680,2023-03-03,2023-03-06,الجميزة,شكوى باعة متجولين,شكوى,تطبيق بلدي,مغلق - تم الحل,3.0,3.0,لا
MKC-2024155,2023-03-03,2023-03-27,جرول,طلب صيانة حديقة/ملعب,طلب صيانة,حساب X (تويتر),مقبول ومنفذ,24.0,3.0,لا
MKC-2025227,2023-03-03,2023-03-07,الكعكية,تجديد رخصة تجارية,طلب ترخيص,مكتب خدمة العملاء,مقبول ومنفذ,4.0,4.0,لا
MKC-2024481,2023-03-03,2023-03-17,العتيبية,ترخيص لافتات إعلانية,طلب ترخيص,مكتب فرعي بالحي,مقبول ومنفذ,14.0,3.0,لا
MKC-2025196,2023-03-03,2023-03-06,العتيبية,شكوى نظافة عامة,شكوى,المركز الموحد 940,مغلق - تم الحل,3.0,4.0,لا
MKC-2027351,2023-03-04,2023-03-12,بطحاء قريش,شكوى مركبات مهملة,شكوى,المركز الموحد 940,مغلق - تم الحل,8.0,5.0,لا
MKC-2028619,2023-03-04,2023-04-01,النوارية,شكوى مخالفة بناء,شكوى,تطبيق بلدي,محول لجهة أخرى,28.0,,لا
MKC-2028722,2023-03-04,2023-03-08,الكعكية,شكوى نظافة عامة,شكوى,مكتب خدمة العملاء,مغلق - تم الحل,4.0,4.0,لا
MKC-2026400,2023-03-04,2023-03-11,الحجون,ترخيص لافتات إعلانية,طلب ترخيص,تطبيق بلدي,مقبول ومنفذ,7.0,3.0,لا
MKC-2025426,2023-03-04,2023-03-12,الزاهر,تجديد رخصة تجارية,طلب ترخيص,تطبيق بلدي,مرفوض,8.0,,لا
MKC-2027188,2023-03-05,2023-03-07,الشرائع,شكوى نظافة عامة,شكوى,مكتب خدمة العملاء,محول لجهة أخرى,2.0,,لا
MKC-2025339,2023-03-05,2023-03-12,النسيم,شكوى نظافة عامة,شكوى,تطبيق بلدي,محول لجهة أخرى,7.0,,لا
MKC-2028686,2023-03-05,,الكعكية,شكوى إنارة شوارع,شكوى,تطبيق بلدي,قيد المعالجة,,,لا
MKC-2025341,2023-03-05,2023-03-11,الرصيفة,طلب صيانة حديقة/ملعب,طلب صيانة,حساب X (تويتر),مقبول ومنفذ,6.0,5.0,لا
MKC-2024115,2023-03-05,,بطحاء قريش,ترخيص بناء,طلب ترخيص,تطبيق بلدي,قيد المعالجة,,,لا
MKC-2028345,2023-03-05,2023-03-10,أجياد,ترخيص لافتات إعلانية,طلب ترخيص,مكتب فرعي بالحي,مقبول ومنفذ,5.0,4.0,لا
MKC-2026954,2023-03-05,2023-04-14,بطحاء قريش,ترخيص بناء,طلب ترخيص,مكتب فرعي بالحي,مقبول ومنفذ,40.0,3.0,لا
MKC-2024534,2023-03-05,2023-03-09,أجياد,شكوى باعة متجولين,شكوى,مكتب فرعي بالحي,مغلق - تم الحل,4.0,5.0,لا
MKC-2027971,2023-03-06,2023-04-01,الشرائع,ترخيص تجاري,طلب ترخيص,حساب X (تويتر),مقبول ومنفذ,26.0,4.0,لا
MKC-2027255,2023-03-06,2023-03-18,الشرائع,شكوى مركبات مهملة,شكوى,حساب X (تويتر),قيد المعالجة,12.0,,لا
MKC-2026156,2023-03-06,2023-03-12,النسيم,شكوى نظافة عامة,شكوى,تطبيق بلدي,محول لجهة أخرى,6.0,,لا
MKC-2027335,2023-03-06,2023-03-15,الششة,طلب صيانة حديقة/ملعب,طلب صيانة,تطبيق بلدي,مقبول ومنفذ,9.0,5.0,لا
MKC-2027724,2023-03-06,2023-03-09,النسيم,شكوى نظافة عامة,شكوى,تطبيق بلدي,مغلق - تم الحل,3.0,5.0,لا
MKC-2025667,2023-03-06,2023-03-11,الجميزة,شكوى نظافة عامة,شكوى,المركز الموحد 940,محول لجهة أخرى,5.0,,لا
MKC-2027550,2023-03-06,2023-03-15,النسيم,شكوى صرف صحي,شكوى,مكتب خدمة العملاء,محول لجهة أخرى,9.0,,لا
MKC-2025389,2023-03-07,2023-03-13,الزاهر,طلب صيانة حديقة/ملعب,طلب صيانة,المركز الموحد 940,مقبول ومنفذ,6.0,3.0,لا
MKC-2026309,2023-03-07,2023-03-10,الزاهر,شكوى باعة متجولين,شكوى,حساب X (تويتر),مقبول ومنفذ,3.0,4.0,لا
MKC-2028633,2023-03-07,2023-03-12,الششة,شكوى باعة متجولين,شكوى,مكتب خدمة العملاء,محول لجهة أخرى,5.0,,لا
MKC-2027157,2023-03-07,2023-04-03,الشرائع,ترخيص تجاري,طلب ترخيص,تطبيق بلدي,مقبول ومنفذ,27.0,3.0,لا
MKC-2026985,2023-03-07,2023-03-15,العزيزية,تجديد رخصة تجارية,طلب ترخيص,مكتب فرعي بالحي,مقبول ومنفذ,8.0,4.0,لا
MKC-2024765,2023-03-07,2023-03-16,الشوقية,ترخيص لافتات إعلانية,طلب ترخيص,مكتب فرعي بالحي,مرفوض,9.0,,لا
MKC-2027217,2023-03-07,2023-03-18,الكعكية,ترخيص تجاري,طلب ترخيص,تطبيق بلدي,مرفوض,11.0,,لا
MKC-2023916,2023-03-07,2023-03-10,العزيزية,تجديد رخصة تجارية,طلب ترخيص,تطبيق بلدي,محول لجهة أخرى,3.0,,لا
MKC-2027744,2023-03-07,2023-03-18,المسفلة,شكوى صرف صحي,شكوى,مكتب خدمة العملاء,مغلق - تم الحل,11.0,4.0,لا
MKC-2024993,2023-03-07,2023-04-01,الكعكية,ترخيص بناء,طلب ترخيص,المركز الموحد 940,مقبول ومنفذ,25.0,3.0,لا
MKC-2024907,2023-03-07,2023-04-09,العتيبية,ترخيص بناء,طلب ترخيص,تطبيق بلدي,محول لجهة أخرى,33.0,,لا
MKC-2026262,2023-03-07,2023-03-14,النسيم,شكوى إنارة شوارع,شكوى,تطبيق بلدي,مغلق - تم الحل,7.0,4.0,لا
MKC-2023510,2023-03-07,2023-03-09,المسفلة,شكوى نظافة عامة,شكوى,تطبيق بلدي,مقبول ومنفذ,2.0,4.0,لا
MKC-2024825,2023-03-07,2023-03-20,العتيبية,ترخيص تجاري,طلب ترخيص,حساب X (تويتر),مرفوض,13.0,,لا
MKC-2025764,2023-03-08,2023-03-09,الشوقية,شكوى نظافة عامة,شكوى,مكتب خدمة العملاء,مغلق - تم الحل,1.0,5.0,لا
MKC-2028208,2023-03-08,2023-03-17,العزيزية,طلب صيانة حديقة/ملعب,طلب صيانة,تطبيق بلدي,مرفوض,9.0,,لا
MKC-2028209,2023-03-08,2023-03-15,الجميزة,شكوى نظافة عامة,شكوى,تطبيق بلدي,مرفوض,7.0,,لا
MKC-2026940,2023-03-08,2023-04-19,الكعكية,ترخيص بناء,طلب ترخيص,حساب X (تويتر),مقبول ومنفذ,42.0,1.0,لا
MKC-2027836,2023-03-09,2023-03-26,الكعكية,شكوى مخالفة بناء,شكوى,تطبيق بلدي,مقبول ومنفذ,17.0,4.0,لا
MKC-2024767,2023-03-09,2023-03-26,الزاهر,شكوى مركبات مهملة,شكوى,حساب X (تويتر),مرفوض,17.0,,لا
MKC-2024806,2023-03-09,2023-03-28,العزيزية,ترخيص بناء,طلب ترخيص,المركز الموحد 940,مرفوض,19.0,,لا
MKC-2027088,2023-03-09,,الكعكية,شكوى نظافة عامة,شكوى,تطبيق بلدي,قيد المعالجة,,,لا
MKC-2026579,2023-03-09,2023-03-13,جرول,شكوى نظافة عامة,شكوى,تطبيق بلدي,مغلق - تم الحل,4.0,2.0,لا
MKC-2027775,2023-03-10,2023-03-23,الزاهر,ترخيص بناء,طلب ترخيص,تطبيق بلدي,مرفوض,13.0,,لا
MKC-2024965,2023-03-10,2023-03-19,الحجون,تجديد رخصة تجارية,طلب ترخيص,حساب X (تويتر),مقبول ومنفذ,9.0,5.0,لا
MKC-2027292,2023-03-10,2023-03-11,العتيبية,شكوى نظافة عامة,شكوى,تطبيق بلدي,محول لجهة أخرى,1.0,,لا
MKC-2026396,2023-03-10,2023-04-10,جرول,ترخيص بناء,طلب ترخيص,تطبيق بلدي,مغلق - تم الحل,31.0,3.0,لا
MKC-2027579,2023-03-10,2023-03-12,النسيم,شكوى باعة متجولين,شكوى,المركز الموحد 940,مغلق - تم الحل,2.0,4.0,لا
MKC-2028811,2023-03-10,2023-03-13,الكعكية,شكوى إشغال طريق,شكوى,حساب X (تويتر),محول لجهة أخرى,3.0,,لا
MKC-2028957,2023-03-10,2023-04-13,النسيم,ترخيص بناء,طلب ترخيص,حساب X (تويتر),قيد المعالجة,34.0,,لا
MKC-2025791,2023-03-10,2023-03-14,أجياد,شكوى إنارة شوارع,شكوى,تطبيق بلدي,محول لجهة أخرى,4.0,,لا
MKC-2026974,2023-03-11,,النسيم,شكوى نظافة عامة,شكوى,مكتب فرعي بالحي,قيد المعالجة,,,لا
MKC-2026434,2023-03-11,2023-03-15,الكعكية,شكوى إنارة شوارع,شكوى,مكتب فرعي بالحي,محول لجهة أخرى,4.0,,لا
MKC-2024427,2023-03-12,2023-03-17,الرصيفة,شكوى نظافة عامة,شكوى,تطبيق بلدي,مغلق - تم الحل,5.0,4.0,لا
MKC-2027678,2023-03-12,2023-03-23,النسيم,شكوى صرف صحي,شكوى,تطبيق بلدي,محول لجهة أخرى,11.0,,لا
MKC-2028361,2023-03-12,2023-03-26,الرصيفة,ترخيص تجاري,طلب ترخيص,تطبيق بلدي,مقبول ومنفذ,14.0,3.0,لا
MKC-2026168,2023-03-12,2023-03-15,المسفلة,شكوى باعة متجولين,شكوى,تطبيق بلدي,محول لجهة أخرى,3.0,,لا
MKC-2025582,2023-03-12,2023-04-21,النسيم,ترخيص بناء,طلب ترخيص,تطبيق بلدي,مقبول ومنفذ,40.0,3.0,لا
MKC-2024789,2023-03-13,2023-03-20,المسفلة,شكوى نظافة عامة,شكوى,مكتب فرعي بالحي,مغلق - تم الحل,7.0,5.0,لا
MKC-2026777,2023-03-13,2023-03-25,العزيزية,شكوى مخالفة بناء,شكوى,تطبيق بلدي,مغلق - تم الحل,12.0,5.0,لا
MKC-2024957,2023-03-13,2023-03-15,الشوقية,شكوى نظافة عامة,شكوى,المركز الموحد 940,مغلق - تم الحل,2.0,4.0,لا
MKC-2023793,2023-03-13,,الشرائع,شكوى نظافة عامة,شكوى,تطبيق بلدي,قيد المعالجة,,,لا
MKC-2026008,2023-03-14,2023-03-17,جرول,تجديد رخصة تجارية,طلب ترخيص,تطبيق بلدي,مقبول ومنفذ,3.0,4.0,لا
MKC-2026260,2023-03-14,2023-03-18,الهجرة,شكوى نظافة عامة,شكوى,المركز الموحد 940,مرفوض,4.0,,لا
MKC-2027577,2023-03-14,2023-03-18,النسيم,شكوى إشغال طريق,شكوى,المركز الموحد 940,مغلق - تم الحل,4.0,3.0,لا
MKC-2025311,2023-03-14,2023-03-19,المسفلة,شكوى نظافة عامة,شكوى,تطبيق بلدي,محول لجهة أخرى,5.0,,لا
MKC-2027190,2023-03-15,,الحجون,ترخيص بناء,طلب ترخيص,تطبيق بلدي,قيد المعالجة,,,لا
MKC-2023547,2023-03-15,2023-03-17,النوارية,شكوى إشغال طريق,شكوى,مكتب خدمة العملاء,مرفوض,2.0,,لا
MKC-2026992,2023-03-15,2023-03-25,العزيزية,ترخيص لافتات إعلانية,طلب ترخيص,تطبيق بلدي,مقبول ومنفذ,10.0,4.0,لا
MKC-2024375,2023-03-15,2023-03-19,المسفلة,شكوى إشغال طريق,شكوى,المركز الموحد 940,مغلق - تم الحل,4.0,5.0,لا
MKC-2026185,2023-03-15,2023-03-19,النسيم,طلب صيانة حديقة/ملعب,طلب صيانة,المركز الموحد 940,مقبول ومنفذ,4.0,5.0,لا
MKC-2025753,2023-03-15,2023-03-20,جرول,شكوى مركبات مهملة,شكوى,حساب X (تويتر),محول لجهة أخرى,5.0,,لا
MKC-2025323,2023-03-15,2023-04-14,بطحاء قريش,ترخيص تجاري,طلب ترخيص,حساب X (تويتر),مقبول ومنفذ,30.0,4.0,لا
MKC-2028760,2023-03-15,2023-03-18,النسيم,ترخيص لافتات إعلانية,طلب ترخيص,تطبيق بلدي,محول لجهة أخرى,3.0,,لا
MKC-2028647,2023-03-16,2023-03-18,الزاهر,شكوى نظافة عامة,شكوى,مكتب خدمة العملاء,مغلق - تم الحل,2.0,4.0,لا
MKC-2027777,2023-03-16,2023-03-18,العزيزية,شكوى نظافة عامة,شكوى,مكتب فرعي بالحي,مرفوض,2.0,,لا
MKC-2026859,2023-03-16,2023-03-18,الهجرة,شكوى باعة متجولين,شكوى,حساب X (تويتر),مغلق - تم الحل,2.0,4.0,لا
MKC-2024566,2023-03-16,,المسفلة,شكوى صرف صحي,شكوى,المركز الموحد 940,قيد المعالجة,,,لا
MKC-2023139,2023-03-17,2023-04-09,جرول,ترخيص تجاري,طلب ترخيص,مكتب خدمة العملاء,محول لجهة أخرى,23.0,,لا
MKC-2026655,2023-03-17,2023-03-24,الزاهر,شكوى إشغال طريق,شكوى,مكتب فرعي بالحي,مغلق - تم الحل,7.0,4.0,لا
MKC-2025630,2023-03-17,2023-03-18,الهجرة,شكوى إشغال طريق,شكوى,تطبيق بلدي,مقبول ومنفذ,1.0,5.0,لا
MKC-2026096,2023-03-18,2023-03-23,النسيم,شكوى إشغال طريق,شكوى,تطبيق بلدي,مغلق - تم الحل,5.0,3.0,لا
MKC-2023560,2023-03-18,,العزيزية,شكوى مخالفة بناء,شكوى,تطبيق بلدي,قيد المعالجة,,,لا
MKC-2027663,2023-03-18,2023-03-20,المسفلة,شكوى نظافة عامة,شكوى,تطبيق بلدي,مغلق - تم الحل,2.0,4.0,لا
MKC-2026780,2023-03-19,2023-03-22,بطحاء قريش,تجديد رخصة تجارية,طلب ترخيص,مكتب فرعي بالحي,مغلق - تم الحل,3.0,5.0,لا
MKC-2027290,2023-03-19,2023-03-22,بطحاء قريش,طلب صيانة حديقة/ملعب,طلب صيانة,مكتب خدمة العملاء,مرفوض,3.0,,لا
MKC-2023338,2023-03-19,2023-04-10,الهجرة,ترخيص تجاري,طلب ترخيص,المركز الموحد 940,محول لجهة أخرى,22.0,,لا
MKC-2026004,2023-03-19,2023-03-25,المسفلة,شكوى صرف صحي,شكوى,المركز الموحد 940,مغلق - تم الحل,6.0,4.0,لا
MKC-2028889,2023-03-19,2023-03-22,النسيم,شكوى إشغال طريق,شكوى,تطبيق بلدي,مقبول ومنفذ,3.0,4.0,لا
MKC-2023122,2023-03-19,2023-03-23,النسيم,تجديد رخصة تجارية,طلب ترخيص,تطبيق بلدي,مقبول ومنفذ,4.0,5.0,لا
MKC-2027520,2023-03-19,2023-03-24,الكعكية,شكوى باعة متجولين,شكوى,تطبيق بلدي,محول لجهة أخرى,5.0,,لا
MKC-2026750,2023-03-19,2023-03-20,النسيم,شكوى صرف صحي,شكوى,مكتب خدمة العملاء,محول لجهة أخرى,1.0,,لا
MKC-2023663,2023-03-19,2023-03-22,بطحاء قريش,شكوى إشغال طريق,شكوى,مكتب فرعي بالحي,مغلق - تم الحل,3.0,4.0,لا
MKC-2023627,2023-03-19,2023-03-20,العزيزية,شكوى صرف صحي,شكوى,تطبيق بلدي,مقبول ومنفذ,1.0,2.0,لا
MKC-2024182,2023-03-20,2023-03-23,الزاهر,شكوى باعة متجولين,شكوى,المركز الموحد 940,مقبول ومنفذ,3.0,4.0,نعم
MKC-2028754,2023-03-20,2023-04-16,الهجرة,ترخيص لافتات إعلانية,طلب ترخيص,المركز الموحد 940,مقبول ومنفذ,27.0,4.0,نعم
MKC-2028151,2023-03-20,2023-03-26,أجياد,ترخيص لافتات إعلانية,طلب ترخيص,حساب X (تويتر),مرفوض,6.0,,نعم
MKC-2027706,2023-03-20,2023-04-24,الرصيفة,ترخيص بناء,طلب ترخيص,مكتب خدمة العملاء,مقبول ومنفذ,35.0,5.0,نعم
MKC-2023097,2023-03-20,2023-04-05,الرصيفة,شكوى إنارة شوارع,شكوى,حساب X (تويتر),مغلق - تم الحل,16.0,4.0,نعم
MKC-2024809,2023-03-20,2023-04-02,بطحاء قريش,شكوى إنارة شوارع,شكوى,حساب X (تويتر),مغلق - تم الحل,13.0,4.0,نعم
MKC-2026426,2023-03-20,2023-03-25,النسيم,شكوى إنارة شوارع,شكوى,تطبيق بلدي,قيد المعالجة,5.0,,نعم
MKC-2025215,2023-03-20,2023-04-02,الزاهر,تجديد رخصة تجارية,طلب ترخيص,تطبيق بلدي,مرفوض,13.0,,نعم
MKC-2027854,2023-03-20,2023-03-23,العتيبية,شكوى إشغال طريق,شكوى,مكتب خدمة العملاء,محول لجهة أخرى,3.0,,نعم
MKC-2028386,2023-03-20,2023-03-29,العزيزية,شكوى نظافة عامة,شكوى,تطبيق بلدي,مغلق - تم الحل,9.0,4.0,نعم
MKC-2026593,2023-03-20,2023-04-20,العزيزية,طلب صيانة حديقة/ملعب,طلب صيانة,مكتب فرعي بالحي,مقبول ومنفذ,31.0,2.0,نعم
MKC-2025937,2023-03-20,2023-04-21,الششة,شكوى مخالفة بناء,شكوى,تطبيق بلدي,مغلق - تم الحل,32.0,3.0,نعم
MKC-2023363,2023-03-20,2023-03-29,الشرائع,شكوى نظافة عامة,شكوى,المركز الموحد 940,مغلق - تم الحل,9.0,2.0,نعم
MKC-2026318,2023-03-20,2023-03-31,الكعكية,شكوى نظافة عامة,شكوى,مكتب فرعي بالحي,مغلق - تم الحل,11.0,4.0,نعم
MKC-2027018,2023-03-20,2023-04-09,الرصيفة,طلب صيانة حديقة/ملعب,طلب صيانة,المركز الموحد 940,مرفوض,20.0,,نعم
MKC-2026980,2023-03-20,2023-04-04,الكعكية,ترخيص لافتات إعلانية,طلب ترخيص,مكتب خدمة العملاء,مرفوض,15.0,,نعم
MKC-2028779,2023-03-20,2023-04-13,الزاهر,ترخيص تجاري,طلب ترخيص,تطبيق بلدي,مقبول ومنفذ,24.0,3.0,نعم
MKC-2028320,2023-03-20,2023-03-28,العزيزية,شكوى نظافة عامة,شكوى,المركز الموحد 940,مغلق - تم الحل,8.0,2.0,نعم
MKC-2025596,2023-03-21,2023-03-27,الرصيفة,شكوى نظافة عامة,شكوى,مكتب خدمة العملاء,مغلق - تم الحل,6.0,4.0,نعم
MKC-2025462,2023-03-21,2023-04-04,الشوقية,تجديد رخصة تجارية,طلب ترخيص,تطبيق بلدي,مقبول ومنفذ,14.0,4.0,نعم
MKC-2023085,2023-03-21,2023-03-24,العزيزية,شكوى نظافة عامة,شكوى,تطبيق بلدي,قيد المعالجة,3.0,,نعم
MKC-2026965,2023-03-21,2023-03-26,الشوقية,تجديد رخصة تجارية,طلب ترخيص,المركز الموحد 940,محول لجهة أخرى,5.0,,نعم
MKC-2025348,2023-03-21,2023-03-30,العزيزية,ترخيص لافتات إعلانية,طلب ترخيص,مكتب خدمة العملاء,محول لجهة أخرى,9.0,,نعم
MKC-2025128,2023-03-21,2023-03-28,الشرائع,شكوى إنارة شوارع,شكوى,حساب X (تويتر),مغلق - تم الحل,7.0,5.0,نعم
MKC-2025895,2023-03-21,2023-04-16,الهجرة,شكوى مركبات مهملة,شكوى,تطبيق بلدي,محول لجهة أخرى,26.0,,نعم
MKC-2025063,2023-03-21,2023-03-23,الهجرة,شكوى إشغال طريق,شكوى,مكتب خدمة العملاء,مغلق - تم الحل,2.0,4.0,نعم
MKC-2023412,2023-03-21,2023-04-02,الشوقية,طلب صيانة حديقة/ملعب,طلب صيانة,مكتب فرعي بالحي,مقبول ومنفذ,12.0,3.0,نعم
MKC-2024763,2023-03-21,2023-03-31,النوارية,شكوى صرف صحي,شكوى,تطبيق بلدي,مغلق - تم الحل,10.0,4.0,نعم
MKC-2026288,2023-03-21,,المسفلة,طلب صيانة حديقة/ملعب,طلب صيانة,تطبيق بلدي,قيد المعالجة,,,نعم
MKC-2026744,2023-03-21,2023-04-06,الششة,شكوى إنارة شوارع,شكوى,تطبيق بلدي,محول لجهة أخرى,16.0,,نعم
MKC-2024623,2023-03-21,2023-03-25,أجياد,شكوى باعة متجولين,شكوى,مكتب خدمة العملاء,مرفوض,4.0,,نعم
MKC-2027535,2023-03-21,2023-04-24,الحجون,ترخيص بناء,طلب ترخيص,مكتب خدمة العملاء,مقبول ومنفذ,34.0,4.0,نعم
MKC-2024455,2023-03-21,2023-03-27,الشرائع,شكوى باعة متجولين,شكوى,تطبيق بلدي,مغلق - تم الحل,6.0,3.0,نعم
MKC-2024990,2023-03-21,,الزاهر,ترخيص لافتات إعلانية,طلب ترخيص,مكتب فرعي بالحي,قيد المعالجة,,,نعم
MKC-2024426,2023-03-21,2023-03-31,الشوقية,شكوى إنارة شوارع,شكوى,مكتب خدمة العملاء,محول لجهة أخرى,10.0,,نعم
MKC-2026762,2023-03-21,2023-04-03,النوارية,شكوى إشغال طريق,شكوى,تطبيق بلدي,مغلق - تم الحل,13.0,4.0,نعم
MKC-2026947,2023-03-22,2023-04-13,الشرائع,ترخيص تجاري,طلب ترخيص,حساب X (تويتر),مقبول ومنفذ,22.0,3.0,نعم
MKC-2025740,2023-03-22,2023-04-10,الجميزة,شكوى مركبات مهملة,شكوى,مكتب فرعي بالحي,مغلق - تم الحل,19.0,3.0,نعم
MKC-2024169,2023-03-22,2023-03-27,الشرائع,شكوى نظافة عامة,شكوى,تطبيق بلدي,محول لجهة أخرى,5.0,,نعم
MKC-2026939,2023-03-22,2023-04-04,العزيزية,طلب صيانة حديقة/ملعب,طلب صيانة,تطبيق بلدي,مقبول ومنفذ,13.0,4.0,نعم
MKC-2025881,2023-03-22,2023-04-13,الحجون,شكوى مخالفة بناء,شكوى,تطبيق بلدي,مقبول ومنفذ,22.0,3.0,نعم
MKC-2028299,2023-03-22,2023-04-17,الكعكية,ترخيص تجاري,طلب ترخيص,تطبيق بلدي,مقبول ومنفذ,26.0,4.0,نعم
MKC-2028435,2023-03-22,,الشوقية,ترخيص لافتات إعلانية,طلب ترخيص,تطبيق بلدي,قيد المعالجة,,,نعم
MKC-2025285,2023-03-22,2023-03-29,الشرائع,شكوى نظافة عامة,شكوى,تطبيق بلدي,مغلق - تم الحل,7.0,5.0,نعم
MKC-2023454,2023-03-22,2023-03-27,الرصيفة,شكوى إنارة شوارع,شكوى,تطبيق بلدي,مغلق - تم الحل,5.0,3.0,نعم
MKC-2025263,2023-03-22,,الششة,ترخيص بناء,طلب ترخيص,تطبيق بلدي,قيد المعالجة,,,نعم
MKC-2026017,2023-03-22,2023-04-01,الجميزة,ترخيص لافتات إعلانية,طلب ترخيص,مكتب خدمة العملاء,مرفوض,10.0,,نعم
MKC-2025149,2023-03-22,2023-03-24,الهجرة,شكوى إشغال طريق,شكوى,مكتب فرعي بالحي,مغلق - تم الحل,2.0,5.0,نعم
MKC-2024040,2023-03-22,2023-04-23,المسفلة,ترخيص بناء,طلب ترخيص,تطبيق بلدي,مقبول ومنفذ,32.0,3.0,نعم
MKC-2026692,2023-03-22,2023-03-29,العتيبية,شكوى باعة متجولين,شكوى,تطبيق بلدي,مرفوض,7.0,,نعم
MKC-2025146,2023-03-23,2023-03-31,الرصيفة,شكوى باعة متجولين,شكوى,تطبيق بلدي,مرفوض,8.0,,نعم
MKC-2026209,2023-03-23,2023-03-26,جرول,شكوى إشغال طريق,شكوى,تطبيق بلدي,مغلق - تم الحل,3.0,5.0,نعم
MKC-2024706,2023-03-23,2023-04-23,الكعكية,ترخيص بناء,طلب ترخيص,مكتب خدمة العملاء,مقبول ومنفذ,31.0,2.0,نعم
MKC-2026996,2023-03-23,2023-04-20,العتيبية,شكوى مخالفة بناء,شكوى,تطبيق بلدي,مغلق - تم الحل,28.0,4.0,نعم
MKC-2024407,2023-03-23,2023-03-27,النسيم,تجديد رخصة تجارية,طلب ترخيص,مكتب فرعي بالحي,مرفوض,4.0,,نعم
MKC-2026197,2023-03-23,2023-03-26,الشوقية,شكوى باعة متجولين,شكوى,تطبيق بلدي,مغلق - تم الحل,3.0,5.0,نعم
MKC-2024835,2023-03-23,2023-04-05,الكعكية,طلب صيانة حديقة/ملعب,طلب صيانة,المركز الموحد 940,مقبول ومنفذ,13.0,4.0,نعم
MKC-2023187,2023-03-23,2023-03-27,الشوقية,شكوى نظافة عامة,شكوى,تطبيق بلدي,مغلق - تم الحل,4.0,4.0,نعم
MKC-2025232,2023-03-23,2023-05-07,الجميزة,شكوى مخالفة بناء,شكوى,حساب X (تويتر),محول لجهة أخرى,45.0,,نعم
MKC-2023004,2023-03-23,2023-04-07,الشوقية,ترخيص تجاري,طلب ترخيص,مكتب فرعي بالحي,مقبول ومنفذ,15.0,4.0,نعم
MKC-2023349,2023-03-23,2023-04-19,العزيزية,شكوى مركبات مهملة,شكوى,مكتب فرعي بالحي,مغلق - تم الحل,27.0,2.0,نعم
MKC-2024296,2023-03-23,2023-03-27,الرصيفة,شكوى نظافة عامة,شكوى,تطبيق بلدي,محول لجهة أخرى,4.0,,نعم
MKC-2024152,2023-03-23,2023-04-12,أجياد,شكوى مركبات مهملة,شكوى,المركز الموحد 940,مغلق - تم الحل,20.0,4.0,نعم
MKC-2026283,2023-03-23,2023-04-13,الرصيفة,ترخيص لافتات إعلانية,طلب ترخيص,مكتب خدمة العملاء,محول لجهة أخرى,21.0,,نعم
MKC-2026166,2023-03-23,,جرول,شكوى إشغال طريق,شكوى,مكتب فرعي بالحي,قيد المعالجة,,,نعم
MKC-2024132,2023-03-23,2023-04-04,الزاهر,شكوى إنارة شوارع,شكوى,تطبيق بلدي,مغلق - تم الحل,12.0,5.0,نعم
MKC-2023844,2023-03-23,2023-04-02,العتيبية,شكوى صرف صحي,شكوى,المركز الموحد 940,محول لجهة أخرى,10.0,,نعم
MKC-2023336,2023-03-23,2023-04-04,المسفلة,تجديد رخصة تجارية,طلب ترخيص,مكتب خدمة العملاء,مقبول ومنفذ,12.0,4.0,نعم
MKC-2023108,2023-03-23,2023-05-27,الكعكية,ترخيص بناء,طلب ترخيص,مكتب خدمة العملاء,مغلق - تم الحل,65.0,4.0,نعم
MKC-2028835,2023-03-23,2023-04-03,جرول,تجديد رخصة تجارية,طلب ترخيص,المركز الموحد 940,مغلق - تم الحل,11.0,5.0,نعم
MKC-2026685,2023-03-23,2023-03-29,أجياد,شكوى إشغال طريق,شكوى,مكتب فرعي بالحي,مقبول ومنفذ,6.0,4.0,نعم
MKC-2027105,2023-03-23,2023-04-08,الجميزة,تجديد رخصة تجارية,طلب ترخيص,مكتب فرعي بالحي,مقبول ومنفذ,16.0,4.0,نعم
MKC-2028701,2023-03-24,2023-03-30,الشوقية,شكوى باعة متجولين,شكوى,تطبيق بلدي,مقبول ومنفذ,6.0,5.0,نعم
MKC-2024370,2023-03-24,2023-04-10,أجياد,ترخيص لافتات إعلانية,طلب ترخيص,مكتب فرعي بالحي,مقبول ومنفذ,17.0,4.0,نعم
MKC-2024235,2023-03-24,2023-04-29,الشرائع,شكوى مخالفة بناء,شكوى,مكتب فرعي بالحي,مقبول ومنفذ,36.0,3.0,نعم
MKC-2028718,2023-03-24,2023-03-28,الكعكية,شكوى نظافة عامة,شكوى,تطبيق بلدي,مغلق - تم الحل,4.0,4.0,نعم
MKC-2026051,2023-03-24,2023-06-04,أجياد,ترخيص بناء,طلب ترخيص,مكتب فرعي بالحي,محول لجهة أخرى,72.0,,نعم
MKC-2025156,2023-03-24,2023-04-26,العزيزية,شكوى مخالفة بناء,شكوى,مكتب فرعي بالحي,مقبول ومنفذ,33.0,2.0,نعم
MKC-2024641,2023-03-24,2023-03-30,العزيزية,شكوى مخالفة بناء,شكوى,مكتب فرعي بالحي,مقبول ومنفذ,6.0,5.0,نعم
MKC-2026132,2023-03-24,2023-04-08,الشوقية,شكوى مخالفة بناء,شكوى,حساب X (تويتر),مقبول ومنفذ,15.0,5.0,نعم
MKC-2028222,2023-03-24,2023-03-28,الشوقية,شكوى باعة متجولين,شكوى,حساب X (تويتر),محول لجهة أخرى,4.0,,نعم
MKC-2028469,2023-03-24,2023-04-06,أجياد,شكوى إنارة شوارع,شكوى,مكتب فرعي بالحي,مرفوض,13.0,,نعم
MKC-2025513,2023-03-24,2023-04-01,المسفلة,شكوى نظافة عامة,شكوى,حساب X (تويتر),مغلق - تم الحل,8.0,3.0,نعم
MKC-2025423,2023-03-24,2023-04-01,الرصيفة,شكوى نظافة عامة,شكوى,تطبيق بلدي,مغلق - تم الحل,8.0,4.0,نعم
MKC-2023920,2023-03-24,2023-04-21,أجياد,ترخيص تجاري,طلب ترخيص,تطبيق بلدي,مرفوض,28.0,,نعم
MKC-2023893,2023-03-24,,الششة,شكوى إنارة شوارع,شكوى,حساب X (تويتر),قيد المعالجة,,,نعم
MKC-2025999,2023-03-24,2023-04-09,بطحاء قريش,شكوى إشغال طريق,شكوى,مكتب خدمة العملاء,مغلق - تم الحل,16.0,2.0,نعم
MKC-2023293,2023-03-24,2023-04-12,العزيزية,طلب صيانة حديقة/ملعب,طلب صيانة,المركز الموحد 940,مقبول ومنفذ,19.0,4.0,نعم
MKC-2023868,2023-03-25,2023-03-31,جرول,تجديد رخصة تجارية,طلب ترخيص,مكتب فرعي بالحي,مقبول ومنفذ,6.0,5.0,نعم
MKC-2027330,2023-03-25,2023-04-18,العزيزية,طلب صيانة حديقة/ملعب,طلب صيانة,تطبيق بلدي,مقبول ومنفذ,24.0,3.0,نعم
MKC-2025762,2023-03-25,2023-04-01,بطحاء قريش,تجديد رخصة تجارية,طلب ترخيص,تطبيق بلدي,مقبول ومنفذ,7.0,3.0,نعم
MKC-2028562,2023-03-25,2023-04-21,جرول,طلب صيانة حديقة/ملعب,طلب صيانة,مكتب خدمة العملاء,مرفوض,27.0,,نعم
MKC-2024250,2023-03-25,2023-03-30,العزيزية,شكوى نظافة عامة,شكوى,مكتب خدمة العملاء,مغلق - تم الحل,5.0,3.0,نعم
MKC-2023289,2023-03-25,2023-04-19,بطحاء قريش,شكوى مركبات مهملة,شكوى,حساب X (تويتر),مرفوض,25.0,,نعم
MKC-2028719,2023-03-25,2023-04-25,الشرائع,ترخيص تجاري,طلب ترخيص,تطبيق بلدي,مرفوض,31.0,,نعم
MKC-2028848,2023-03-25,2023-04-13,النسيم,شكوى صرف صحي,شكوى,تطبيق بلدي,محول لجهة أخرى,19.0,,نعم
MKC-2025962,2023-03-25,2023-04-05,النوارية,طلب صيانة حديقة/ملعب,طلب صيانة,تطبيق بلدي,مغلق - تم الحل,11.0,4.0,نعم
MKC-2023939,2023-03-25,2023-05-12,الششة,ترخيص تجاري,طلب ترخيص,تطبيق بلدي,مقبول ومنفذ,48.0,4.0,نعم
MKC-2025982,2023-03-25,2023-04-06,العزيزية,شكوى نظافة عامة,شكوى,تطبيق بلدي,محول لجهة أخرى,12.0,,نعم
MKC-2027090,2023-03-25,2023-03-29,أجياد,شكوى إشغال طريق,شكوى,مكتب خدمة العملاء,مغلق - تم الحل,4.0,4.0,نعم
MKC-2028510,2023-03-25,2023-04-03,أجياد,تجديد رخصة تجارية,طلب ترخيص,المركز الموحد 940,مقبول ومنفذ,9.0,5.0,نعم
MKC-2025457,2023-03-25,2023-04-03,العزيزية,شكوى نظافة عامة,شكوى,المركز الموحد 940,محول لجهة أخرى,9.0,,نعم
MKC-2025567,2023-03-25,2023-04-06,الجميزة,تجديد رخصة تجارية,طلب ترخيص,تطبيق بلدي,مقبول ومنفذ,12.0,5.0,نعم
MKC-2024340,2023-03-25,2023-03-29,المسفلة,تجديد رخصة تجارية,طلب ترخيص,المركز الموحد 940,مرفوض,4.0,,نعم
MKC-2025034,2023-03-25,2023-03-29,المسفلة,شكوى باعة متجولين,شكوى,تطبيق بلدي,مرفوض,4.0,,نعم
MKC-2026233,2023-03-25,2023-04-16,جرول,شكوى مركبات مهملة,شكوى,المركز الموحد 940,مغلق - تم الحل,22.0,4.0,نعم
MKC-2026256,2023-03-25,2023-03-27,الهجرة,شكوى نظافة عامة,شكوى,مكتب خدمة العملاء,مغلق - تم الحل,2.0,4.0,نعم
MKC-2023717,2023-03-25,2023-04-06,العزيزية,شكوى إشغال طريق,شكوى,مكتب خدمة العملاء,مغلق - تم الحل,12.0,3.0,نعم
MKC-2026409,2023-03-25,2023-03-31,الكعكية,تجديد رخصة تجارية,طلب ترخيص,المركز الموحد 940,محول لجهة أخرى,6.0,,نعم
MKC-2026317,2023-03-25,2023-03-30,أجياد,شكوى صرف صحي,شكوى,حساب X (تويتر),مغلق - تم الحل,5.0,4.0,نعم
MKC-2027989,2023-03-26,2023-03-30,الزاهر,شكوى باعة متجولين,شكوى,تطبيق بلدي,مغلق - تم الحل,4.0,5.0,نعم
MKC-2024935,2023-03-26,2023-04-05,الشوقية,تجديد رخصة تجارية,طلب ترخيص,تطبيق بلدي,مرفوض,10.0,,نعم
MKC-2025863,2023-03-26,2023-04-03,العتيبية,تجديد رخصة تجارية,طلب ترخيص,تطبيق بلدي,مرفوض,8.0,,نعم
MKC-2023582,2023-03-26,2023-05-07,النسيم,ترخيص تجاري,طلب ترخيص,تطبيق بلدي,مرفوض,42.0,,نعم
MKC-2024277,2023-03-26,2023-04-10,جرول,شكوى إنارة شوارع,شكوى,تطبيق بلدي,مقبول ومنفذ,15.0,5.0,نعم
MKC-2023128,2023-03-26,2023-04-03,الشرائع,شكوى نظافة عامة,شكوى,المركز الموحد 940,محول لجهة أخرى,8.0,,نعم
MKC-2023724,2023-03-26,2023-04-11,الشرائع,شكوى إنارة شوارع,شكوى,تطبيق بلدي,مغلق - تم الحل,16.0,3.0,نعم
MKC-2028220,2023-03-26,2023-04-02,العزيزية,شكوى نظافة عامة,شكوى,المركز الموحد 940,مغلق - تم الحل,7.0,4.0,نعم
MKC-2028223,2023-03-26,2023-04-15,أجياد,ترخيص تجاري,طلب ترخيص,مكتب خدمة العملاء,مقبول ومنفذ,20.0,4.0,نعم
MKC-2026343,2023-03-26,2023-03-28,الشوقية,شكوى صرف صحي,شكوى,تطبيق بلدي,مقبول ومنفذ,2.0,4.0,نعم
MKC-2028714,2023-03-26,2023-04-14,العزيزية,ترخيص لافتات إعلانية,طلب ترخيص,حساب X (تويتر),مقبول ومنفذ,19.0,4.0,نعم
MKC-2025209,2023-03-26,,الشوقية,شكوى مركبات مهملة,شكوى,تطبيق بلدي,قيد المعالجة,,,نعم
MKC-2025781,2023-03-26,,الششة,ترخيص تجاري,طلب ترخيص,حساب X (تويتر),قيد المعالجة,,,نعم
MKC-2028911,2023-03-26,2023-03-30,الشوقية,تجديد رخصة تجارية,طلب ترخيص,مكتب خدمة العملاء,محول لجهة أخرى,4.0,,نعم
MKC-2027199,2023-03-26,2023-05-07,النوارية,شكوى مخالفة بناء,شكوى,حساب X (تويتر),مقبول ومنفذ,42.0,2.0,نعم
MKC-2028248,2023-03-26,2023-04-08,النوارية,ترخيص لافتات إعلانية,طلب ترخيص,تطبيق بلدي,مرفوض,13.0,,نعم
MKC-2027186,2023-03-26,2023-03-28,الهجرة,شكوى باعة متجولين,شكوى,حساب X (تويتر),مغلق - تم الحل,2.0,3.0,نعم
MKC-2023864,2023-03-26,2023-04-06,الشوقية,شكوى إنارة شوارع,شكوى,تطبيق بلدي,محول لجهة أخرى,11.0,,نعم
MKC-2025415,2023-03-27,2023-04-04,الشوقية,شكوى نظافة عامة,شكوى,مكتب خدمة العملاء,مغلق - تم الحل,8.0,3.0,نعم
MKC-2025658,2023-03-27,2023-04-09,بطحاء قريش,تجديد رخصة تجارية,طلب ترخيص,المركز الموحد 940,مقبول ومنفذ,13.0,5.0,نعم
MKC-2027202,2023-03-27,2023-04-15,العزيزية,شكوى صرف صحي,شكوى,حساب X (تويتر),مغلق - تم الحل,19.0,4.0,نعم
MKC-2024251,2023-03-27,2023-05-06,الهجرة,شكوى مخالفة بناء,شكوى,تطبيق بلدي,مغلق - تم الحل,40.0,4.0,نعم
MKC-2028237,2023-03-27,2023-04-11,الهجرة,شكوى إشغال طريق,شكوى,تطبيق بلدي,قيد المعالجة,15.0,,نعم
MKC-2027493,2023-03-27,2023-04-03,الزاهر,شكوى مخالفة بناء,شكوى,مكتب فرعي بالحي,محول لجهة أخرى,7.0,,نعم
MKC-2025482,2023-03-27,2023-04-02,العزيزية,شكوى نظافة عامة,شكوى,تطبيق بلدي,مرفوض,6.0,,نعم
MKC-2026958,2023-03-27,2023-04-07,الرصيفة,شكوى إشغال طريق,شكوى,تطبيق بلدي,مقبول ومنفذ,11.0,5.0,نعم
MKC-2027608,2023-03-27,2023-05-23,العزيزية,ترخيص بناء,طلب ترخيص,المركز الموحد 940,مرفوض,57.0,,نعم
MKC-2023408,2023-03-27,2023-04-21,الشوقية,شكوى مخالفة بناء,شكوى,تطبيق بلدي,مغلق - تم الحل,25.0,5.0,نعم
MKC-2023257,2023-03-27,2023-05-09,الششة,شكوى مخالفة بناء,شكوى,مكتب خدمة العملاء,مرفوض,43.0,,نعم
MKC-2026279,2023-03-27,2023-04-26,الهجرة,ترخيص بناء,طلب ترخيص,المركز الموحد 940,مقبول ومنفذ,30.0,4.0,نعم
MKC-2028462,2023-03-27,2023-04-01,الرصيفة,شكوى باعة متجولين,شكوى,تطبيق بلدي,مغلق - تم الحل,5.0,5.0,نعم
MKC-2027657,2023-03-27,2023-03-29,الششة,شكوى باعة متجولين,شكوى,مكتب فرعي بالحي,مغلق - تم الحل,2.0,4.0,نعم
MKC-2023160,2023-03-27,2023-04-07,المسفلة,ترخيص لافتات إعلانية,طلب ترخيص,مكتب فرعي بالحي,مقبول ومنفذ,11.0,4.0,نعم
MKC-2028691,2023-03-27,2023-04-19,بطحاء قريش,شكوى مخالفة بناء,شكوى,تطبيق بلدي,مغلق - تم الحل,23.0,4.0,نعم
MKC-2023229,2023-03-27,2023-04-05,جرول,شكوى إنارة شوارع,شكوى,حساب X (تويتر),مقبول ومنفذ,9.0,3.0,نعم
MKC-2024472,2023-03-27,2023-04-10,النسيم,شكوى مخالفة بناء,شكوى,تطبيق بلدي,محول لجهة أخرى,14.0,,نعم
MKC-2026630,2023-03-27,2023-04-19,جرول,ترخيص تجاري,طلب ترخيص,تطبيق بلدي,مقبول ومنفذ,23.0,5.0,نعم
MKC-2026526,2023-03-28,2023-04-09,العزيزية,شكوى نظافة عامة,شكوى,مكتب خدمة العملاء,محول لجهة أخرى,12.0,,نعم
MKC-2026522,2023-03-28,2023-04-27,بطحاء قريش,طلب صيانة حديقة/ملعب,طلب صيانة,تطبيق بلدي,مقبول ومنفذ,30.0,4.0,نعم
MKC-2025021,2023-03-28,2023-05-16,النسيم,ترخيص بناء,طلب ترخيص,تطبيق بلدي,مقبول ومنفذ,49.0,3.0,نعم
MKC-2023154,2023-03-28,2023-05-15,الجميزة,ترخيص تجاري,طلب ترخيص,مكتب فرعي بالحي,مقبول ومنفذ,48.0,3.0,نعم
MKC-2026397,2023-03-28,,العتيبية,ترخيص بناء,طلب ترخيص,المركز الموحد 940,قيد المعالجة,,,نعم
MKC-2026208,2023-03-28,2023-04-07,النوارية,شكوى نظافة عامة,شكوى,مكتب فرعي بالحي,مغلق - تم الحل,10.0,4.0,نعم
MKC-2027624,2023-03-28,2023-04-17,العزيزية,شكوى صرف صحي,شكوى,تطبيق بلدي,مغلق - تم الحل,20.0,5.0,نعم
MKC-2023635,2023-03-28,2023-04-16,الرصيفة,شكوى إنارة شوارع,شكوى,مكتب خدمة العملاء,مغلق - تم الحل,19.0,4.0,نعم
MKC-2027886,2023-03-28,2023-04-14,الششة,شكوى صرف صحي,شكوى,تطبيق بلدي,مغلق - تم الحل,17.0,3.0,نعم
MKC-2027444,2023-03-28,2023-04-07,العزيزية,تجديد رخصة تجارية,طلب ترخيص,المركز الموحد 940,مقبول ومنفذ,10.0,4.0,نعم
MKC-2023403,2023-03-28,2023-04-06,الرصيفة,شكوى إنارة شوارع,شكوى,تطبيق بلدي,مغلق - تم الحل,9.0,4.0,نعم
MKC-2025118,2023-03-28,2023-04-05,العزيزية,شكوى نظافة عامة,شكوى,حساب X (تويتر),مقبول ومنفذ,8.0,3.0,نعم
MKC-2028461,2023-03-28,2023-04-05,العتيبية,شكوى إشغال طريق,شكوى,تطبيق بلدي,محول لجهة أخرى,8.0,,نعم
MKC-2028990,2023-03-28,2023-04-03,الششة,شكوى نظافة عامة,شكوى,المركز الموحد 940,محول لجهة أخرى,6.0,,نعم
MKC-2024516,2023-03-28,2023-04-11,النوارية,شكوى إنارة شوارع,شكوى,المركز الموحد 940,مغلق - تم الحل,14.0,4.0,نعم
MKC-2023768,2023-03-28,2023-03-31,الشوقية,شكوى نظافة عامة,شكوى,تطبيق بلدي,مغلق - تم الحل,3.0,5.0,نعم
MKC-2024574,2023-03-28,2023-05-16,النوارية,ترخيص بناء,طلب ترخيص,مكتب خدمة العملاء,مقبول ومنفذ,49.0,4.0,نعم
MKC-2025888,2023-03-28,2023-04-11,العتيبية,شكوى مركبات مهملة,شكوى,مكتب خدمة العملاء,محول لجهة أخرى,14.0,,نعم
MKC-2023907,2023-03-28,2023-04-18,المسفلة,شكوى صرف صحي,شكوى,تطبيق بلدي,مغلق - تم الحل,21.0,4.0,نعم
MKC-2023239,2023-03-28,2023-05-05,الشرائع,ترخيص تجاري,طلب ترخيص,المركز الموحد 940,مقبول ومنفذ,38.0,1.0,نعم
MKC-2028514,2023-03-28,2023-04-13,الرصيفة,ترخيص تجاري,طلب ترخيص,تطبيق بلدي,مقبول ومنفذ,16.0,5.0,نعم
MKC-2026007,2023-03-28,2023-04-27,العتيبية,شكوى مخالفة بناء,شكوى,مكتب خدمة العملاء,محول لجهة أخرى,30.0,,نعم
MKC-2027749,2023-03-28,2023-05-21,أجياد,شكوى مخالفة بناء,شكوى,تطبيق بلدي,مغلق - تم الحل,54.0,3.0,نعم
MKC-2028634,2023-03-29,2023-04-14,الشوقية,شكوى إشغال طريق,شكوى,تطبيق بلدي,مغلق - تم الحل,16.0,4.0,نعم
MKC-2024121,2023-03-29,2023-04-19,الزاهر,شكوى صرف صحي,شكوى,مكتب خدمة العملاء,مرفوض,21.0,,نعم
MKC-2026872,2023-03-29,,الزاهر,ترخيص بناء,طلب ترخيص,حساب X (تويتر),قيد المعالجة,,,نعم
MKC-2027213,2023-03-29,2023-04-14,الكعكية,شكوى صرف صحي,شكوى,مكتب خدمة العملاء,مرفوض,16.0,,نعم
MKC-2023732,2023-03-29,2023-04-15,الزاهر,شكوى صرف صحي,شكوى,تطبيق بلدي,مغلق - تم الحل,17.0,4.0,نعم
MKC-2028285,2023-03-29,2023-05-07,الشرائع,طلب صيانة حديقة/ملعب,طلب صيانة,تطبيق بلدي,مقبول ومنفذ,39.0,5.0,نعم
MKC-2025488,2023-03-29,2023-06-14,العزيزية,ترخيص بناء,طلب ترخيص,تطبيق بلدي,مقبول ومنفذ,77.0,2.0,نعم
MKC-2023741,2023-03-29,2023-04-13,النوارية,شكوى إنارة شوارع,شكوى,حساب X (تويتر),مرفوض,15.0,,نعم
MKC-2026231,2023-03-29,2023-04-03,العزيزية,شكوى صرف صحي,شكوى,مكتب خدمة العملاء,مغلق - تم الحل,5.0,4.0,نعم
MKC-2028502,2023-03-29,2023-04-07,الكعكية,تجديد رخصة تجارية,طلب ترخيص,مكتب خدمة العملاء,مقبول ومنفذ,9.0,4.0,نعم
MKC-2027676,2023-03-29,2023-04-05,الششة,شكوى باعة متجولين,شكوى,مكتب فرعي بالحي,مغلق - تم الحل,7.0,3.0,نعم
MKC-2027487,2023-03-29,2023-04-29,العزيزية,ترخيص تجاري,طلب ترخيص,مكتب خدمة العملاء,قيد المعالجة,31.0,,نعم
MKC-2027514,2023-03-30,2023-04-14,الزاهر,ترخيص لافتات إعلانية,طلب ترخيص,المركز الموحد 940,مغلق - تم الحل,15.0,3.0,نعم
MKC-2026548,2023-03-30,2023-04-07,جرول,شكوى باعة متجولين,شكوى,المركز الموحد 940,مغلق - تم الحل,8.0,4.0,نعم
MKC-2025216,2023-03-30,2023-04-03,الهجرة,شكوى نظافة عامة,شكوى,تطبيق بلدي,محول لجهة أخرى,4.0,,نعم
MKC-2024106,2023-03-30,,النوارية,شكوى إنارة شوارع,شكوى,المركز الموحد 940,قيد المعالجة,,,نعم
MKC-2023059,2023-03-30,2023-04-07,العزيزية,شكوى باعة متجولين,شكوى,المركز الموحد 940,مغلق - تم الحل,8.0,3.0,نعم
MKC-2023268,2023-03-30,2023-04-06,الشوقية,شكوى إشغال طريق,شكوى,مكتب خدمة العملاء,مقبول ومنفذ,7.0,3.0,نعم
MKC-2025004,2023-03-30,2023-04-08,بطحاء قريش,شكوى إشغال طريق,شكوى,حساب X (تويتر),مغلق - تم الحل,9.0,4.0,نعم
MKC-2027865,2023-03-30,2023-05-01,الزاهر,ترخيص تجاري,طلب ترخيص,حساب X (تويتر),مقبول ومنفذ,32.0,5.0,نعم
MKC-2026244,2023-03-30,2023-05-04,بطحاء قريش,ترخيص بناء,طلب ترخيص,تطبيق بلدي,مرفوض,35.0,,نعم
MKC-2023509,2023-03-30,2023-05-06,النوارية,ترخيص بناء,طلب ترخيص,المركز الموحد 940,مقبول ومنفذ,37.0,4.0,نعم
MKC-2023607,2023-03-30,2023-04-04,الشوقية,تجديد رخصة تجارية,طلب ترخيص,مكتب خدمة العملاء,مرفوض,5.0,,نعم
MKC-2028793,2023-03-30,2023-05-27,النوارية,ترخيص بناء,طلب ترخيص,حساب X (تويتر),مرفوض,58.0,,نعم
MKC-2026081,2023-03-30,2023-04-01,بطحاء قريش,شكوى إنارة شوارع,شكوى,مكتب فرعي بالحي,مغلق - تم الحل,2.0,4.0,نعم
MKC-2024252,2023-03-30,2023-04-08,العزيزية,شكوى مركبات مهملة,شكوى,حساب X (تويتر),مقبول ومنفذ,9.0,3.0,نعم
MKC-2025190,2023-03-30,2023-05-06,الكعكية,طلب صيانة حديقة/ملعب,طلب صيانة,تطبيق بلدي,مقبول ومنفذ,37.0,3.0,نعم
MKC-2026351,2023-03-30,2023-04-10,الكعكية,شكوى إنارة شوارع,شكوى,تطبيق بلدي,مقبول ومنفذ,11.0,5.0,نعم
MKC-2027371,2023-03-31,2023-04-10,العزيزية,تجديد رخصة تجارية,طلب ترخيص,تطبيق بلدي,مرفوض,10.0,,نعم
MKC-2024181,2023-03-31,2023-04-25,الشرائع,شكوى مركبات مهملة,شكوى,المركز الموحد 940,محول لجهة أخرى,25.0,,نعم
MKC-2025874,2023-03-31,2023-04-05,الهجرة,شكوى باعة متجولين,شكوى,مكتب خدمة العملاء,مغلق - تم الحل,5.0,4.0,نعم
MKC-2025780,2023-03-31,2023-04-05,الشوقية,تجديد رخصة تجارية,طلب ترخيص,تطبيق بلدي,مرفوض,5.0,,نعم
MKC-2025200,2023-03-31,2023-04-08,أجياد,شكوى إشغال طريق,شكوى,تطبيق بلدي,محول لجهة أخرى,8.0,,نعم
MKC-2027365,2023-03-31,2023-04-08,النسيم,ترخيص تجاري,طلب ترخيص,مكتب خدمة العملاء,مقبول ومنفذ,8.0,3.0,نعم
MKC-2028114,2023-03-31,2023-04-10,العتيبية,شكوى إشغال طريق,شكوى,مكتب خدمة العملاء,مغلق - تم الحل,10.0,4.0,نعم
MKC-2024349,2023-03-31,2023-04-16,العزيزية,شكوى صرف صحي,شكوى,المركز الموحد 940,مغلق - تم الحل,16.0,2.0,نعم
MKC-2028896,2023-03-31,2023-04-08,العتيبية,شكوى نظافة عامة,شكوى,حساب X (تويتر),محول لجهة أخرى,8.0,,نعم
MKC-2027196,2023-03-31,2023-05-08,العتيبية,ترخيص بناء,طلب ترخيص,المركز الموحد 940,محول لجهة أخرى,38.0,,نعم
MKC-2024392,2023-03-31,2023-04-28,أجياد,ترخيص بناء,طلب ترخيص,تطبيق بلدي,مغلق - تم الحل,28.0,3.0,نعم
MKC-2023388,2023-03-31,2023-04-02,الرصيفة,شكوى نظافة عامة,شكوى,تطبيق بلدي,مغلق - تم الحل,2.0,5.0,نعم
MKC-2027064,2023-03-31,2023-04-12,الرصيفة,ترخيص تجاري,طلب ترخيص,المركز الموحد 940,مقبول ومنفذ,12.0,5.0,نعم
MKC-2024684,2023-03-31,2023-04-04,الجميزة,شكوى نظافة عامة,شكوى,تطبيق بلدي,مغلق - تم الحل,4.0,5.0,نعم
MKC-2023972,2023-03-31,2023-04-06,النسيم,شكوى إشغال طريق,شكوى,مكتب فرعي بالحي,مرفوض,6.0,,نعم
MKC-2023362,2023-03-31,2023-04-18,الزاهر,شكوى إشغال طريق,شكوى,تطبيق بلدي,مغلق - تم الحل,18.0,4.0,نعم
MKC-2025804,2023-03-31,2023-04-08,الجميزة,شكوى نظافة عامة,شكوى,مكتب خدمة العملاء,مغلق - تم الحل,8.0,3.0,نعم
MKC-2023098,2023-03-31,2023-04-07,المسفلة,شكوى إشغال طريق,شكوى,المركز الموحد 940,محول لجهة أخرى,7.0,,نعم
MKC-2023472,2023-03-31,2023-04-10,المسفلة,شكوى نظافة عامة,شكوى,المركز الموحد 940,محول لجهة أخرى,10.0,,نعم
MKC-2024764,2023-04-01,2023-04-25,الزاهر,شكوى مخالفة بناء,شكوى,المركز الموحد 940,مغلق - تم الحل,24.0,5.0,نعم
MKC-2024254,2023-04-01,2023-04-25,النسيم,شكوى مركبات مهملة,شكوى,حساب X (تويتر),مغلق - تم الحل,24.0,2.0,نعم
MKC-2026873,2023-04-01,2023-04-14,العتيبية,شكوى صرف صحي,شكوى,تطبيق بلدي,محول لجهة أخرى,13.0,,نعم
MKC-2023361,2023-04-01,2023-04-03,الشرائع,شكوى إشغال طريق,شكوى,تطبيق بلدي,مقبول ومنفذ,2.0,4.0,نعم
MKC-2027910,2023-04-01,2023-04-05,العتيبية,شكوى نظافة عامة,شكوى,حساب X (تويتر),مغلق - تم الحل,4.0,5.0,نعم
MKC-2023524,2023-04-01,2023-04-03,العزيزية,شكوى نظافة عامة,شكوى,تطبيق بلدي,مغلق - تم الحل,2.0,5.0,نعم
MKC-2023208,2023-04-01,2023-04-12,الشرائع,شكوى إشغال طريق,شكوى,مكتب خدمة العملاء,مغلق - تم الحل,11.0,5.0,نعم
MKC-2023391,2023-04-01,2023-04-24,النوارية,ترخيص بناء,طلب ترخيص,تطبيق بلدي,مغلق - تم الحل,23.0,4.0,نعم
MKC-2025512,2023-04-01,2023-04-28,النسيم,شكوى مخالفة بناء,شكوى,تطبيق بلدي,مغلق - تم الحل,27.0,5.0,نعم
MKC-2023937,2023-04-01,2023-04-14,أجياد,شكوى مركبات مهملة,شكوى,المركز الموحد 940,مرفوض,13.0,,نعم
MKC-2028872,2023-04-01,2023-04-07,الرصيفة,شكوى نظافة عامة,شكوى,المركز الموحد 940,مغلق - تم الحل,6.0,3.0,نعم
MKC-2027907,2023-04-01,2023-04-13,الشرائع,شكوى صرف صحي,شكوى,مكتب فرعي بالحي,مغلق - تم الحل,12.0,5.0,نعم
MKC-2027513,2023-04-01,2023-04-12,الشرائع,شكوى نظافة عامة,شكوى,تطبيق بلدي,مغلق - تم الحل,11.0,3.0,نعم
MKC-2028053,2023-04-01,2023-04-06,الشرائع,شكوى باعة متجولين,شكوى,تطبيق بلدي,مغلق - تم الحل,5.0,4.0,نعم
MKC-2025593,2023-04-02,2023-04-04,العزيزية,شكوى نظافة عامة,شكوى,المركز الموحد 940,مغلق - تم الحل,2.0,5.0,نعم
MKC-2027838,2023-04-02,2023-04-13,الكعكية,شكوى إنارة شوارع,شكوى,تطبيق بلدي,مغلق - تم الحل,11.0,4.0,نعم
MKC-2023436,2023-04-02,2023-05-18,العتيبية,طلب صيانة حديقة/ملعب,طلب صيانة,تطبيق بلدي,مقبول ومنفذ,46.0,3.0,نعم
MKC-2027034,2023-04-02,2023-04-04,النوارية,شكوى إشغال طريق,شكوى,مكتب فرعي بالحي,مغلق - تم الحل,2.0,5.0,نعم
MKC-2028168,2023-04-02,2023-04-22,الرصيفة,شكوى مخالفة بناء,شكوى,مكتب خدمة العملاء,محول لجهة أخرى,20.0,,نعم
MKC-2027653,2023-04-02,2023-04-14,الششة,شكوى نظافة عامة,شكوى,تطبيق بلدي,مغلق - تم الحل,12.0,5.0,نعم
MKC-2025578,2023-04-02,2023-04-09,النوارية,شكوى باعة متجولين,شكوى,تطبيق بلدي,مغلق - تم الحل,7.0,4.0,نعم
MKC-2023217,2023-04-02,,النوارية,شكوى إشغال طريق,شكوى,حساب X (تويتر),قيد المعالجة,,,نعم
MKC-2026153,2023-04-02,2023-05-13,أجياد,شكوى مخالفة بناء,شكوى,تطبيق بلدي,مغلق - تم الحل,41.0,4.0,نعم
MKC-2025420,2023-04-02,2023-04-11,الشرائع,شكوى إشغال طريق,شكوى,تطبيق بلدي,محول لجهة أخرى,9.0,,نعم
MKC-2027341,2023-04-02,2023-04-13,الهجرة,شكوى إنارة شوارع,شكوى,المركز الموحد 940,محول لجهة أخرى,11.0,,نعم
MKC-2028192,2023-04-02,,الكعكية,شكوى نظافة عامة,شكوى,تطبيق بلدي,قيد المعالجة,,,نعم
MKC-2025865,2023-04-02,2023-04-20,النوارية,طلب صيانة حديقة/ملعب,طلب صيانة,المركز الموحد 940,مقبول ومنفذ,18.0,3.0,نعم
MKC-2023192,2023-04-02,2023-04-14,العزيزية,ترخيص لافتات إعلانية,طلب ترخيص,المركز الموحد 940,مقبول ومنفذ,12.0,4.0,نعم
MKC-2028696,2023-04-02,2023-05-08,الكعكية,ترخيص بناء,طلب ترخيص,المركز الموحد 940,مقبول ومنفذ,36.0,4.0,نعم
MKC-2025098,2023-04-02,2023-04-20,الزاهر,ترخيص لافتات إعلانية,طلب ترخيص,مكتب فرعي بالحي,مقبول ومنفذ,18.0,4.0,نعم
MKC-2023618,2023-04-02,2023-04-14,العزيزية,شكوى نظافة عامة,شكوى,تطبيق بلدي,محول لجهة أخرى,12.0,,نعم
MKC-2025398,2023-04-02,,الرصيفة,ترخيص تجاري,طلب ترخيص,حساب X (تويتر),قيد المعالجة,,,نعم
MKC-2028219,2023-04-02,2023-04-05,أجياد,شكوى نظافة عامة,شكوى,المركز الموحد 940,مغلق - تم الحل,3.0,4.0,نعم
MKC-2023963,2023-04-03,2023-04-11,الزاهر,شكوى باعة متجولين,شكوى,تطبيق بلدي,مغلق - تم الحل,8.0,5.0,نعم
MKC-2027340,2023-04-03,2023-04-12,بطحاء قريش,شكوى إشغال طريق,شكوى,المركز الموحد 940,مغلق - تم الحل,9.0,3.0,نعم
MKC-2027853,2023-04-03,,الرصيفة,ترخيص بناء,طلب ترخيص,مكتب خدمة العملاء,قيد المعالجة,,,نعم
MKC-2025265,2023-04-03,2023-04-06,العزيزية,شكوى صرف صحي,شكوى,مكتب فرعي بالحي,مغلق - تم الحل,3.0,4.0,نعم
MKC-2024531,2023-04-03,2023-04-19,العزيزية,شكوى إشغال طريق,شكوى,تطبيق بلدي,مغلق - تم الحل,16.0,4.0,نعم
MKC-2024414,2023-04-03,2023-04-10,الحجون,شكوى باعة متجولين,شكوى,تطبيق بلدي,مقبول ومنفذ,7.0,4.0,نعم
MKC-2023814,2023-04-03,2023-04-13,الكعكية,تجديد رخصة تجارية,طلب ترخيص,تطبيق بلدي,محول لجهة أخرى,10.0,,نعم
MKC-2024039,2023-04-03,2023-04-10,الهجرة,شكوى باعة متجولين,شكوى,تطبيق بلدي,مغلق - تم الحل,7.0,5.0,نعم
MKC-2025889,2023-04-03,2023-04-29,الششة,شكوى مخالفة بناء,شكوى,تطبيق بلدي,محول لجهة أخرى,26.0,,نعم
MKC-2023804,2023-04-03,,العزيزية,شكوى صرف صحي,شكوى,مكتب خدمة العملاء,قيد المعالجة,,,نعم
MKC-2024886,2023-04-03,2023-04-05,العتيبية,شكوى باعة متجولين,شكوى,المركز الموحد 940,مغلق - تم الحل,2.0,4.0,نعم
MKC-2027181,2023-04-03,2023-04-23,الرصيفة,طلب صيانة حديقة/ملعب,طلب صيانة,تطبيق بلدي,مقبول ومنفذ,20.0,3.0,نعم
MKC-2027652,2023-04-03,2023-04-14,الهجرة,تجديد رخصة تجارية,طلب ترخيص,تطبيق بلدي,مرفوض,11.0,,نعم
MKC-2028162,2023-04-03,2023-04-11,الششة,شكوى نظافة عامة,شكوى,المركز الموحد 940,محول لجهة أخرى,8.0,,نعم
MKC-2027305,2023-04-03,2023-05-02,الششة,ترخيص تجاري,طلب ترخيص,تطبيق بلدي,مرفوض,29.0,,نعم
MKC-2024274,2023-04-04,2023-05-05,الزاهر,شكوى مخالفة بناء,شكوى,تطبيق بلدي,محول لجهة أخرى,31.0,,نعم
MKC-2028663,2023-04-04,2023-04-19,الشرائع,شكوى إنارة شوارع,شكوى,المركز الموحد 940,مغلق - تم الحل,15.0,4.0,نعم
MKC-2026494,2023-04-04,2023-04-15,الرصيفة,شكوى إشغال طريق,شكوى,تطبيق بلدي,مغلق - تم الحل,11.0,4.0,نعم
MKC-2024002,2023-04-04,2023-04-16,جرول,تجديد رخصة تجارية,طلب ترخيص,تطبيق بلدي,مقبول ومنفذ,12.0,4.0,نعم
MKC-2028475,2023-04-04,2023-04-30,الزاهر,طلب صيانة حديقة/ملعب,طلب صيانة,تطبيق بلدي,مقبول ومنفذ,26.0,3.0,نعم
MKC-2026127,2023-04-04,2023-04-24,الششة,شكوى مركبات مهملة,شكوى,مكتب خدمة العملاء,مغلق - تم الحل,20.0,2.0,نعم
MKC-2027504,2023-04-04,,الكعكية,شكوى إشغال طريق,شكوى,تطبيق بلدي,قيد المعالجة,,,نعم
MKC-2026667,2023-04-04,,العزيزية,شكوى نظافة عامة,شكوى,المركز الموحد 940,قيد المعالجة,,,نعم
MKC-2023036,2023-04-04,2023-04-29,الشرائع,شكوى مخالفة بناء,شكوى,المركز الموحد 940,مغلق - تم الحل,25.0,5.0,نعم
MKC-2024051,2023-04-04,2023-04-30,الزاهر,ترخيص تجاري,طلب ترخيص,تطبيق بلدي,مقبول ومنفذ,26.0,4.0,نعم
MKC-2023008,2023-04-04,2023-05-22,العزيزية,ترخيص تجاري,طلب ترخيص,المركز الموحد 940,مقبول ومنفذ,48.0,3.0,نعم
MKC-2027283,2023-04-04,2023-04-30,الزاهر,ترخيص تجاري,طلب ترخيص,المركز الموحد 940,مقبول ومنفذ,26.0,4.0,نعم
MKC-2025972,2023-04-04,2023-04-13,العزيزية,ترخيص تجاري,طلب ترخيص,المركز الموحد 940,مرفوض,9.0,,نعم
MKC-2026601,2023-04-04,2023-04-11,جرول,شكوى نظافة عامة,شكوى,المركز الموحد 940,مغلق - تم الحل,7.0,4.0,نعم
MKC-2028575,2023-04-04,2023-04-20,العتيبية,شكوى إنارة شوارع,شكوى,مكتب فرعي بالحي,مقبول ومنفذ,16.0,4.0,نعم
MKC-2024673,2023-04-04,2023-04-19,العتيبية,شكوى إنارة شوارع,شكوى,تطبيق بلدي,مغلق - تم الحل,15.0,5.0,نعم
MKC-2028868,2023-04-04,2023-05-21,الششة,شكوى مخالفة بناء,شكوى,المركز الموحد 940,مغلق - تم الحل,47.0,4.0,نعم
MKC-2026787,2023-04-04,2023-05-16,الشوقية,ترخيص تجاري,طلب ترخيص,مكتب خدمة العملاء,مقبول ومنفذ,42.0,3.0,نعم
MKC-2026961,2023-04-04,2023-04-08,بطحاء قريش,شكوى نظافة عامة,شكوى,تطبيق بلدي,مغلق - تم الحل,4.0,4.0,نعم
MKC-2028440,2023-04-04,2023-05-02,جرول,ترخيص لافتات إعلانية,طلب ترخيص,تطبيق بلدي,مغلق - تم الحل,28.0,4.0,نعم
MKC-2023206,2023-04-05,2023-05-20,الزاهر,شكوى مخالفة بناء,شكوى,حساب X (تويتر),مغلق - تم الحل,45.0,3.0,نعم
MKC-2024510,2023-04-05,2023-04-07,الجميزة,شكوى نظافة عامة,شكوى,حساب X (تويتر),مغلق - تم الحل,2.0,2.0,نعم
MKC-2026235,2023-04-05,2023-05-20,الكعكية,طلب صيانة حديقة/ملعب,طلب صيانة,مكتب فرعي بالحي,مغلق - تم الحل,45.0,3.0,نعم
MKC-2025101,2023-04-05,2023-05-06,الزاهر,شكوى مركبات مهملة,شكوى,مكتب خدمة العملاء,مغلق - تم الحل,31.0,4.0,نعم
MKC-2023962,2023-04-05,2023-04-12,النوارية,شكوى باعة متجولين,شكوى,مكتب خدمة العملاء,مغلق - تم الحل,7.0,4.0,نعم
MKC-2028658,2023-04-05,2023-04-25,الهجرة,شكوى مخالفة بناء,شكوى,تطبيق بلدي,مغلق - تم الحل,20.0,3.0,نعم
MKC-2028792,2023-04-05,2023-04-08,العتيبية,شكوى مركبات مهملة,شكوى,مكتب فرعي بالحي,مغلق - تم الحل,3.0,4.0,نعم
MKC-2023334,2023-04-05,2023-04-15,المسفلة,ترخيص لافتات إعلانية,طلب ترخيص,تطبيق بلدي,محول لجهة أخرى,10.0,,نعم
MKC-2025058,2023-04-05,,الحجون,تجديد رخصة تجارية,طلب ترخيص,مكتب خدمة العملاء,قيد المعالجة,,,نعم
MKC-2027677,2023-04-05,2023-04-16,الكعكية,طلب صيانة حديقة/ملعب,طلب صيانة,مكتب خدمة العملاء,محول لجهة أخرى,11.0,,نعم
MKC-2023216,2023-04-05,2023-04-27,الجميزة,شكوى مركبات مهملة,شكوى,مكتب خدمة العملاء,مغلق - تم الحل,22.0,3.0,نعم
MKC-2024768,2023-04-05,2023-05-16,الشوقية,ترخيص بناء,طلب ترخيص,تطبيق بلدي,مرفوض,41.0,,نعم
MKC-2023887,2023-04-05,2023-04-15,الحجون,شكوى إنارة شوارع,شكوى,تطبيق بلدي,مقبول ومنفذ,10.0,4.0,نعم
MKC-2027738,2023-04-05,2023-06-02,الزاهر,ترخيص تجاري,طلب ترخيص,تطبيق بلدي,محول لجهة أخرى,58.0,,نعم
MKC-2024550,2023-04-05,2023-04-09,الزاهر,شكوى إشغال طريق,شكوى,مكتب خدمة العملاء,مغلق - تم الحل,4.0,4.0,نعم
MKC-2026898,2023-04-05,2023-04-14,العزيزية,شكوى نظافة عامة,شكوى,مكتب خدمة العملاء,محول لجهة أخرى,9.0,,نعم
MKC-2026368,2023-04-06,2023-05-19,الكعكية,طلب صيانة حديقة/ملعب,طلب صيانة,تطبيق بلدي,مقبول ومنفذ,43.0,3.0,نعم
MKC-2027187,2023-04-06,2023-04-13,الهجرة,شكوى إشغال طريق,شكوى,تطبيق بلدي,محول لجهة أخرى,7.0,,نعم
MKC-2024653,2023-04-06,2023-04-17,العزيزية,شكوى إنارة شوارع,شكوى,تطبيق بلدي,مغلق - تم الحل,11.0,3.0,نعم
MKC-2026411,2023-04-06,2023-05-02,العزيزية,شكوى إنارة شوارع,شكوى,مكتب فرعي بالحي,مغلق - تم الحل,26.0,3.0,نعم
MKC-2027704,2023-04-06,2023-04-13,جرول,ترخيص لافتات إعلانية,طلب ترخيص,مكتب خدمة العملاء,مقبول ومنفذ,7.0,3.0,نعم
MKC-2023678,2023-04-06,2023-04-19,جرول,تجديد رخصة تجارية,طلب ترخيص,تطبيق بلدي,مقبول ومنفذ,13.0,5.0,نعم
MKC-2025779,2023-04-06,2023-05-05,العزيزية,ترخيص تجاري,طلب ترخيص,مكتب خدمة العملاء,محول لجهة أخرى,29.0,,نعم
MKC-2027616,2023-04-06,2023-06-19,المسفلة,ترخيص بناء,طلب ترخيص,مكتب خدمة العملاء,مرفوض,74.0,,نعم
MKC-2023301,2023-04-06,2023-06-04,النسيم,ترخيص بناء,طلب ترخيص,تطبيق بلدي,مقبول ومنفذ,59.0,2.0,نعم
MKC-2028909,2023-04-06,2023-05-22,العتيبية,ترخيص بناء,طلب ترخيص,تطبيق بلدي,مرفوض,46.0,,نعم
MKC-2027042,2023-04-06,2023-04-11,الششة,شكوى نظافة عامة,شكوى,تطبيق بلدي,مغلق - تم الحل,5.0,5.0,نعم
MKC-2024239,2023-04-06,2023-04-14,الشرائع,شكوى باعة متجولين,شكوى,مكتب خدمة العملاء,مغلق - تم الحل,8.0,5.0,نعم
MKC-2025378,2023-04-06,2023-04-17,الرصيفة,تجديد رخصة تجارية,طلب ترخيص,حساب X (تويتر),قيد المعالجة,11.0,,نعم
MKC-2024802,2023-04-06,2023-05-23,الزاهر,شكوى مخالفة بناء,شكوى,تطبيق بلدي,مغلق - تم الحل,47.0,3.0,نعم
MKC-2023473,2023-04-06,2023-04-26,الشوقية,شكوى صرف صحي,شكوى,المركز الموحد 940,مغلق - تم الحل,20.0,4.0,نعم
MKC-2024188,2023-04-07,2023-04-20,الحجون,شكوى إشغال طريق,شكوى,تطبيق بلدي,مغلق - تم الحل,13.0,3.0,نعم
MKC-2025727,2023-04-07,2023-05-20,المسفلة,ترخيص بناء,طلب ترخيص,تطبيق بلدي,محول لجهة أخرى,43.0,,نعم
MKC-2026928,2023-04-07,2023-05-01,الحجون,ترخيص لافتات إعلانية,طلب ترخيص,مكتب فرعي بالحي,مقبول ومنفذ,24.0,3.0,نعم
MKC-2026224,2023-04-07,2023-04-16,الهجرة,شكوى نظافة عامة,شكوى,تطبيق بلدي,محول لجهة أخرى,9.0,,نعم
MKC-2026811,2023-04-07,2023-04-14,أجياد,شكوى باعة متجولين,شكوى,تطبيق بلدي,محول لجهة أخرى,7.0,,نعم
MKC-2023917,2023-04-07,2023-04-16,الكعكية,شكوى صرف صحي,شكوى,تطبيق بلدي,مغلق - تم الحل,9.0,4.0,نعم
MKC-2023763,2023-04-07,2023-04-21,العزيزية,شكوى إشغال طريق,شكوى,مكتب خدمة العملاء,مغلق - تم الحل,14.0,4.0,نعم
MKC-2027427,2023-04-07,2023-04-12,المسفلة,شكوى باعة متجولين,شكوى,مكتب خدمة العملاء,مغلق - تم الحل,5.0,4.0,نعم
MKC-2028226,2023-04-07,2023-05-22,الشوقية,شكوى مخالفة بناء,شكوى,مكتب خدمة العملاء,مغلق - تم الحل,45.0,3.0,نعم
MKC-2025333,2023-04-07,2023-04-15,العتيبية,تجديد رخصة تجارية,طلب ترخيص,تطبيق بلدي,مرفوض,8.0,,نعم
MKC-2023670,2023-04-07,2023-04-12,أجياد,شكوى نظافة عامة,شكوى,حساب X (تويتر),مغلق - تم الحل,5.0,4.0,نعم
MKC-2024104,2023-04-07,2023-05-13,العتيبية,ترخيص بناء,طلب ترخيص,مكتب فرعي بالحي,مقبول ومنفذ,36.0,1.0,نعم
MKC-2028902,2023-04-07,2023-05-26,الشوقية,ترخيص بناء,طلب ترخيص,مكتب فرعي بالحي,مقبول ومنفذ,49.0,3.0,نعم
MKC-2027846,2023-04-07,2023-04-15,النسيم,شكوى صرف صحي,شكوى,المركز الموحد 940,محول لجهة أخرى,8.0,,نعم
MKC-2023340,2023-04-07,2023-04-19,المسفلة,طلب صيانة حديقة/ملعب,طلب صيانة,حساب X (تويتر),مرفوض,12.0,,نعم
MKC-2024116,2023-04-07,2023-04-21,النوارية,ترخيص لافتات إعلانية,طلب ترخيص,تطبيق بلدي,مقبول ومنفذ,14.0,4.0,نعم
MKC-2026390,2023-04-07,2023-04-13,العزيزية,شكوى باعة متجولين,شكوى,حساب X (تويتر),مغلق - تم الحل,6.0,5.0,نعم
MKC-2027788,2023-04-07,2023-04-25,الحجون,شكوى صرف صحي,شكوى,تطبيق بلدي,مغلق - تم الحل,18.0,3.0,نعم
MKC-2024053,2023-04-07,2023-04-10,الكعكية,تجديد رخصة تجارية,طلب ترخيص,مكتب خدمة العملاء,مغلق - تم الحل,3.0,4.0,نعم
MKC-2028240,2023-04-07,2023-04-13,الهجرة,طلب صيانة حديقة/ملعب,طلب صيانة,حساب X (تويتر),مرفوض,6.0,,نعم
MKC-2025236,2023-04-07,2023-05-01,الشوقية,شكوى مركبات مهملة,شكوى,مكتب خدمة العملاء,مغلق - تم الحل,24.0,3.0,نعم
MKC-2027848,2023-04-07,2023-04-20,الشوقية,شكوى صرف صحي,شكوى,تطبيق بلدي,مغلق - تم الحل,13.0,5.0,نعم
MKC-2026571,2023-04-08,2023-04-12,النسيم,شكوى باعة متجولين,شكوى,مكتب خدمة العملاء,مرفوض,4.0,,نعم
MKC-2024367,2023-04-08,2023-04-15,الحجون,شكوى نظافة عامة,شكوى,تطبيق بلدي,مغلق - تم الحل,7.0,4.0,نعم
MKC-2023058,2023-04-08,2023-04-23,العزيزية,شكوى إشغال طريق,شكوى,تطبيق بلدي,مقبول ومنفذ,15.0,5.0,نعم
MKC-2023230,2023-04-08,2023-04-26,الجميزة,شكوى إشغال طريق,شكوى,المركز الموحد 940,مغلق - تم الحل,18.0,4.0,نعم
MKC-2027538,2023-04-08,2023-04-18,العزيزية,شكوى نظافة عامة,شكوى,تطبيق بلدي,مقبول ومنفذ,10.0,4.0,نعم
MKC-2026025,2023-04-08,2023-04-29,الرصيفة,شكوى مركبات مهملة,شكوى,تطبيق بلدي,مغلق - تم الحل,21.0,3.0,نعم
MKC-2023309,2023-04-08,2023-04-20,أجياد,تجديد رخصة تجارية,طلب ترخيص,تطبيق بلدي,مقبول ومنفذ,12.0,4.0,نعم
MKC-2026269,2023-04-08,2023-06-08,الجميزة,ترخيص بناء,طلب ترخيص,المركز الموحد 940,مقبول ومنفذ,61.0,5.0,نعم
MKC-2023049,2023-04-08,2023-05-14,النوارية,طلب صيانة حديقة/ملعب,طلب صيانة,مكتب فرعي بالحي,مرفوض,36.0,,نعم
MKC-2025713,2023-04-08,2023-04-18,الجميزة,شكوى إشغال طريق,شكوى,المركز الموحد 940,مغلق - تم الحل,10.0,4.0,نعم
MKC-2025007,2023-04-08,2023-04-16,النسيم,تجديد رخصة تجارية,طلب ترخيص,تطبيق بلدي,مرفوض,8.0,,نعم
MKC-2023152,2023-04-08,2023-06-16,الزاهر,ترخيص بناء,طلب ترخيص,تطبيق بلدي,مقبول ومنفذ,69.0,4.0,نعم
MKC-2023544,2023-04-08,2023-04-24,المسفلة,ترخيص لافتات إعلانية,طلب ترخيص,تطبيق بلدي,مقبول ومنفذ,16.0,4.0,نعم
MKC-2024601,2023-04-08,2023-04-10,الرصيفة,شكوى إنارة شوارع,شكوى,تطبيق بلدي,مقبول ومنفذ,2.0,5.0,نعم
MKC-2026977,2023-04-08,2023-04-19,الهجرة,تجديد رخصة تجارية,طلب ترخيص,تطبيق بلدي,محول لجهة أخرى,11.0,,نعم
MKC-2025012,2023-04-08,2023-04-17,الشرائع,شكوى مخالفة بناء,شكوى,تطبيق بلدي,مقبول ومنفذ,9.0,5.0,نعم
MKC-2028467,2023-04-08,2023-04-13,الشوقية,تجديد رخصة تجارية,طلب ترخيص,تطبيق بلدي,مقبول ومنفذ,5.0,4.0,نعم
MKC-2024756,2023-04-08,2023-04-15,الشرائع,شكوى نظافة عامة,شكوى,تطبيق بلدي,مغلق - تم الحل,7.0,5.0,نعم
MKC-2026969,2023-04-09,2023-05-01,الزاهر,شكوى إنارة شوارع,شكوى,مكتب خدمة العملاء,مغلق - تم الحل,22.0,4.0,نعم
MKC-2028063,2023-04-09,2023-05-08,العزيزية,شكوى مركبات مهملة,شكوى,مكتب خدمة العملاء,مقبول ومنفذ,29.0,3.0,نعم
MKC-2028362,2023-04-09,2023-04-20,أجياد,تجديد رخصة تجارية,طلب ترخيص,تطبيق بلدي,مرفوض,11.0,,نعم
MKC-2026188,2023-04-09,2023-05-19,الششة,ترخيص بناء,طلب ترخيص,المركز الموحد 940,مرفوض,40.0,,نعم
MKC-2024150,2023-04-09,2023-05-21,أجياد,ترخيص بناء,طلب ترخيص,المركز الموحد 940,مقبول ومنفذ,42.0,2.0,نعم
MKC-2026606,2023-04-09,2023-05-04,الكعكية,ترخيص بناء,طلب ترخيص,تطبيق بلدي,مرفوض,25.0,,نعم
MKC-2023127,2023-04-09,2023-04-30,النسيم,ترخيص بناء,طلب ترخيص,تطبيق بلدي,مغلق - تم الحل,21.0,5.0,نعم
MKC-2023263,2023-04-09,2023-05-14,الشوقية,شكوى مركبات مهملة,شكوى,تطبيق بلدي,مرفوض,35.0,,نعم
MKC-2027675,2023-04-09,2023-05-07,الجميزة,ترخيص تجاري,طلب ترخيص,مكتب خدمة العملاء,مقبول ومنفذ,28.0,2.0,نعم
MKC-2023203,2023-04-09,2023-05-04,الرصيفة,ترخيص بناء,طلب ترخيص,تطبيق بلدي,مرفوض,25.0,,نعم
MKC-2025476,2023-04-09,2023-04-17,الحجون,شكوى نظافة عامة,شكوى,مكتب خدمة العملاء,مغلق - تم الحل,8.0,3.0,نعم
MKC-2028756,2023-04-09,2023-04-22,بطحاء قريش,شكوى إنارة شوارع,شكوى,مكتب خدمة العملاء,مغلق - تم الحل,13.0,4.0,نعم
MKC-2023805,2023-04-09,2023-04-15,العزيزية,شكوى صرف صحي,شكوى,تطبيق بلدي,محول لجهة أخرى,6.0,,نعم
MKC-2026900,2023-04-09,2023-04-27,بطحاء قريش,شكوى مركبات مهملة,شكوى,حساب X (تويتر),مغلق - تم الحل,18.0,2.0,نعم
MKC-2025605,2023-04-09,2023-04-14,المسفلة,ترخيص لافتات إعلانية,طلب ترخيص,تطبيق بلدي,محول لجهة أخرى,5.0,,نعم
MKC-2026890,2023-04-09,2023-05-18,العزيزية,ترخيص تجاري,طلب ترخيص,تطبيق بلدي,مرفوض,39.0,,نعم
MKC-2025183,2023-04-09,2023-05-06,الشوقية,شكوى مركبات مهملة,شكوى,تطبيق بلدي,محول لجهة أخرى,27.0,,نعم
MKC-2023416,2023-04-09,,الشرائع,شكوى إنارة شوارع,شكوى,تطبيق بلدي,قيد المعالجة,,,نعم
MKC-2028487,2023-04-09,2023-04-22,الحجون,شكوى إشغال طريق,شكوى,مكتب فرعي بالحي,مغلق - تم الحل,13.0,4.0,نعم
MKC-2026162,2023-04-09,2023-05-30,الشرائع,ترخيص تجاري,طلب ترخيص,تطبيق بلدي,مقبول ومنفذ,51.0,2.0,نعم
MKC-2028942,2023-04-10,2023-04-17,أجياد,شكوى باعة متجولين,شكوى,تطبيق بلدي,مرفوض,7.0,,نعم
MKC-2026971,2023-04-10,2023-04-28,الشرائع,شكوى مخالفة بناء,شكوى,تطبيق بلدي,مقبول ومنفذ,18.0,3.0,نعم
MKC-2024528,2023-04-10,2023-04-14,الزاهر,تجديد رخصة تجارية,طلب ترخيص,المركز الموحد 940,مقبول ومنفذ,4.0,4.0,نعم
MKC-2024164,2023-04-10,2023-04-14,الشرائع,شكوى باعة متجولين,شكوى,تطبيق بلدي,محول لجهة أخرى,4.0,,نعم
MKC-2027368,2023-04-10,2023-05-18,العتيبية,ترخيص تجاري,طلب ترخيص,حساب X (تويتر),مقبول ومنفذ,38.0,3.0,نعم
MKC-2025048,2023-04-10,2023-06-18,الكعكية,ترخيص بناء,طلب ترخيص,تطبيق بلدي,مقبول ومنفذ,69.0,1.0,نعم
MKC-2028403,2023-04-10,,النسيم,تجديد رخصة تجارية,طلب ترخيص,تطبيق بلدي,قيد المعالجة,,,نعم
MKC-2025890,2023-04-10,2023-04-24,المسفلة,شكوى إشغال طريق,شكوى,تطبيق بلدي,مغلق - تم الحل,14.0,4.0,نعم
MKC-2026214,2023-04-10,2023-05-14,النوارية,ترخيص تجاري,طلب ترخيص,تطبيق بلدي,مقبول ومنفذ,34.0,4.0,نعم
MKC-2028325,2023-04-10,2023-05-05,العتيبية,شكوى إنارة شوارع,شكوى,المركز الموحد 940,مغلق - تم الحل,25.0,3.0,نعم
MKC-2023461,2023-04-10,2023-05-15,الهجرة,شكوى مخالفة بناء,شكوى,مكتب خدمة العملاء,مغلق - تم الحل,35.0,3.0,نعم
MKC-2028370,2023-04-10,,أجياد,شكوى باعة متجولين,شكوى,تطبيق بلدي,قيد المعالجة,,,نعم
MKC-2025516,2023-04-10,2023-04-29,الهجرة,شكوى مركبات مهملة,شكوى,تطبيق بلدي,محول لجهة أخرى,19.0,,نعم
MKC-2028518,2023-04-10,2023-04-16,النسيم,شكوى باعة متجولين,شكوى,تطبيق بلدي,محول لجهة أخرى,6.0,,نعم
MKC-2023260,2023-04-10,2023-04-12,جرول,شكوى نظافة عامة,شكوى,مكتب فرعي بالحي,مرفوض,2.0,,نعم
MKC-2028324,2023-04-10,2023-04-21,الشرائع,شكوى نظافة عامة,شكوى,مكتب فرعي بالحي,مغلق - تم الحل,11.0,3.0,نعم
MKC-2028418,2023-04-10,2023-06-03,الزاهر,ترخيص بناء,طلب ترخيص,تطبيق بلدي,مرفوض,54.0,,نعم
MKC-2023375,2023-04-11,2023-06-29,بطحاء قريش,ترخيص بناء,طلب ترخيص,تطبيق بلدي,مقبول ومنفذ,79.0,2.0,نعم
MKC-2025911,2023-04-11,2023-04-18,الزاهر,ترخيص لافتات إعلانية,طلب ترخيص,المركز الموحد 940,محول لجهة أخرى,7.0,,نعم
MKC-2025902,2023-04-11,2023-05-24,الرصيفة,ترخيص تجاري,طلب ترخيص,حساب X (تويتر),قيد المعالجة,43.0,,نعم
MKC-2025382,2023-04-11,2023-05-16,المسفلة,ترخيص بناء,طلب ترخيص,حساب X (تويتر),محول لجهة أخرى,35.0,,نعم
MKC-2024914,2023-04-11,2023-06-07,جرول,ترخيص تجاري,طلب ترخيص,مكتب خدمة العملاء,مرفوض,57.0,,نعم
MKC-2025952,2023-04-11,2023-04-24,النوارية,ترخيص تجاري,طلب ترخيص,مكتب فرعي بالحي,مقبول ومنفذ,13.0,4.0,نعم
MKC-2025375,2023-04-11,2023-04-18,الشوقية,شكوى نظافة عامة,شكوى,تطبيق بلدي,مغلق - تم الحل,7.0,4.0,نعم
MKC-2023468,2023-04-11,2023-04-15,جرول,شكوى إنارة شوارع,شكوى,مكتب فرعي بالحي,مرفوض,4.0,,نعم
MKC-2025359,2023-04-11,2023-04-26,بطحاء قريش,شكوى صرف صحي,شكوى,تطبيق بلدي,مغلق - تم الحل,15.0,3.0,نعم
MKC-2027719,2023-04-11,2023-04-15,جرول,شكوى مركبات مهملة,شكوى,مكتب خدمة العملاء,محول لجهة أخرى,4.0,,نعم
MKC-2028077,2023-04-11,2023-04-15,بطحاء قريش,شكوى باعة متجولين,شكوى,مكتب فرعي بالحي,مغلق - تم الحل,4.0,4.0,نعم
MKC-2024989,2023-04-11,2023-04-24,النوارية,ترخيص تجاري,طلب ترخيص,تطبيق بلدي,مقبول ومنفذ,13.0,4.0,نعم
MKC-2023761,2023-04-11,2023-04-23,النسيم,شكوى صرف صحي,شكوى,مكتب خدمة العملاء,مغلق - تم الحل,12.0,5.0,نعم
MKC-2023848,2023-04-11,2023-04-21,أجياد,شكوى نظافة عامة,شكوى,تطبيق بلدي,مقبول ومنفذ,10.0,4.0,نعم
MKC-2027880,2023-04-11,2023-04-20,الجميزة,تجديد رخصة تجارية,طلب ترخيص,مكتب فرعي بالحي,مقبول ومنفذ,9.0,2.0,نعم
MKC-2027456,2023-04-11,2023-04-19,بطحاء قريش,شكوى نظافة عامة,شكوى,تطبيق بلدي,مقبول ومنفذ,8.0,4.0,نعم
MKC-2028570,2023-04-11,2023-05-12,أجياد,شكوى مخالفة بناء,شكوى,مكتب خدمة العملاء,قيد المعالجة,31.0,,نعم
MKC-2027251,2023-04-11,2023-04-13,الكعكية,شكوى نظافة عامة,شكوى,مكتب خدمة العملاء,مرفوض,2.0,,نعم
MKC-2028559,2023-04-11,2023-05-09,الكعكية,شكوى مخالفة بناء,شكوى,مكتب خدمة العملاء,مغلق - تم الحل,28.0,4.0,نعم
MKC-2024003,2023-04-12,2023-04-28,النسيم,تجديد رخصة تجارية,طلب ترخيص,مكتب خدمة العملاء,محول لجهة أخرى,16.0,,نعم
MKC-2026057,2023-04-12,2023-04-23,العزيزية,شكوى نظافة عامة,شكوى,حساب X (تويتر),مغلق - تم الحل,11.0,5.0,نعم
MKC-2028041,2023-04-12,2023-06-06,الششة,ترخيص بناء,طلب ترخيص,مكتب خدمة العملاء,محول لجهة أخرى,55.0,,نعم
MKC-2023194,2023-04-12,2023-04-23,الشوقية,تجديد رخصة تجارية,طلب ترخيص,مكتب خدمة العملاء,محول لجهة أخرى,11.0,,نعم
MKC-2023984,2023-04-12,,أجياد,ترخيص تجاري,طلب ترخيص,المركز الموحد 940,قيد المعالجة,,,نعم
MKC-2025008,2023-04-12,2023-05-20,الرصيفة,ترخيص تجاري,طلب ترخيص,مكتب خدمة العملاء,مقبول ومنفذ,38.0,4.0,نعم
MKC-2027125,2023-04-12,2023-05-02,أجياد,طلب صيانة حديقة/ملعب,طلب صيانة,مكتب خدمة العملاء,مقبول ومنفذ,20.0,4.0,نعم
MKC-2026705,2023-04-12,2023-04-20,الزاهر,شكوى إنارة شوارع,شكوى,تطبيق بلدي,مغلق - تم الحل,8.0,5.0,نعم
MKC-2025525,2023-04-12,2023-04-17,الهجرة,شكوى مركبات مهملة,شكوى,مكتب خدمة العملاء,مغلق - تم الحل,5.0,4.0,نعم
MKC-2027413,2023-04-12,2023-04-14,الجميزة,شكوى نظافة عامة,شكوى,تطبيق بلدي,مغلق - تم الحل,2.0,5.0,نعم
MKC-2025173,2023-04-12,2023-04-25,العزيزية,شكوى إشغال طريق,شكوى,تطبيق بلدي,مقبول ومنفذ,13.0,3.0,نعم
MKC-2023090,2023-04-12,2023-06-07,العتيبية,ترخيص بناء,طلب ترخيص,حساب X (تويتر),مقبول ومنفذ,56.0,4.0,نعم
MKC-2023551,2023-04-12,2023-04-27,العزيزية,شكوى إنارة شوارع,شكوى,مكتب خدمة العملاء,مرفوض,15.0,,نعم
MKC-2027465,2023-04-12,2023-05-07,الشرائع,شكوى مخالفة بناء,شكوى,المركز الموحد 940,محول لجهة أخرى,25.0,,نعم
MKC-2027223,2023-04-12,2023-04-19,أجياد,شكوى مركبات مهملة,شكوى,المركز الموحد 940,مغلق - تم الحل,7.0,4.0,نعم
MKC-2027007,2023-04-12,2023-04-25,العزيزية,شكوى صرف صحي,شكوى,المركز الموحد 940,مغلق - تم الحل,13.0,5.0,نعم
MKC-2028873,2023-04-13,2023-04-22,جرول,تجديد رخصة تجارية,طلب ترخيص,المركز الموحد 940,مرفوض,9.0,,نعم
MKC-2023028,2023-04-13,,أجياد,شكوى مركبات مهملة,شكوى,تطبيق بلدي,قيد المعالجة,,,نعم
MKC-2027078,2023-04-13,2023-04-26,العزيزية,تجديد رخصة تجارية,طلب ترخيص,تطبيق بلدي,مغلق - تم الحل,13.0,4.0,نعم
MKC-2027839,2023-04-13,2023-05-06,الششة,شكوى مركبات مهملة,شكوى,تطبيق بلدي,مغلق - تم الحل,23.0,3.0,نعم
MKC-2028734,2023-04-13,2023-04-24,جرول,تجديد رخصة تجارية,طلب ترخيص,حساب X (تويتر),مرفوض,11.0,,نعم
MKC-2024110,2023-04-13,2023-05-26,الكعكية,ترخيص تجاري,طلب ترخيص,تطبيق بلدي,مقبول ومنفذ,43.0,3.0,نعم
MKC-2024783,2023-04-13,2023-04-22,النسيم,تجديد رخصة تجارية,طلب ترخيص,تطبيق بلدي,مقبول ومنفذ,9.0,2.0,نعم
MKC-2026793,2023-04-13,2023-05-02,جرول,تجديد رخصة تجارية,طلب ترخيص,المركز الموحد 940,مرفوض,19.0,,نعم
MKC-2024903,2023-04-13,2023-05-31,الشوقية,ترخيص بناء,طلب ترخيص,المركز الموحد 940,مقبول ومنفذ,48.0,2.0,نعم
MKC-2028961,2023-04-13,2023-04-18,الششة,شكوى نظافة عامة,شكوى,تطبيق بلدي,مغلق - تم الحل,5.0,5.0,نعم
MKC-2026538,2023-04-13,2023-05-01,النوارية,شكوى إنارة شوارع,شكوى,تطبيق بلدي,مغلق - تم الحل,18.0,3.0,نعم
MKC-2025682,2023-04-13,2023-05-08,النسيم,ترخيص بناء,طلب ترخيص,تطبيق بلدي,مرفوض,25.0,,نعم
MKC-2024518,2023-04-13,2023-05-03,الرصيفة,شكوى مخالفة بناء,شكوى,المركز الموحد 940,مغلق - تم الحل,20.0,4.0,نعم
MKC-2026424,2023-04-13,2023-04-25,العتيبية,شكوى مخالفة بناء,شكوى,مكتب خدمة العملاء,مغلق - تم الحل,12.0,4.0,نعم
MKC-2023522,2023-04-13,2023-04-18,النوارية,شكوى إشغال طريق,شكوى,المركز الموحد 940,مغلق - تم الحل,5.0,4.0,نعم
MKC-2028439,2023-04-13,2023-05-12,الشوقية,ترخيص بناء,طلب ترخيص,مكتب خدمة العملاء,مقبول ومنفذ,29.0,3.0,نعم
MKC-2024442,2023-04-13,2023-04-22,الزاهر,ترخيص تجاري,طلب ترخيص,حساب X (تويتر),مرفوض,9.0,,نعم
MKC-2024395,2023-04-13,2023-04-19,بطحاء قريش,شكوى نظافة عامة,شكوى,تطبيق بلدي,مغلق - تم الحل,6.0,4.0,نعم
MKC-2024963,2023-04-13,2023-05-03,الحجون,ترخيص لافتات إعلانية,طلب ترخيص,حساب X (تويتر),محول لجهة أخرى,20.0,,نعم
MKC-2025915,2023-04-13,2023-04-25,الزاهر,شكوى إشغال طريق,شكوى,تطبيق بلدي,محول لجهة أخرى,12.0,,نعم
MKC-2023702,2023-04-13,2023-04-26,النوارية,تجديد رخصة تجارية,طلب ترخيص,تطبيق بلدي,مقبول ومنفذ,13.0,4.0,نعم
MKC-2027935,2023-04-13,2023-04-27,الشرائع,تجديد رخصة تجارية,طلب ترخيص,تطبيق بلدي,مقبول ومنفذ,14.0,2.0,نعم
MKC-2027285,2023-04-13,2023-06-21,بطحاء قريش,ترخيص بناء,طلب ترخيص,المركز الموحد 940,مغلق - تم الحل,69.0,2.0,نعم
MKC-2025950,2023-04-13,2023-04-16,الرصيفة,شكوى باعة متجولين,شكوى,مكتب خدمة العملاء,مقبول ومنفذ,3.0,3.0,نعم
MKC-2023267,2023-04-13,,الشوقية,تجديد رخصة تجارية,طلب ترخيص,حساب X (تويتر),قيد المعالجة,,,نعم
MKC-2027387,2023-04-13,2023-04-25,الزاهر,شكوى صرف صحي,شكوى,حساب X (تويتر),محول لجهة أخرى,12.0,,نعم
MKC-2026527,2023-04-13,2023-05-25,الحجون,ترخيص تجاري,طلب ترخيص,مكتب فرعي بالحي,مقبول ومنفذ,42.0,3.0,نعم
MKC-2027659,2023-04-13,2023-04-15,الجميزة,شكوى باعة متجولين,شكوى,مكتب فرعي بالحي,مقبول ومنفذ,2.0,4.0,نعم
MKC-2024153,2023-04-13,2023-04-28,النسيم,شكوى صرف صحي,شكوى,حساب X (تويتر),مغلق - تم الحل,15.0,3.0,نعم
MKC-2026198,2023-04-13,2023-04-24,النسيم,ترخيص تجاري,طلب ترخيص,تطبيق بلدي,مقبول ومنفذ,11.0,3.0,نعم
MKC-2024842,2023-04-13,2023-06-04,أجياد,ترخيص بناء,طلب ترخيص,المركز الموحد 940,مقبول ومنفذ,52.0,2.0,نعم
MKC-2028262,2023-04-13,2023-04-17,الجميزة,شكوى إنارة شوارع,شكوى,تطبيق بلدي,قيد المعالجة,4.0,,نعم
MKC-2028567,2023-04-13,2023-04-18,النسيم,شكوى باعة متجولين,شكوى,مكتب خدمة العملاء,مغلق - تم الحل,5.0,5.0,نعم
MKC-2023441,2023-04-13,2023-04-22,الكعكية,شكوى مخالفة بناء,شكوى,تطبيق بلدي,محول لجهة أخرى,9.0,,نعم
MKC-2027398,2023-04-14,2023-04-29,العتيبية,تجديد رخصة تجارية,طلب ترخيص,تطبيق بلدي,مقبول ومنفذ,15.0,4.0,نعم
MKC-2028048,2023-04-14,2023-04-22,الكعكية,تجديد رخصة تجارية,طلب ترخيص,المركز الموحد 940,مقبول ومنفذ,8.0,3.0,نعم
MKC-2027670,2023-04-14,2023-05-11,أجياد,شكوى مخالفة بناء,شكوى,تطبيق بلدي,مقبول ومنفذ,27.0,4.0,نعم
MKC-2026967,2023-04-14,2023-04-17,الششة,شكوى باعة متجولين,شكوى,تطبيق بلدي,محول لجهة أخرى,3.0,,نعم
MKC-2025208,2023-04-14,2023-04-26,الهجرة,شكوى إشغال طريق,شكوى,المركز الموحد 940,مغلق - تم الحل,12.0,4.0,نعم
MKC-2026342,2023-04-14,2023-05-03,المسفلة,شكوى صرف صحي,شكوى,مكتب خدمة العملاء,مرفوض,19.0,,نعم
MKC-2028825,2023-04-14,2023-04-18,الهجرة,شكوى صرف صحي,شكوى,تطبيق بلدي,محول لجهة أخرى,4.0,,نعم
MKC-2026656,2023-04-14,2023-04-25,النسيم,شكوى إشغال طريق,شكوى,مكتب خدمة العملاء,مغلق - تم الحل,11.0,4.0,نعم
MKC-2025956,2023-04-14,2023-04-19,بطحاء قريش,شكوى باعة متجولين,شكوى,تطبيق بلدي,مغلق - تم الحل,5.0,4.0,نعم
MKC-2023374,2023-04-14,2023-04-24,المسفلة,شكوى نظافة عامة,شكوى,تطبيق بلدي,مغلق - تم الحل,10.0,4.0,نعم
MKC-2027960,2023-04-14,2023-04-18,النسيم,شكوى إشغال طريق,شكوى,حساب X (تويتر),مغلق - تم الحل,4.0,5.0,نعم
MKC-2027961,2023-04-14,2023-04-24,بطحاء قريش,شكوى نظافة عامة,شكوى,تطبيق بلدي,مغلق - تم الحل,10.0,5.0,نعم
MKC-2024433,2023-04-14,2023-04-21,الجميزة,شكوى نظافة عامة,شكوى,حساب X (تويتر),مغلق - تم الحل,7.0,5.0,نعم
MKC-2028887,2023-04-14,2023-04-20,العزيزية,شكوى صرف صحي,شكوى,المركز الموحد 940,مغلق - تم الحل,6.0,4.0,نعم
MKC-2026805,2023-04-14,2023-05-17,العتيبية,ترخيص تجاري,طلب ترخيص,تطبيق بلدي,مقبول ومنفذ,33.0,2.0,نعم
MKC-2025441,2023-04-15,2023-04-25,العتيبية,ترخيص لافتات إعلانية,طلب ترخيص,المركز الموحد 940,محول لجهة أخرى,10.0,,نعم
MKC-2023953,2023-04-15,2023-04-25,الزاهر,شكوى نظافة عامة,شكوى,مكتب خدمة العملاء,مغلق - تم الحل,10.0,3.0,نعم
MKC-2028333,2023-04-15,2023-04-17,النسيم,شكوى باعة متجولين,شكوى,تطبيق بلدي,مغلق - تم الحل,2.0,5.0,نعم
MKC-2028978,2023-04-15,2023-04-18,العزيزية,شكوى نظافة عامة,شكوى,تطبيق بلدي,مقبول ومنفذ,3.0,5.0,نعم
MKC-2027062,2023-04-15,2023-04-24,بطحاء قريش,شكوى إنارة شوارع,شكوى,المركز الموحد 940,مغلق - تم الحل,9.0,5.0,نعم
MKC-2023088,2023-04-15,,الحجون,تجديد رخصة تجارية,طلب ترخيص,تطبيق بلدي,قيد المعالجة,,,نعم
MKC-2026116,2023-04-15,2023-05-03,المسفلة,شكوى صرف صحي,شكوى,تطبيق بلدي,محول لجهة أخرى,18.0,,نعم
MKC-2025922,2023-04-15,2023-04-19,الششة,شكوى نظافة عامة,شكوى,المركز الموحد 940,مغلق - تم الحل,4.0,5.0,نعم
MKC-2027008,2023-04-15,2023-04-22,الكعكية,شكوى إنارة شوارع,شكوى,تطبيق بلدي,مغلق - تم الحل,7.0,3.0,نعم
MKC-2027564,2023-04-15,2023-04-25,الزاهر,شكوى إشغال طريق,شكوى,مكتب فرعي بالحي,محول لجهة أخرى,10.0,,نعم
MKC-2025988,2023-04-15,2023-04-29,الزاهر,تجديد رخصة تجارية,طلب ترخيص,تطبيق بلدي,مقبول ومنفذ,14.0,4.0,نعم
MKC-2025880,2023-04-15,2023-04-28,العزيزية,ترخيص تجاري,طلب ترخيص,تطبيق بلدي,مرفوض,13.0,,نعم
MKC-2026617,2023-04-15,2023-05-07,أجياد,شكوى مركبات مهملة,شكوى,مكتب فرعي بالحي,مقبول ومنفذ,22.0,5.0,نعم
MKC-2027921,2023-04-15,2023-07-02,الشوقية,ترخيص بناء,طلب ترخيص,مكتب خدمة العملاء,محول لجهة أخرى,78.0,,نعم
MKC-2024329,2023-04-15,2023-04-28,الحجون,تجديد رخصة تجارية,طلب ترخيص,المركز الموحد 940,مرفوض,13.0,,نعم
MKC-2027983,2023-04-15,2023-04-20,الششة,شكوى إشغال طريق,شكوى,حساب X (تويتر),مقبول ومنفذ,5.0,5.0,نعم
MKC-2025770,2023-04-15,2023-06-12,بطحاء قريش,ترخيص تجاري,طلب ترخيص,مكتب خدمة العملاء,مقبول ومنفذ,58.0,3.0,نعم
MKC-2023926,2023-04-15,2023-04-23,المسفلة,ترخيص تجاري,طلب ترخيص,تطبيق بلدي,مقبول ومنفذ,8.0,3.0,نعم
MKC-2024660,2023-04-15,2023-04-23,العزيزية,تجديد رخصة تجارية,طلب ترخيص,مكتب خدمة العملاء,مغلق - تم الحل,8.0,4.0,نعم
MKC-2028061,2023-04-15,2023-05-04,الرصيفة,شكوى إنارة شوارع,شكوى,تطبيق بلدي,مغلق - تم الحل,19.0,2.0,نعم
MKC-2023537,2023-04-16,2023-05-09,الزاهر,ترخيص لافتات إعلانية,طلب ترخيص,تطبيق بلدي,مرفوض,23.0,,نعم
MKC-2023888,2023-04-16,2023-05-03,النوارية,ترخيص بناء,طلب ترخيص,تطبيق بلدي,مرفوض,17.0,,نعم
MKC-2024359,2023-04-16,2023-05-13,النسيم,شكوى مركبات مهملة,شكوى,المركز الموحد 940,محول لجهة أخرى,27.0,,نعم
MKC-2025520,2023-04-16,2023-05-02,جرول,شكوى إشغال طريق,شكوى,المركز الموحد 940,مرفوض,16.0,,نعم
MKC-2023777,2023-04-16,2023-04-21,الزاهر,شكوى إشغال طريق,شكوى,المركز الموحد 940,مغلق - تم الحل,5.0,4.0,نعم
MKC-2023174,2023-04-16,2023-04-21,النوارية,تجديد رخصة تجارية,طلب ترخيص,تطبيق بلدي,مقبول ومنفذ,5.0,5.0,نعم
MKC-2026373,2023-04-16,2023-06-10,الكعكية,ترخيص بناء,طلب ترخيص,تطبيق بلدي,مقبول ومنفذ,55.0,3.0,نعم
MKC-2027409,2023-04-16,2023-04-29,الكعكية,تجديد رخصة تجارية,طلب ترخيص,تطبيق بلدي,محول لجهة أخرى,13.0,,نعم
MKC-2023967,2023-04-16,2023-05-30,النوارية,شكوى مخالفة بناء,شكوى,تطبيق بلدي,مرفوض,44.0,,نعم
MKC-2028407,2023-04-16,2023-05-07,الكعكية,شكوى مخالفة بناء,شكوى,تطبيق بلدي,مغلق - تم الحل,21.0,3.0,نعم
MKC-2025109,2023-04-16,2023-04-22,جرول,شكوى باعة متجولين,شكوى,مكتب فرعي بالحي,مغلق - تم الحل,6.0,5.0,نعم
MKC-2026533,2023-04-16,,العزيزية,شكوى مخالفة بناء,شكوى,مكتب فرعي بالحي,قيد المعالجة,,,نعم
MKC-2026234,2023-04-16,2023-05-09,الجميزة,شكوى مخالفة بناء,شكوى,المركز الموحد 940,مغلق - تم الحل,23.0,3.0,نعم
MKC-2026120,2023-04-16,2023-05-01,النسيم,طلب صيانة حديقة/ملعب,طلب صيانة,تطبيق بلدي,محول لجهة أخرى,15.0,,نعم
MKC-2027572,2023-04-16,2023-04-23,العزيزية,تجديد رخصة تجارية,طلب ترخيص,تطبيق بلدي,مقبول ومنفذ,7.0,5.0,نعم
MKC-2028106,2023-04-16,2023-04-22,النسيم,شكوى صرف صحي,شكوى,تطبيق بلدي,مغلق - تم الحل,6.0,5.0,نعم
MKC-2025587,2023-04-17,,الشوقية,ترخيص تجاري,طلب ترخيص,تطبيق بلدي,قيد المعالجة,,,نعم
MKC-2027373,2023-04-17,2023-06-18,الزاهر,ترخيص بناء,طلب ترخيص,المركز الموحد 940,مرفوض,62.0,,نعم
MKC-2025695,2023-04-17,2023-04-20,العتيبية,شكوى باعة متجولين,شكوى,تطبيق بلدي,مرفوض,3.0,,نعم
MKC-2027708,2023-04-17,2023-04-26,العتيبية,شكوى باعة متجولين,شكوى,المركز الموحد 940,مغلق - تم الحل,9.0,4.0,نعم
MKC-2026734,2023-04-17,2023-04-19,الشوقية,شكوى نظافة عامة,شكوى,المركز الموحد 940,مغلق - تم الحل,2.0,5.0,نعم
MKC-2023924,2023-04-17,2023-04-22,الزاهر,شكوى نظافة عامة,شكوى,مكتب فرعي بالحي,مغلق - تم الحل,5.0,4.0,نعم
MKC-2028676,2023-04-17,2023-04-24,الزاهر,شكوى باعة متجولين,شكوى,تطبيق بلدي,مغلق - تم الحل,7.0,3.0,نعم
MKC-2025809,2023-04-17,2023-04-20,النوارية,شكوى نظافة عامة,شكوى,تطبيق بلدي,مغلق - تم الحل,3.0,4.0,نعم
MKC-2026759,2023-04-17,2023-05-13,جرول,شكوى مركبات مهملة,شكوى,حساب X (تويتر),محول لجهة أخرى,26.0,,نعم
MKC-2024844,2023-04-17,2023-05-07,العزيزية,شكوى إنارة شوارع,شكوى,تطبيق بلدي,مرفوض,20.0,,نعم
MKC-2027466,2023-04-17,2023-05-06,جرول,شكوى صرف صحي,شكوى,تطبيق بلدي,مقبول ومنفذ,19.0,4.0,نعم
MKC-2028874,2023-04-17,2023-04-27,العتيبية,شكوى صرف صحي,شكوى,المركز الموحد 940,مقبول ومنفذ,10.0,4.0,نعم
MKC-2023265,2023-04-17,2023-05-08,الزاهر,ترخيص بناء,طلب ترخيص,المركز الموحد 940,مقبول ومنفذ,21.0,3.0,نعم
MKC-2028003,2023-04-17,2023-05-04,المسفلة,شكوى إنارة شوارع,شكوى,تطبيق بلدي,مغلق - تم الحل,17.0,4.0,نعم
MKC-2023538,2023-04-17,2023-04-25,جرول,شكوى نظافة عامة,شكوى,حساب X (تويتر),مغلق - تم الحل,8.0,3.0,نعم
MKC-2023083,2023-04-17,2023-04-19,الشوقية,شكوى إشغال طريق,شكوى,تطبيق بلدي,مغلق - تم الحل,2.0,4.0,نعم
MKC-2023797,2023-04-17,2023-05-25,الشوقية,طلب صيانة حديقة/ملعب,طلب صيانة,مكتب خدمة العملاء,مقبول ومنفذ,38.0,2.0,نعم
MKC-2024297,2023-04-17,2023-04-29,العزيزية,شكوى إشغال طريق,شكوى,تطبيق بلدي,محول لجهة أخرى,12.0,,نعم
MKC-2024163,2023-04-18,2023-05-27,المسفلة,شكوى مخالفة بناء,شكوى,مكتب فرعي بالحي,محول لجهة أخرى,39.0,,نعم
MKC-2025943,2023-04-18,2023-04-21,الشوقية,شكوى نظافة عامة,شكوى,المركز الموحد 940,محول لجهة أخرى,3.0,,نعم
MKC-2025340,2023-04-18,2023-04-25,جرول,شكوى صرف صحي,شكوى,مكتب خدمة العملاء,مغلق - تم الحل,7.0,5.0,نعم
MKC-2028060,2023-04-18,2023-04-24,الحجون,شكوى إنارة شوارع,شكوى,المركز الموحد 940,مقبول ومنفذ,6.0,3.0,نعم
MKC-2027375,2023-04-18,2023-05-07,الششة,ترخيص تجاري,طلب ترخيص,تطبيق بلدي,مقبول ومنفذ,19.0,4.0,نعم
MKC-2024780,2023-04-18,2023-05-08,الششة,ترخيص بناء,طلب ترخيص,مكتب خدمة العملاء,مرفوض,20.0,,نعم
MKC-2025724,2023-04-18,2023-04-24,الكعكية,شكوى إشغال طريق,شكوى,مكتب خدمة العملاء,قيد المعالجة,6.0,,نعم
MKC-2025708,2023-04-18,2023-05-03,النسيم,ترخيص لافتات إعلانية,طلب ترخيص,مكتب خدمة العملاء,مرفوض,15.0,,نعم
MKC-2024266,2023-04-18,2023-04-23,الزاهر,شكوى صرف صحي,شكوى,المركز الموحد 940,مغلق - تم الحل,5.0,5.0,نعم
MKC-2028925,2023-04-18,2023-05-01,جرول,شكوى إشغال طريق,شكوى,مكتب خدمة العملاء,مغلق - تم الحل,13.0,3.0,نعم
MKC-2028202,2023-04-18,2023-04-30,الشرائع,شكوى صرف صحي,شكوى,تطبيق بلدي,مغلق - تم الحل,12.0,4.0,نعم
MKC-2028204,2023-04-18,2023-05-16,جرول,شكوى مخالفة بناء,شكوى,حساب X (تويتر),محول لجهة أخرى,28.0,,نعم
MKC-2024469,2023-04-18,2023-04-25,الجميزة,شكوى صرف صحي,شكوى,المركز الموحد 940,مغلق - تم الحل,7.0,4.0,نعم
MKC-2026099,2023-04-18,2023-04-22,الشرائع,شكوى باعة متجولين,شكوى,تطبيق بلدي,مغلق - تم الحل,4.0,3.0,نعم
MKC-2024589,2023-04-18,2023-04-24,الجميزة,تجديد رخصة تجارية,طلب ترخيص,تطبيق بلدي,مقبول ومنفذ,6.0,4.0,نعم
MKC-2024099,2023-04-18,2023-05-04,الشرائع,شكوى صرف صحي,شكوى,المركز الموحد 940,محول لجهة أخرى,16.0,,نعم
MKC-2024761,2023-04-18,2023-05-25,العتيبية,ترخيص تجاري,طلب ترخيص,المركز الموحد 940,محول لجهة أخرى,37.0,,نعم
MKC-2028506,2023-04-18,2023-04-24,أجياد,شكوى إشغال طريق,شكوى,تطبيق بلدي,مقبول ومنفذ,6.0,4.0,نعم
MKC-2025185,2023-04-18,2023-05-06,الزاهر,ترخيص لافتات إعلانية,طلب ترخيص,مكتب فرعي بالحي,محول لجهة أخرى,18.0,,نعم
MKC-2027996,2023-04-18,2023-04-24,الحجون,تجديد رخصة تجارية,طلب ترخيص,حساب X (تويتر),مغلق - تم الحل,6.0,4.0,نعم
MKC-2028110,2023-04-19,2023-04-27,العزيزية,شكوى نظافة عامة,شكوى,المركز الموحد 940,مغلق - تم الحل,8.0,4.0,نعم
MKC-2023453,2023-04-19,2023-05-06,الزاهر,شكوى إنارة شوارع,شكوى,تطبيق بلدي,مغلق - تم الحل,17.0,3.0,نعم
MKC-2024224,2023-04-19,2023-05-17,جرول,طلب صيانة حديقة/ملعب,طلب صيانة,تطبيق بلدي,مقبول ومنفذ,28.0,5.0,نعم
MKC-2028201,2023-04-19,2023-05-11,جرول,شكوى إنارة شوارع,شكوى,تطبيق بلدي,مغلق - تم الحل,22.0,4.0,نعم
MKC-2023515,2023-04-19,2023-05-03,بطحاء قريش,ترخيص تجاري,طلب ترخيص,مكتب فرعي بالحي,مقبول ومنفذ,14.0,4.0,نعم
MKC-2023351,2023-04-19,2023-06-30,أجياد,ترخيص بناء,طلب ترخيص,تطبيق بلدي,مرفوض,72.0,,نعم
MKC-2025547,2023-04-19,2023-05-17,الجميزة,ترخيص بناء,طلب ترخيص,تطبيق بلدي,مرفوض,28.0,,نعم
MKC-2026141,2023-04-19,2023-04-27,بطحاء قريش,شكوى صرف صحي,شكوى,تطبيق بلدي,مرفوض,8.0,,نعم
MKC-2028682,2023-04-19,2023-04-23,الزاهر,شكوى نظافة عامة,شكوى,مكتب خدمة العملاء,محول لجهة أخرى,4.0,,نعم
MKC-2027235,2023-04-19,2023-05-09,الهجرة,طلب صيانة حديقة/ملعب,طلب صيانة,تطبيق بلدي,مقبول ومنفذ,20.0,4.0,نعم
MKC-2028500,2023-04-19,2023-05-05,المسفلة,ترخيص لافتات إعلانية,طلب ترخيص,المركز الموحد 940,مقبول ومنفذ,16.0,3.0,نعم
MKC-2023807,2023-04-19,2023-04-26,أجياد,شكوى نظافة عامة,شكوى,تطبيق بلدي,مقبول ومنفذ,7.0,3.0,نعم
MKC-2026517,2023-04-19,2023-05-08,الحجون,شكوى مخالفة بناء,شكوى,تطبيق بلدي,مرفوض,19.0,,نعم
MKC-2027011,2023-04-19,2023-04-29,العزيزية,شكوى صرف صحي,شكوى,مكتب خدمة العملاء,مغلق - تم الحل,10.0,5.0,نعم
MKC-2026681,2023-04-19,2023-05-24,الشوقية,ترخيص بناء,طلب ترخيص,تطبيق بلدي,مقبول ومنفذ,35.0,3.0,نعم
MKC-2023130,2023-04-19,2023-04-23,الهجرة,شكوى باعة متجولين,شكوى,حساب X (تويتر),مقبول ومنفذ,4.0,4.0,نعم
MKC-2028131,2023-04-20,2023-04-30,العتيبية,شكوى مركبات مهملة,شكوى,تطبيق بلدي,محول لجهة أخرى,10.0,,نعم
MKC-2028080,2023-04-20,2023-05-05,النوارية,شكوى إشغال طريق,شكوى,مكتب فرعي بالحي,محول لجهة أخرى,15.0,,نعم
MKC-2027073,2023-04-20,2023-04-26,الشوقية,شكوى إشغال طريق,شكوى,المركز الموحد 940,مغلق - تم الحل,6.0,3.0,نعم
MKC-2028453,2023-04-20,2023-05-30,العزيزية,ترخيص بناء,طلب ترخيص,المركز الموحد 940,مقبول ومنفذ,40.0,3.0,نعم
MKC-2027464,2023-04-20,2023-04-22,الزاهر,شكوى نظافة عامة,شكوى,المركز الموحد 940,مغلق - تم الحل,2.0,5.0,نعم
MKC-2024184,2023-04-20,2023-04-30,العزيزية,شكوى نظافة عامة,شكوى,مكتب خدمة العملاء,محول لجهة أخرى,10.0,,نعم
MKC-2028563,2023-04-20,2023-04-22,العزيزية,شكوى صرف صحي,شكوى,تطبيق بلدي,مغلق - تم الحل,2.0,4.0,نعم
MKC-2025316,2023-04-20,2023-05-08,جرول,تجديد رخصة تجارية,طلب ترخيص,مكتب فرعي بالحي,مقبول ومنفذ,18.0,4.0,نعم
MKC-2027198,2023-04-20,,المسفلة,شكوى مخالفة بناء,شكوى,المركز الموحد 940,قيد المعالجة,,,نعم
MKC-2024597,2023-04-20,2023-04-26,الشرائع,شكوى مركبات مهملة,شكوى,تطبيق بلدي,مغلق - تم الحل,6.0,3.0,نعم
MKC-2028553,2023-04-20,2023-04-22,العزيزية,شكوى باعة متجولين,شكوى,مكتب خدمة العملاء,مغلق - تم الحل,2.0,4.0,نعم
MKC-2028516,2023-04-20,2023-05-18,العزيزية,ترخيص بناء,طلب ترخيص,تطبيق بلدي,محول لجهة أخرى,28.0,,نعم
MKC-2028174,2023-04-20,2023-04-30,العزيزية,شكوى نظافة عامة,شكوى,مكتب خدمة العملاء,قيد المعالجة,10.0,,نعم
MKC-2024238,2023-04-20,2023-05-12,العزيزية,شكوى إنارة شوارع,شكوى,تطبيق بلدي,محول لجهة أخرى,22.0,,نعم
MKC-2023271,2023-04-20,2023-04-27,النسيم,شكوى صرف صحي,شكوى,تطبيق بلدي,مرفوض,7.0,,نعم
MKC-2025742,2023-04-20,2023-04-26,الشرائع,شكوى إنارة شوارع,شكوى,تطبيق بلدي,مغلق - تم الحل,6.0,4.0,نعم
MKC-2026183,2023-04-20,2023-05-01,النوارية,شكوى نظافة عامة,شكوى,تطبيق بلدي,محول لجهة أخرى,11.0,,نعم
MKC-2027638,2023-04-20,2023-04-26,أجياد,شكوى باعة متجولين,شكوى,مكتب خدمة العملاء,مغلق - تم الحل,6.0,4.0,نعم
MKC-2024525,2023-04-20,2023-05-02,الشرائع,شكوى إنارة شوارع,شكوى,مكتب فرعي بالحي,مغلق - تم الحل,12.0,5.0,نعم
MKC-2024974,2023-04-20,,المسفلة,شكوى مركبات مهملة,شكوى,تطبيق بلدي,قيد المعالجة,,,نعم
MKC-2028823,2023-04-20,2023-05-09,النسيم,شكوى إنارة شوارع,شكوى,تطبيق بلدي,محول لجهة أخرى,19.0,,نعم
MKC-2024123,2023-04-21,2023-05-08,الحجون,شكوى مركبات مهملة,شكوى,المركز الموحد 940,مغلق - تم الحل,17.0,3.0,نعم
MKC-2028877,2023-04-21,2023-04-23,الكعكية,شكوى باعة متجولين,شكوى,تطبيق بلدي,مغلق - تم الحل,2.0,5.0,نعم
MKC-2024183,2023-04-21,2023-05-22,الششة,طلب صيانة حديقة/ملعب,طلب صيانة,مكتب خدمة العملاء,محول لجهة أخرى,31.0,,نعم
MKC-2024943,2023-04-21,,الزاهر,ترخيص بناء,طلب ترخيص,مكتب خدمة العملاء,قيد المعالجة,,,نعم
MKC-2023850,2023-04-21,2023-05-03,الرصيفة,ترخيص تجاري,طلب ترخيص,تطبيق بلدي,محول لجهة أخرى,12.0,,نعم
MKC-2026944,2023-04-21,,بطحاء قريش,ترخيص بناء,طلب ترخيص,مكتب خدمة العملاء,قيد المعالجة,,,نعم
MKC-2027089,2023-04-21,2023-05-04,الششة,شكوى مخالفة بناء,شكوى,المركز الموحد 940,مغلق - تم الحل,13.0,4.0,نعم
MKC-2027826,2023-04-21,2023-07-01,النسيم,ترخيص بناء,طلب ترخيص,حساب X (تويتر),مرفوض,71.0,,نعم
MKC-2027227,2023-04-21,2023-05-01,بطحاء قريش,شكوى نظافة عامة,شكوى,حساب X (تويتر),مرفوض,10.0,,نعم
MKC-2028456,2023-04-21,2023-05-14,الششة,ترخيص بناء,طلب ترخيص,المركز الموحد 940,مقبول ومنفذ,23.0,3.0,نعم
MKC-2028278,2023-04-21,2023-04-30,جرول,شكوى باعة متجولين,شكوى,تطبيق بلدي,مقبول ومنفذ,9.0,5.0,نعم
MKC-2024911,2023-04-21,2023-05-08,الكعكية,شكوى مركبات مهملة,شكوى,مكتب خدمة العملاء,محول لجهة أخرى,17.0,,نعم
MKC-2024895,2023-04-21,2023-04-29,الحجون,شكوى نظافة عامة,شكوى,مكتب خدمة العملاء,مغلق - تم الحل,8.0,3.0,نعم
MKC-2026643,2023-04-21,2023-05-01,العزيزية,شكوى إشغال طريق,شكوى,مكتب خدمة العملاء,مغلق - تم الحل,10.0,3.0,نعم
MKC-2023114,2023-04-21,2023-04-29,الشوقية,شكوى إشغال طريق,شكوى,تطبيق بلدي,مغلق - تم الحل,8.0,4.0,نعم
MKC-2023586,2023-04-21,2023-06-15,النوارية,ترخيص تجاري,طلب ترخيص,مكتب فرعي بالحي,مقبول ومنفذ,55.0,4.0,نعم
MKC-2026803,2023-04-21,2023-05-21,الششة,ترخيص تجاري,طلب ترخيص,المركز الموحد 940,مرفوض,30.0,,نعم
MKC-2024543,2023-04-21,2023-05-22,الششة,شكوى مركبات مهملة,شكوى,مكتب خدمة العملاء,مرفوض,31.0,,نعم
MKC-2024015,2023-04-21,2023-04-23,الششة,شكوى صرف صحي,شكوى,مكتب فرعي بالحي,مغلق - تم الحل,2.0,5.0,نعم
MKC-2025112,2023-04-21,2023-04-29,المسفلة,شكوى صرف صحي,شكوى,تطبيق بلدي,مغلق - تم الحل,8.0,3.0,نعم
MKC-2023942,2023-04-22,2023-04-27,جرول,شكوى إنارة شوارع,شكوى,مكتب خدمة العملاء,مغلق - تم الحل,5.0,4.0,نعم
MKC-2023281,2023-04-22,2023-05-05,العزيزية,شكوى مركبات مهملة,شكوى,مكتب خدمة العملاء,محول لجهة أخرى,13.0,,نعم
MKC-2024833,2023-04-22,2023-04-26,الشوقية,شكوى نظافة عامة,شكوى,مكتب فرعي بالحي,مغلق - تم الحل,4.0,4.0,نعم
MKC-2027597,2023-04-22,2023-04-29,النسيم,شكوى نظافة عامة,شكوى,تطبيق بلدي,محول لجهة أخرى,7.0,,نعم
MKC-2027795,2023-04-22,2023-06-01,بطحاء قريش,ترخيص بناء,طلب ترخيص,مكتب فرعي بالحي,مرفوض,40.0,,نعم
MKC-2027220,2023-04-22,2023-04-30,الششة,شكوى نظافة عامة,شكوى,تطبيق بلدي,مغلق - تم الحل,8.0,4.0,نعم
MKC-2025083,2023-04-22,2023-05-05,النوارية,شكوى إشغال طريق,شكوى,مكتب فرعي بالحي,مغلق - تم الحل,13.0,4.0,نعم
MKC-2025736,2023-04-22,,الجميزة,شكوى إشغال طريق,شكوى,تطبيق بلدي,قيد المعالجة,,,نعم
MKC-2023195,2023-04-22,2023-07-04,الشوقية,ترخيص بناء,طلب ترخيص,تطبيق بلدي,مقبول ومنفذ,73.0,2.0,نعم
MKC-2025313,2023-04-22,2023-05-04,الشوقية,طلب صيانة حديقة/ملعب,طلب صيانة,مكتب خدمة العملاء,مرفوض,12.0,,نعم
MKC-2027902,2023-04-22,2023-05-05,الهجرة,تجديد رخصة تجارية,طلب ترخيص,حساب X (تويتر),مرفوض,13.0,,نعم
MKC-2027396,2023-04-22,2023-04-28,العتيبية,شكوى نظافة عامة,شكوى,تطبيق بلدي,مغلق - تم الحل,6.0,3.0,نعم
MKC-2026999,2023-04-22,2023-05-10,المسفلة,شكوى مخالفة بناء,شكوى,المركز الموحد 940,محول لجهة أخرى,18.0,,نعم
MKC-2027421,2023-04-22,2023-07-07,العتيبية,ترخيص بناء,طلب ترخيص,تطبيق بلدي,مقبول ومنفذ,76.0,2.0,نعم
MKC-2023552,2023-04-22,2023-04-26,العزيزية,شكوى نظافة عامة,شكوى,مكتب خدمة العملاء,مغلق - تم الحل,4.0,4.0,نعم
MKC-2027069,2023-04-22,2023-05-18,النوارية,ترخيص بناء,طلب ترخيص,مكتب فرعي بالحي,مغلق - تم الحل,26.0,3.0,نعم
MKC-2028631,2023-04-22,2023-04-27,المسفلة,شكوى إشغال طريق,شكوى,مكتب خدمة العملاء,محول لجهة أخرى,5.0,,نعم
MKC-2025969,2023-04-23,2023-05-02,الكعكية,ترخيص تجاري,طلب ترخيص,تطبيق بلدي,مقبول ومنفذ,9.0,3.0,نعم
MKC-2026684,2023-04-23,2023-05-12,الكعكية,ترخيص لافتات إعلانية,طلب ترخيص,المركز الموحد 940,مقبول ومنفذ,19.0,5.0,نعم
MKC-2027005,2023-04-23,2023-04-27,الكعكية,شكوى باعة متجولين,شكوى,تطبيق بلدي,مغلق - تم الحل,4.0,4.0,نعم
MKC-2024462,2023-04-23,2023-05-21,الكعكية,شكوى مخالفة بناء,شكوى,مكتب خدمة العملاء,قيد المعالجة,28.0,,نعم
MKC-2028236,2023-04-23,2023-05-02,الحجون,شكوى نظافة عامة,شكوى,تطبيق بلدي,محول لجهة أخرى,9.0,,نعم
MKC-2026149,2023-04-23,,النوارية,ترخيص بناء,طلب ترخيص,تطبيق بلدي,قيد المعالجة,,,نعم
MKC-2026563,2023-04-23,2023-04-27,الشرائع,شكوى إشغال طريق,شكوى,المركز الموحد 940,محول لجهة أخرى,4.0,,نعم
MKC-2023455,2023-04-23,2023-05-02,العزيزية,شكوى صرف صحي,شكوى,تطبيق بلدي,مغلق - تم الحل,9.0,2.0,نعم
MKC-2028649,2023-04-23,2023-05-15,الشوقية,طلب صيانة حديقة/ملعب,طلب صيانة,تطبيق بلدي,مقبول ومنفذ,22.0,4.0,نعم
MKC-2026067,2023-04-23,2023-05-02,النوارية,شكوى نظافة عامة,شكوى,تطبيق بلدي,مغلق - تم الحل,9.0,5.0,نعم
MKC-2027350,2023-04-23,2023-05-09,الشوقية,شكوى مركبات مهملة,شكوى,المركز الموحد 940,مغلق - تم الحل,16.0,3.0,نعم
MKC-2028746,2023-04-23,2023-05-03,النوارية,تجديد رخصة تجارية,طلب ترخيص,تطبيق بلدي,محول لجهة أخرى,10.0,,نعم
MKC-2025808,2023-04-23,,المسفلة,شكوى نظافة عامة,شكوى,تطبيق بلدي,قيد المعالجة,,,نعم
MKC-2028308,2023-04-23,2023-05-02,الهجرة,شكوى نظافة عامة,شكوى,تطبيق بلدي,محول لجهة أخرى,9.0,,نعم
MKC-2026038,2023-04-23,2023-06-25,النسيم,ترخيص بناء,طلب ترخيص,تطبيق بلدي,مقبول ومنفذ,63.0,2.0,نعم
MKC-2024644,2023-04-24,2023-05-01,الزاهر,شكوى نظافة عامة,شكوى,المركز الموحد 940,مغلق - تم الحل,7.0,5.0,نعم
MKC-2025747,2023-04-24,2023-05-04,بطحاء قريش,شكوى إشغال طريق,شكوى,مكتب خدمة العملاء,محول لجهة أخرى,10.0,,نعم
MKC-2027215,2023-04-24,2023-05-14,الششة,ترخيص لافتات إعلانية,طلب ترخيص,تطبيق بلدي,مقبول ومنفذ,20.0,4.0,نعم
MKC-2023979,2023-04-24,2023-06-06,النسيم,شكوى مخالفة بناء,شكوى,تطبيق بلدي,مغلق - تم الحل,43.0,2.0,نعم
MKC-2026108,2023-04-24,2023-05-14,أجياد,شكوى صرف صحي,شكوى,مكتب فرعي بالحي,مقبول ومنفذ,20.0,3.0,نعم
MKC-2023898,2023-04-24,2023-04-29,النسيم,شكوى نظافة عامة,شكوى,حساب X (تويتر),محول لجهة أخرى,5.0,,نعم
MKC-2023715,2023-04-24,2023-07-09,العتيبية,ترخيص بناء,طلب ترخيص,حساب X (تويتر),مرفوض,76.0,,نعم
MKC-2026154,2023-04-24,2023-05-02,الرصيفة,شكوى باعة متجولين,شكوى,المركز الموحد 940,مقبول ومنفذ,8.0,4.0,نعم
MKC-2025203,2023-04-24,2023-04-27,أجياد,شكوى باعة متجولين,شكوى,المركز الموحد 940,محول لجهة أخرى,3.0,,نعم
MKC-2026941,2023-04-24,2023-06-25,بطحاء قريش,ترخيص بناء,طلب ترخيص,تطبيق بلدي,قيد المعالجة,62.0,,نعم
MKC-2025077,2023-04-24,2023-04-28,الشرائع,شكوى باعة متجولين,شكوى,تطبيق بلدي,محول لجهة أخرى,4.0,,نعم
MKC-2027093,2023-04-24,2023-05-03,العزيزية,شكوى نظافة عامة,شكوى,المركز الموحد 940,مغلق - تم الحل,9.0,3.0,نعم
MKC-2027252,2023-04-24,2023-06-07,الكعكية,ترخيص بناء,طلب ترخيص,حساب X (تويتر),مقبول ومنفذ,44.0,3.0,نعم
MKC-2027796,2023-04-24,2023-05-02,العزيزية,شكوى صرف صحي,شكوى,مكتب فرعي بالحي,محول لجهة أخرى,8.0,,نعم
MKC-2027426,2023-04-24,2023-05-05,الزاهر,شكوى صرف صحي,شكوى,مكتب خدمة العملاء,مغلق - تم الحل,11.0,5.0,نعم
MKC-2024696,2023-04-25,2023-05-04,الزاهر,تجديد رخصة تجارية,طلب ترخيص,تطبيق بلدي,مقبول ومنفذ,9.0,5.0,نعم
MKC-2024887,2023-04-25,2023-06-18,الهجرة,ترخيص تجاري,طلب ترخيص,المركز الموحد 940,مقبول ومنفذ,54.0,4.0,نعم
MKC-2028037,2023-04-25,2023-05-10,الشوقية,شكوى صرف صحي,شكوى,مكتب خدمة العملاء,مغلق - تم الحل,15.0,5.0,نعم
MKC-2026167,2023-04-25,2023-05-14,الحجون,طلب صيانة حديقة/ملعب,طلب صيانة,تطبيق بلدي,مقبول ومنفذ,19.0,4.0,نعم
MKC-2024471,2023-04-25,2023-05-29,الشرائع,ترخيص بناء,طلب ترخيص,تطبيق بلدي,قيد المعالجة,34.0,,نعم
MKC-2026741,2023-04-25,2023-05-11,أجياد,ترخيص بناء,طلب ترخيص,حساب X (تويتر),مغلق - تم الحل,16.0,3.0,نعم
MKC-2028413,2023-04-25,,المسفلة,شكوى صرف صحي,شكوى,تطبيق بلدي,قيد المعالجة,,,نعم
MKC-2026266,2023-04-25,2023-05-21,الرصيفة,ترخيص تجاري,طلب ترخيص,المركز الموحد 940,مقبول ومنفذ,26.0,4.0,نعم
MKC-2028383,2023-04-25,2023-05-02,الكعكية,ترخيص لافتات إعلانية,طلب ترخيص,مكتب خدمة العملاء,مقبول ومنفذ,7.0,4.0,نعم
MKC-2023766,2023-04-25,2023-05-03,بطحاء قريش,ترخيص لافتات إعلانية,طلب ترخيص,تطبيق بلدي,مغلق - تم الحل,8.0,3.0,نعم
MKC-2024627,2023-04-25,2023-04-27,بطحاء قريش,شكوى نظافة عامة,شكوى,مكتب فرعي بالحي,مغلق - تم الحل,2.0,4.0,نعم
MKC-2027206,2023-04-25,,العزيزية,طلب صيانة حديقة/ملعب,طلب صيانة,المركز الموحد 940,قيد المعالجة,,,نعم
MKC-2026441,2023-04-25,2023-05-12,الهجرة,ترخيص تجاري,طلب ترخيص,تطبيق بلدي,قيد المعالجة,17.0,,نعم
MKC-2024368,2023-04-25,2023-05-02,الششة,طلب صيانة حديقة/ملعب,طلب صيانة,مكتب خدمة العملاء,مرفوض,7.0,,نعم
MKC-2024336,2023-04-25,2023-05-01,أجياد,شكوى باعة متجولين,شكوى,تطبيق بلدي,مغلق - تم الحل,6.0,4.0,نعم
MKC-2026629,2023-04-25,,المسفلة,شكوى صرف صحي,شكوى,مكتب خدمة العملاء,قيد المعالجة,,,نعم
MKC-2023035,2023-04-25,2023-04-28,الحجون,شكوى إشغال طريق,شكوى,مكتب خدمة العملاء,مغلق - تم الحل,3.0,5.0,نعم
MKC-2023662,2023-04-25,2023-05-03,الشرائع,شكوى نظافة عامة,شكوى,تطبيق بلدي,مقبول ومنفذ,8.0,4.0,نعم
MKC-2027507,2023-04-25,2023-05-04,العتيبية,شكوى نظافة عامة,شكوى,المركز الموحد 940,مرفوض,9.0,,نعم
MKC-2025397,2023-04-25,,الحجون,ترخيص تجاري,طلب ترخيص,مكتب خدمة العملاء,قيد المعالجة,,,نعم
MKC-2025223,2023-04-25,2023-05-18,النسيم,شكوى مخالفة بناء,شكوى,تطبيق بلدي,مغلق - تم الحل,23.0,3.0,نعم
MKC-2025281,2023-04-25,2023-05-22,الرصيفة,شكوى مخالفة بناء,شكوى,المركز الموحد 940,مقبول ومنفذ,27.0,4.0,نعم
MKC-2027987,2023-04-25,2023-05-19,الكعكية,شكوى مركبات مهملة,شكوى,تطبيق بلدي,مغلق - تم الحل,24.0,3.0,نعم
MKC-2027939,2023-04-25,2023-05-13,أجياد,ترخيص لافتات إعلانية,طلب ترخيص,تطبيق بلدي,محول لجهة أخرى,18.0,,نعم
MKC-2024404,2023-04-25,2023-05-17,النوارية,شكوى مخالفة بناء,شكوى,تطبيق بلدي,مقبول ومنفذ,22.0,4.0,نعم
MKC-2026284,2023-04-26,2023-04-29,الششة,تجديد رخصة تجارية,طلب ترخيص,تطبيق بلدي,محول لجهة أخرى,3.0,,لا
MKC-2026124,2023-04-26,2023-04-28,الزاهر,شكوى نظافة عامة,شكوى,المركز الموحد 940,مقبول ومنفذ,2.0,4.0,لا
MKC-2028387,2023-04-26,2023-05-14,الشرائع,ترخيص تجاري,طلب ترخيص,تطبيق بلدي,مقبول ومنفذ,18.0,5.0,لا
MKC-2027575,2023-04-26,2023-05-02,النوارية,شكوى إشغال طريق,شكوى,تطبيق بلدي,مقبول ومنفذ,6.0,5.0,لا
MKC-2026942,2023-04-26,2023-04-30,الهجرة,شكوى مخالفة بناء,شكوى,مكتب فرعي بالحي,محول لجهة أخرى,4.0,,لا
MKC-2028176,2023-04-27,2023-05-04,الشوقية,شكوى إشغال طريق,شكوى,تطبيق بلدي,محول لجهة أخرى,7.0,,لا
MKC-2026899,2023-04-27,2023-05-20,العزيزية,طلب صيانة حديقة/ملعب,طلب صيانة,تطبيق بلدي,مقبول ومنفذ,23.0,4.0,لا
MKC-2024596,2023-04-27,2023-05-01,العزيزية,شكوى مخالفة بناء,شكوى,تطبيق بلدي,محول لجهة أخرى,4.0,,لا
MKC-2024195,2023-04-27,2023-05-21,الششة,شكوى مخالفة بناء,شكوى,تطبيق بلدي,مغلق - تم الحل,24.0,3.0,لا
MKC-2023588,2023-04-27,,الكعكية,شكوى مخالفة بناء,شكوى,مكتب خدمة العملاء,قيد المعالجة,,,لا
MKC-2028458,2023-04-27,2023-04-30,العتيبية,تجديد رخصة تجارية,طلب ترخيص,مكتب خدمة العملاء,مرفوض,3.0,,لا
MKC-2023443,2023-04-28,2023-05-12,الحجون,طلب صيانة حديقة/ملعب,طلب صيانة,مكتب فرعي بالحي,مقبول ومنفذ,14.0,3.0,لا
MKC-2025123,2023-04-28,2023-05-13,العتيبية,ترخيص بناء,طلب ترخيص,تطبيق بلدي,مقبول ومنفذ,15.0,5.0,لا
MKC-2027021,2023-04-28,2023-05-06,النوارية,شكوى إشغال طريق,شكوى,حساب X (تويتر),مغلق - تم الحل,8.0,4.0,لا
MKC-2028517,2023-04-28,2023-05-02,الرصيفة,ترخيص لافتات إعلانية,طلب ترخيص,المركز الموحد 940,مرفوض,4.0,,لا
MKC-2025477,2023-04-28,2023-05-12,الشرائع,شكوى مركبات مهملة,شكوى,تطبيق بلدي,مغلق - تم الحل,14.0,4.0,لا
MKC-2024109,2023-04-28,2023-05-01,العزيزية,تجديد رخصة تجارية,طلب ترخيص,حساب X (تويتر),مرفوض,3.0,,لا
MKC-2024276,2023-04-28,2023-05-10,جرول,طلب صيانة حديقة/ملعب,طلب صيانة,حساب X (تويتر),مقبول ومنفذ,12.0,3.0,لا
MKC-2026125,2023-04-28,2023-05-25,الجميزة,ترخيص بناء,طلب ترخيص,حساب X (تويتر),مقبول ومنفذ,27.0,4.0,لا
MKC-2028228,2023-04-28,2023-05-01,بطحاء قريش,شكوى باعة متجولين,شكوى,تطبيق بلدي,مغلق - تم الحل,3.0,5.0,لا
MKC-2028568,2023-04-29,2023-05-18,العزيزية,طلب صيانة حديقة/ملعب,طلب صيانة,مكتب خدمة العملاء,قيد المعالجة,19.0,,لا
MKC-2028259,2023-04-29,2023-05-02,الشوقية,شكوى نظافة عامة,شكوى,تطبيق بلدي,مغلق - تم الحل,3.0,4.0,لا
MKC-2023025,2023-04-29,2023-05-03,الكعكية,شكوى نظافة عامة,شكوى,المركز الموحد 940,مرفوض,4.0,,لا
MKC-2027715,2023-04-29,2023-05-04,الحجون,شكوى إنارة شوارع,شكوى,تطبيق بلدي,مغلق - تم الحل,5.0,3.0,لا
MKC-2025583,2023-04-29,2023-05-01,بطحاء قريش,شكوى صرف صحي,شكوى,تطبيق بلدي,مرفوض,2.0,,لا
MKC-2026190,2023-04-30,2023-05-02,النوارية,شكوى إشغال طريق,شكوى,المركز الموحد 940,مغلق - تم الحل,2.0,4.0,لا
MKC-2026227,2023-04-30,2023-05-05,الزاهر,شكوى إشغال طريق,شكوى,المركز الموحد 940,مغلق - تم الحل,5.0,5.0,لا
MKC-2024232,2023-04-30,2023-06-04,النسيم,ترخيص بناء,طلب ترخيص,مكتب خدمة العملاء,محول لجهة أخرى,35.0,,لا
MKC-2028869,2023-04-30,2023-05-04,الزاهر,شكوى باعة متجولين,شكوى,المركز الموحد 940,مغلق - تم الحل,4.0,3.0,لا
MKC-2024444,2023-04-30,,الرصيفة,ترخيص بناء,طلب ترخيص,مكتب فرعي بالحي,قيد المعالجة,,,لا
MKC-2027377,2023-04-30,2023-05-06,العزيزية,شكوى نظافة عامة,شكوى,حساب X (تويتر),مغلق - تم الحل,6.0,3.0,لا
MKC-2027248,2023-04-30,2023-05-07,جرول,تجديد رخصة تجارية,طلب ترخيص,تطبيق بلدي,مقبول ومنفذ,7.0,4.0,لا
MKC-2028687,2023-04-30,2023-05-05,العتيبية,شكوى مركبات مهملة,شكوى,مكتب خدمة العملاء,مغلق - تم الحل,5.0,3.0,لا
MKC-2027628,2023-04-30,2023-05-04,العتيبية,شكوى باعة متجولين,شكوى,تطبيق بلدي,مغلق - تم الحل,4.0,3.0,لا
MKC-2026101,2023-04-30,2023-05-04,الهجرة,تجديد رخصة تجارية,طلب ترخيص,تطبيق بلدي,مرفوض,4.0,,لا
MKC-2024590,2023-04-30,2023-05-08,أجياد,شكوى إنارة شوارع,شكوى,مكتب خدمة العملاء,مغلق - تم الحل,8.0,3.0,لا
MKC-2024628,2023-04-30,2023-05-19,النسيم,ترخيص تجاري,طلب ترخيص,حساب X (تويتر),مقبول ومنفذ,19.0,4.0,لا
MKC-2023884,2023-05-01,2023-05-07,الشوقية,شكوى نظافة عامة,شكوى,مكتب فرعي بالحي,مرفوض,6.0,,لا
MKC-2027750,2023-05-01,2023-05-13,جرول,ترخيص تجاري,طلب ترخيص,المركز الموحد 940,مقبول ومنفذ,12.0,2.0,لا
MKC-2023198,2023-05-01,2023-05-12,بطحاء قريش,ترخيص تجاري,طلب ترخيص,تطبيق بلدي,مغلق - تم الحل,11.0,3.0,لا
MKC-2025616,2023-05-02,2023-05-24,بطحاء قريش,طلب صيانة حديقة/ملعب,طلب صيانة,تطبيق بلدي,مقبول ومنفذ,22.0,3.0,لا
MKC-2025245,2023-05-02,2023-05-21,الكعكية,شكوى مخالفة بناء,شكوى,مكتب فرعي بالحي,محول لجهة أخرى,19.0,,لا
MKC-2024519,2023-05-02,2023-05-04,الشوقية,شكوى إنارة شوارع,شكوى,المركز الموحد 940,مغلق - تم الحل,2.0,4.0,لا
MKC-2025421,2023-05-02,,الهجرة,شكوى صرف صحي,شكوى,المركز الموحد 940,قيد المعالجة,,,لا
MKC-2026973,2023-05-02,2023-05-31,بطحاء قريش,شكوى مخالفة بناء,شكوى,تطبيق بلدي,مغلق - تم الحل,29.0,5.0,لا
MKC-2028014,2023-05-02,2023-05-05,العزيزية,شكوى صرف صحي,شكوى,تطبيق بلدي,مغلق - تم الحل,3.0,5.0,لا
MKC-2024046,2023-05-02,2023-05-07,بطحاء قريش,تجديد رخصة تجارية,طلب ترخيص,تطبيق بلدي,محول لجهة أخرى,5.0,,لا
MKC-2026608,2023-05-03,2023-05-17,النسيم,شكوى مخالفة بناء,شكوى,مكتب فرعي بالحي,مغلق - تم الحل,14.0,5.0,لا
MKC-2025639,2023-05-03,2023-05-09,الشرائع,شكوى مركبات مهملة,شكوى,تطبيق بلدي,مغلق - تم الحل,6.0,5.0,لا
MKC-2028715,2023-05-03,2023-06-01,العزيزية,ترخيص تجاري,طلب ترخيص,المركز الموحد 940,مقبول ومنفذ,29.0,2.0,لا
MKC-2028839,2023-05-03,2023-06-01,العزيزية,شكوى مخالفة بناء,شكوى,مكتب خدمة العملاء,مغلق - تم الحل,29.0,4.0,لا
MKC-2023418,2023-05-03,2023-05-08,العزيزية,تجديد رخصة تجارية,طلب ترخيص,تطبيق بلدي,مقبول ومنفذ,5.0,4.0,لا
MKC-2028035,2023-05-03,2023-05-13,جرول,شكوى إنارة شوارع,شكوى,المركز الموحد 940,مغلق - تم الحل,10.0,4.0,لا
MKC-2028527,2023-05-03,2023-05-06,جرول,شكوى باعة متجولين,شكوى,المركز الموحد 940,مغلق - تم الحل,3.0,5.0,لا
MKC-2025327,2023-05-03,2023-05-26,النسيم,ترخيص تجاري,طلب ترخيص,حساب X (تويتر),مقبول ومنفذ,23.0,3.0,لا
MKC-2024511,2023-05-03,2023-05-12,العتيبية,شكوى إشغال طريق,شكوى,حساب X (تويتر),محول لجهة أخرى,9.0,,لا
MKC-2023212,2023-05-04,2023-05-08,بطحاء قريش,شكوى باعة متجولين,شكوى,تطبيق بلدي,مغلق - تم الحل,4.0,4.0,لا
MKC-2023050,2023-05-04,2023-05-13,الشرائع,شكوى صرف صحي,شكوى,المركز الموحد 940,محول لجهة أخرى,9.0,,لا
MKC-2025288,2023-05-04,2023-05-12,جرول,شكوى مركبات مهملة,شكوى,المركز الموحد 940,مغلق - تم الحل,8.0,4.0,لا
MKC-2023851,2023-05-04,2023-05-14,الزاهر,ترخيص لافتات إعلانية,طلب ترخيص,تطبيق بلدي,مقبول ومنفذ,10.0,5.0,لا
MKC-2028284,2023-05-04,2023-05-27,الشرائع,ترخيص تجاري,طلب ترخيص,تطبيق بلدي,مقبول ومنفذ,23.0,2.0,لا
MKC-2025081,2023-05-04,2023-05-08,جرول,شكوى باعة متجولين,شكوى,تطبيق بلدي,مغلق - تم الحل,4.0,3.0,لا
MKC-2024643,2023-05-05,,الشرائع,شكوى نظافة عامة,شكوى,تطبيق بلدي,قيد المعالجة,,,لا
MKC-2026749,2023-05-05,2023-05-08,الزاهر,شكوى إشغال طريق,شكوى,حساب X (تويتر),مغلق - تم الحل,3.0,5.0,لا
MKC-2027390,2023-05-05,2023-05-11,الكعكية,تجديد رخصة تجارية,طلب ترخيص,تطبيق بلدي,محول لجهة أخرى,6.0,,لا
MKC-2027640,2023-05-05,2023-05-25,النوارية,شكوى مخالفة بناء,شكوى,تطبيق بلدي,مغلق - تم الحل,20.0,4.0,لا
MKC-2028401,2023-05-05,2023-05-13,النوارية,شكوى إشغال طريق,شكوى,المركز الموحد 940,مغلق - تم الحل,8.0,4.0,لا
MKC-2027850,2023-05-06,2023-05-13,الجميزة,شكوى إشغال طريق,شكوى,مكتب فرعي بالحي,محول لجهة أخرى,7.0,,لا
MKC-2023111,2023-05-06,2023-05-14,الششة,شكوى إشغال طريق,شكوى,تطبيق بلدي,مغلق - تم الحل,8.0,5.0,لا
MKC-2023435,2023-05-06,2023-05-13,العزيزية,شكوى صرف صحي,شكوى,تطبيق بلدي,مغلق - تم الحل,7.0,5.0,لا
MKC-2028817,2023-05-06,2023-05-23,الزاهر,شكوى مركبات مهملة,شكوى,المركز الموحد 940,مقبول ومنفذ,17.0,3.0,لا
MKC-2025130,2023-05-06,2023-05-08,العتيبية,شكوى إشغال طريق,شكوى,تطبيق بلدي,قيد المعالجة,2.0,,لا
MKC-2023681,2023-05-06,2023-05-18,العزيزية,ترخيص تجاري,طلب ترخيص,مكتب خدمة العملاء,محول لجهة أخرى,12.0,,لا
MKC-2024946,2023-05-06,2023-05-19,المسفلة,شكوى إنارة شوارع,شكوى,المركز الموحد 940,مرفوض,13.0,,لا
MKC-2026975,2023-05-06,2023-05-14,النسيم,شكوى إشغال طريق,شكوى,حساب X (تويتر),مغلق - تم الحل,8.0,4.0,لا
MKC-2024751,2023-05-06,2023-05-14,بطحاء قريش,شكوى إنارة شوارع,شكوى,حساب X (تويتر),محول لجهة أخرى,8.0,,لا
MKC-2028247,2023-05-06,2023-06-02,النوارية,ترخيص تجاري,طلب ترخيص,مكتب خدمة العملاء,مرفوض,27.0,,لا
MKC-2027324,2023-05-06,2023-05-24,العزيزية,طلب صيانة حديقة/ملعب,طلب صيانة,مكتب فرعي بالحي,مقبول ومنفذ,18.0,5.0,لا
MKC-2023897,2023-05-06,2023-05-18,الزاهر,شكوى إنارة شوارع,شكوى,المركز الموحد 940,مقبول ومنفذ,12.0,5.0,لا
MKC-2024449,2023-05-06,,النسيم,شكوى مركبات مهملة,شكوى,المركز الموحد 940,قيد المعالجة,,,لا
MKC-2028655,2023-05-07,2023-05-18,الهجرة,طلب صيانة حديقة/ملعب,طلب صيانة,تطبيق بلدي,مقبول ومنفذ,11.0,5.0,لا
MKC-2026384,2023-05-07,2023-05-26,العزيزية,شكوى مركبات مهملة,شكوى,المركز الموحد 940,مغلق - تم الحل,19.0,3.0,لا
MKC-2026653,2023-05-07,2023-05-11,الرصيفة,تجديد رخصة تجارية,طلب ترخيص,مكتب فرعي بالحي,مرفوض,4.0,,لا
MKC-2024915,2023-05-07,2023-05-15,العزيزية,شكوى إشغال طريق,شكوى,المركز الموحد 940,مغلق - تم الحل,8.0,3.0,لا
MKC-2024057,2023-05-07,2023-05-14,الجميزة,تجديد رخصة تجارية,طلب ترخيص,مكتب فرعي بالحي,محول لجهة أخرى,7.0,,لا
MKC-2027209,2023-05-07,2023-05-17,أجياد,تجديد رخصة تجارية,طلب ترخيص,حساب X (تويتر),مقبول ومنفذ,10.0,5.0,لا
MKC-2027593,2023-05-07,2023-06-06,النسيم,ترخيص بناء,طلب ترخيص,المركز الموحد 940,مقبول ومنفذ,30.0,3.0,لا
MKC-2025442,2023-05-07,2023-05-13,بطحاء قريش,شكوى نظافة عامة,شكوى,مكتب خدمة العملاء,مغلق - تم الحل,6.0,2.0,لا
MKC-2023331,2023-05-07,2023-05-12,الشرائع,شكوى نظافة عامة,شكوى,تطبيق بلدي,مرفوض,5.0,,لا
MKC-2025284,2023-05-08,2023-06-01,الرصيفة,طلب صيانة حديقة/ملعب,طلب صيانة,تطبيق بلدي,مرفوض,24.0,,لا
MKC-2028349,2023-05-08,2023-05-20,الهجرة,شكوى مركبات مهملة,شكوى,المركز الموحد 940,مغلق - تم الحل,12.0,3.0,لا
MKC-2025897,2023-05-08,2023-05-19,الرصيفة,ترخيص بناء,طلب ترخيص,المركز الموحد 940,مرفوض,11.0,,لا
MKC-2023869,2023-05-08,2023-05-16,الزاهر,طلب صيانة حديقة/ملعب,طلب صيانة,المركز الموحد 940,مقبول ومنفذ,8.0,5.0,لا
MKC-2028437,2023-05-08,2023-05-17,العزيزية,ترخيص تجاري,طلب ترخيص,المركز الموحد 940,مقبول ومنفذ,9.0,4.0,لا
MKC-2024867,2023-05-08,2023-05-29,الكعكية,طلب صيانة حديقة/ملعب,طلب صيانة,مكتب خدمة العملاء,مقبول ومنفذ,21.0,2.0,لا
MKC-2028012,2023-05-08,2023-05-13,العتيبية,شكوى نظافة عامة,شكوى,مكتب خدمة العملاء,مغلق - تم الحل,5.0,3.0,لا
MKC-2026871,2023-05-08,2023-05-13,الزاهر,تجديد رخصة تجارية,طلب ترخيص,حساب X (تويتر),مقبول ومنفذ,5.0,2.0,لا
MKC-2024247,2023-05-09,2023-05-17,الشوقية,تجديد رخصة تجارية,طلب ترخيص,المركز الموحد 940,محول لجهة أخرى,8.0,,لا
MKC-2026086,2023-05-09,2023-05-12,العزيزية,طلب صيانة حديقة/ملعب,طلب صيانة,تطبيق بلدي,مقبول ومنفذ,3.0,4.0,لا
MKC-2027200,2023-05-09,2023-05-16,الشوقية,شكوى إشغال طريق,شكوى,تطبيق بلدي,مرفوض,7.0,,لا
MKC-2026801,2023-05-10,2023-05-14,الكعكية,شكوى مركبات مهملة,شكوى,مكتب فرعي بالحي,مغلق - تم الحل,4.0,2.0,لا
MKC-2024434,2023-05-10,2023-05-12,العزيزية,شكوى نظافة عامة,شكوى,مكتب فرعي بالحي,مغلق - تم الحل,2.0,4.0,لا
MKC-2025746,2023-05-10,2023-06-09,العتيبية,ترخيص بناء,طلب ترخيص,حساب X (تويتر),مقبول ومنفذ,30.0,3.0,لا
MKC-2023736,2023-05-11,2023-05-17,الكعكية,ترخيص لافتات إعلانية,طلب ترخيص,مكتب خدمة العملاء,محول لجهة أخرى,6.0,,لا
MKC-2023935,2023-05-11,2023-06-09,الرصيفة,ترخيص بناء,طلب ترخيص,تطبيق بلدي,محول لجهة أخرى,29.0,,لا
MKC-2024236,2023-05-11,2023-05-16,العزيزية,شكوى إنارة شوارع,شكوى,تطبيق بلدي,محول لجهة أخرى,5.0,,لا
MKC-2023969,2023-05-11,2023-05-30,الزاهر,شكوى مخالفة بناء,شكوى,تطبيق بلدي,مغلق - تم الحل,19.0,5.0,لا
MKC-2026924,2023-05-11,2023-05-15,بطحاء قريش,تجديد رخصة تجارية,طلب ترخيص,المركز الموحد 940,مقبول ومنفذ,4.0,3.0,لا
MKC-2028473,2023-05-11,2023-05-27,أجياد,شكوى مركبات مهملة,شكوى,تطبيق بلدي,مغلق - تم الحل,16.0,4.0,لا
MKC-2025931,2023-05-11,2023-05-15,الزاهر,شكوى إنارة شوارع,شكوى,المركز الموحد 940,مغلق - تم الحل,4.0,4.0,لا
MKC-2027159,2023-05-11,2023-06-02,الششة,ترخيص تجاري,طلب ترخيص,مكتب فرعي بالحي,مغلق - تم الحل,22.0,4.0,لا
MKC-2025326,2023-05-12,2023-05-19,الزاهر,شكوى إنارة شوارع,شكوى,تطبيق بلدي,مغلق - تم الحل,7.0,4.0,لا
MKC-2027977,2023-05-12,2023-05-18,جرول,شكوى مركبات مهملة,شكوى,المركز الموحد 940,مقبول ومنفذ,6.0,4.0,لا
MKC-2024179,2023-05-12,2023-05-18,العزيزية,شكوى صرف صحي,شكوى,تطبيق بلدي,مغلق - تم الحل,6.0,3.0,لا
MKC-2024620,2023-05-12,2023-05-24,المسفلة,ترخيص بناء,طلب ترخيص,المركز الموحد 940,محول لجهة أخرى,12.0,,لا
MKC-2027801,2023-05-12,2023-05-25,العزيزية,شكوى مركبات مهملة,شكوى,حساب X (تويتر),مغلق - تم الحل,13.0,5.0,لا
MKC-2026488,2023-05-12,2023-05-14,بطحاء قريش,شكوى مركبات مهملة,شكوى,المركز الموحد 940,محول لجهة أخرى,2.0,,لا
MKC-2027740,2023-05-13,2023-05-25,الشرائع,شكوى إنارة شوارع,شكوى,تطبيق بلدي,مقبول ومنفذ,12.0,3.0,لا
MKC-2028664,2023-05-13,2023-05-17,الجميزة,شكوى باعة متجولين,شكوى,مكتب خدمة العملاء,مرفوض,4.0,,لا
MKC-2023535,2023-05-13,2023-05-19,الكعكية,ترخيص تجاري,طلب ترخيص,مكتب خدمة العملاء,مقبول ومنفذ,6.0,5.0,لا
MKC-2025844,2023-05-13,2023-06-12,العزيزية,ترخيص بناء,طلب ترخيص,مكتب فرعي بالحي,محول لجهة أخرى,30.0,,لا
MKC-2028476,2023-05-13,2023-05-18,الششة,تجديد رخصة تجارية,طلب ترخيص,تطبيق بلدي,مقبول ومنفذ,5.0,3.0,لا
MKC-2026946,2023-05-13,,النوارية,ترخيص تجاري,طلب ترخيص,مكتب فرعي بالحي,قيد المعالجة,,,لا
MKC-2025637,2023-05-13,2023-05-27,النسيم,ترخيص بناء,طلب ترخيص,حساب X (تويتر),مرفوض,14.0,,لا
MKC-2026651,2023-05-14,,العزيزية,شكوى مركبات مهملة,شكوى,مكتب فرعي بالحي,قيد المعالجة,,,لا
MKC-2024663,2023-05-14,,الرصيفة,شكوى نظافة عامة,شكوى,تطبيق بلدي,قيد المعالجة,,,لا
MKC-2025997,2023-05-14,2023-05-22,الرصيفة,ترخيص لافتات إعلانية,طلب ترخيص,تطبيق بلدي,مرفوض,8.0,,لا
MKC-2023854,2023-05-15,2023-05-16,الششة,شكوى باعة متجولين,شكوى,تطبيق بلدي,مقبول ومنفذ,1.0,3.0,لا
MKC-2026666,2023-05-15,2023-06-02,العزيزية,ترخيص تجاري,طلب ترخيص,تطبيق بلدي,قيد المعالجة,18.0,,لا
MKC-2026740,2023-05-15,2023-05-22,الزاهر,شكوى إشغال طريق,شكوى,حساب X (تويتر),مغلق - تم الحل,7.0,5.0,لا
MKC-2027274,2023-05-15,2023-06-08,الزاهر,شكوى مخالفة بناء,شكوى,حساب X (تويتر),مغلق - تم الحل,24.0,2.0,لا
MKC-2027594,2023-05-15,2023-06-01,المسفلة,طلب صيانة حديقة/ملعب,طلب صيانة,المركز الموحد 940,مقبول ومنفذ,17.0,3.0,لا
MKC-2024762,2023-05-15,2023-05-16,العتيبية,شكوى نظافة عامة,شكوى,تطبيق بلدي,مغلق - تم الحل,1.0,5.0,لا
MKC-2023993,2023-05-15,2023-05-16,الشوقية,شكوى نظافة عامة,شكوى,المركز الموحد 940,مغلق - تم الحل,1.0,4.0,لا
MKC-2025497,2023-05-15,2023-05-19,الهجرة,شكوى إنارة شوارع,شكوى,المركز الموحد 940,مغلق - تم الحل,4.0,4.0,لا
MKC-2026660,2023-05-16,,الشوقية,شكوى مخالفة بناء,شكوى,المركز الموحد 940,قيد المعالجة,,,لا
MKC-2024615,2023-05-16,2023-06-15,المسفلة,ترخيص بناء,طلب ترخيص,المركز الموحد 940,مرفوض,30.0,,لا
MKC-2024221,2023-05-16,2023-06-22,النسيم,ترخيص بناء,طلب ترخيص,تطبيق بلدي,مقبول ومنفذ,37.0,1.0,لا
MKC-2025093,2023-05-17,2023-05-24,الشوقية,تجديد رخصة تجارية,طلب ترخيص,المركز الموحد 940,محول لجهة أخرى,7.0,,لا
MKC-2024366,2023-05-17,2023-05-26,الشرائع,شكوى صرف صحي,شكوى,مكتب خدمة العملاء,مغلق - تم الحل,9.0,5.0,لا
MKC-2024234,2023-05-17,2023-06-04,الرصيفة,طلب صيانة حديقة/ملعب,طلب صيانة,مكتب خدمة العملاء,مقبول ومنفذ,18.0,4.0,لا
MKC-2028127,2023-05-17,2023-06-29,العزيزية,ترخيص بناء,طلب ترخيص,حساب X (تويتر),مقبول ومنفذ,43.0,3.0,لا
MKC-2027768,2023-05-17,2023-05-28,النوارية,شكوى إنارة شوارع,شكوى,تطبيق بلدي,مغلق - تم الحل,11.0,3.0,لا
MKC-2023070,2023-05-18,2023-05-21,الزاهر,شكوى صرف صحي,شكوى,حساب X (تويتر),مغلق - تم الحل,3.0,4.0,لا
MKC-2027620,2023-05-18,2023-05-19,النسيم,شكوى صرف صحي,شكوى,تطبيق بلدي,مغلق - تم الحل,1.0,5.0,لا
MKC-2024230,2023-05-18,2023-05-19,جرول,شكوى نظافة عامة,شكوى,حساب X (تويتر),محول لجهة أخرى,1.0,,لا
MKC-2027647,2023-05-18,2023-06-09,الزاهر,طلب صيانة حديقة/ملعب,طلب صيانة,المركز الموحد 940,قيد المعالجة,22.0,,لا
MKC-2024300,2023-05-18,2023-05-21,النوارية,شكوى نظافة عامة,شكوى,تطبيق بلدي,مغلق - تم الحل,3.0,5.0,لا
MKC-2024508,2023-05-18,2023-05-21,الرصيفة,شكوى نظافة عامة,شكوى,تطبيق بلدي,محول لجهة أخرى,3.0,,لا
MKC-2024979,2023-05-18,2023-06-08,الكعكية,ترخيص بناء,طلب ترخيص,مكتب فرعي بالحي,مقبول ومنفذ,21.0,2.0,لا
MKC-2025519,2023-05-18,2023-06-16,الرصيفة,شكوى مخالفة بناء,شكوى,تطبيق بلدي,مغلق - تم الحل,29.0,3.0,لا
MKC-2025277,2023-05-19,2023-06-12,النسيم,ترخيص تجاري,طلب ترخيص,تطبيق بلدي,مقبول ومنفذ,24.0,3.0,لا
MKC-2028378,2023-05-19,2023-05-22,الشوقية,شكوى صرف صحي,شكوى,المركز الموحد 940,مقبول ومنفذ,3.0,3.0,لا
MKC-2024737,2023-05-19,2023-05-21,جرول,شكوى نظافة عامة,شكوى,المركز الموحد 940,محول لجهة أخرى,2.0,,لا
MKC-2027926,2023-05-19,2023-06-08,المسفلة,شكوى مخالفة بناء,شكوى,تطبيق بلدي,مقبول ومنفذ,20.0,4.0,لا
MKC-2027287,2023-05-19,2023-05-21,الشوقية,شكوى إشغال طريق,شكوى,تطبيق بلدي,محول لجهة أخرى,2.0,,لا
MKC-2026058,2023-05-19,,جرول,شكوى إنارة شوارع,شكوى,المركز الموحد 940,قيد المعالجة,,,لا
MKC-2023790,2023-05-19,2023-06-11,المسفلة,ترخيص تجاري,طلب ترخيص,تطبيق بلدي,مقبول ومنفذ,23.0,4.0,لا
MKC-2024834,2023-05-20,2023-05-31,جرول,شكوى صرف صحي,شكوى,مكتب فرعي بالحي,مرفوض,11.0,,لا
MKC-2023481,2023-05-20,2023-05-22,العزيزية,شكوى باعة متجولين,شكوى,تطبيق بلدي,مغلق - تم الحل,2.0,5.0,لا
MKC-2025875,2023-05-20,2023-06-10,الجميزة,ترخيص بناء,طلب ترخيص,تطبيق بلدي,محول لجهة أخرى,21.0,,لا
MKC-2024792,2023-05-20,2023-06-01,العزيزية,شكوى صرف صحي,شكوى,تطبيق بلدي,مغلق - تم الحل,12.0,4.0,لا
MKC-2026637,2023-05-20,2023-06-09,الرصيفة,ترخيص بناء,طلب ترخيص,المركز الموحد 940,مقبول ومنفذ,20.0,4.0,لا
MKC-2025784,2023-05-20,2023-05-26,أجياد,شكوى نظافة عامة,شكوى,تطبيق بلدي,مغلق - تم الحل,6.0,3.0,لا
MKC-2028153,2023-05-20,2023-05-23,الهجرة,شكوى إنارة شوارع,شكوى,مكتب خدمة العملاء,مقبول ومنفذ,3.0,4.0,لا
MKC-2027909,2023-05-20,2023-05-28,الششة,ترخيص تجاري,طلب ترخيص,تطبيق بلدي,مقبول ومنفذ,8.0,3.0,لا
MKC-2027224,2023-05-21,2023-05-28,العزيزية,شكوى نظافة عامة,شكوى,تطبيق بلدي,مغلق - تم الحل,7.0,4.0,لا
MKC-2028000,2023-05-21,2023-05-25,العتيبية,شكوى نظافة عامة,شكوى,مكتب فرعي بالحي,مغلق - تم الحل,4.0,4.0,لا
MKC-2026920,2023-05-21,2023-05-26,المسفلة,شكوى نظافة عامة,شكوى,تطبيق بلدي,مغلق - تم الحل,5.0,4.0,لا
MKC-2024436,2023-05-21,2023-05-27,العزيزية,شكوى نظافة عامة,شكوى,تطبيق بلدي,مقبول ومنفذ,6.0,4.0,لا
MKC-2027607,2023-05-21,2023-05-27,العتيبية,شكوى نظافة عامة,شكوى,مكتب فرعي بالحي,مرفوض,6.0,,لا
MKC-2024975,2023-05-22,2023-06-21,الرصيفة,ترخيص تجاري,طلب ترخيص,المركز الموحد 940,محول لجهة أخرى,30.0,,لا
MKC-2027094,2023-05-22,2023-06-02,العتيبية,طلب صيانة حديقة/ملعب,طلب صيانة,تطبيق بلدي,مقبول ومنفذ,11.0,3.0,لا
MKC-2028847,2023-05-22,2023-05-27,العزيزية,شكوى باعة متجولين,شكوى,مكتب خدمة العملاء,مغلق - تم الحل,5.0,4.0,لا
MKC-2024096,2023-05-22,2023-05-28,العزيزية,شكوى مخالفة بناء,شكوى,مكتب فرعي بالحي,محول لجهة أخرى,6.0,,لا
MKC-2024178,2023-05-22,2023-05-24,الجميزة,شكوى نظافة عامة,شكوى,المركز الموحد 940,مغلق - تم الحل,2.0,5.0,لا
MKC-2028380,2023-05-22,2023-06-06,العزيزية,شكوى مركبات مهملة,شكوى,تطبيق بلدي,مغلق - تم الحل,15.0,5.0,لا
MKC-2028132,2023-05-22,2023-06-03,العزيزية,شكوى إنارة شوارع,شكوى,المركز الموحد 940,مغلق - تم الحل,12.0,4.0,لا
MKC-2026855,2023-05-22,,بطحاء قريش,ترخيص بناء,طلب ترخيص,المركز الموحد 940,قيد المعالجة,,,لا
MKC-2026986,2023-05-23,2023-05-27,الرصيفة,شكوى صرف صحي,شكوى,حساب X (تويتر),محول لجهة أخرى,4.0,,لا
MKC-2024196,2023-05-23,,الشرائع,شكوى إنارة شوارع,شكوى,مكتب خدمة العملاء,قيد المعالجة,,,لا
MKC-2025827,2023-05-23,2023-05-29,الرصيفة,تجديد رخصة تجارية,طلب ترخيص,مكتب فرعي بالحي,مقبول ومنفذ,6.0,4.0,لا
MKC-2027896,2023-05-23,2023-06-08,الزاهر,ترخيص تجاري,طلب ترخيص,المركز الموحد 940,مقبول ومنفذ,16.0,3.0,لا
MKC-2026603,2023-05-23,2023-05-25,العتيبية,شكوى إشغال طريق,شكوى,تطبيق بلدي,قيد المعالجة,2.0,,لا
MKC-2024721,2023-05-23,2023-05-28,العزيزية,شكوى نظافة عامة,شكوى,المركز الموحد 940,مغلق - تم الحل,5.0,4.0,لا
MKC-2027639,2023-05-23,2023-06-05,بطحاء قريش,شكوى إنارة شوارع,شكوى,مكتب فرعي بالحي,مرفوض,13.0,,لا
MKC-2026080,2023-05-24,2023-06-04,الهجرة,ترخيص تجاري,طلب ترخيص,حساب X (تويتر),مقبول ومنفذ,11.0,2.0,لا
MKC-2026790,2023-05-24,2023-06-04,بطحاء قريش,شكوى مخالفة بناء,شكوى,مكتب فرعي بالحي,مغلق - تم الحل,11.0,5.0,لا
MKC-2028975,2023-05-24,2023-06-02,الرصيفة,ترخيص تجاري,طلب ترخيص,مكتب خدمة العملاء,مقبول ومنفذ,9.0,3.0,لا
MKC-2025464,2023-05-24,2023-05-29,العزيزية,طلب صيانة حديقة/ملعب,طلب صيانة,تطبيق بلدي,محول لجهة أخرى,5.0,,لا
MKC-2027876,2023-05-24,2023-06-25,الزاهر,ترخيص بناء,طلب ترخيص,مكتب خدمة العملاء,مرفوض,32.0,,لا
MKC-2025830,2023-05-24,2023-06-02,الششة,شكوى إشغال طريق,شكوى,تطبيق بلدي,قيد المعالجة,9.0,,لا
MKC-2027020,2023-05-24,,النوارية,شكوى نظافة عامة,شكوى,مكتب خدمة العملاء,قيد المعالجة,,,لا
MKC-2025885,2023-05-24,2023-05-30,جرول,تجديد رخصة تجارية,طلب ترخيص,تطبيق بلدي,قيد المعالجة,6.0,,لا
MKC-2025941,2023-05-25,2023-05-28,العزيزية,شكوى صرف صحي,شكوى,مكتب فرعي بالحي,مغلق - تم الحل,3.0,4.0,لا
MKC-2026329,2023-05-25,2023-06-23,الزاهر,شكوى مخالفة بناء,شكوى,تطبيق بلدي,مغلق - تم الحل,29.0,4.0,لا
MKC-2024810,2023-05-25,2023-05-31,الجميزة,تجديد رخصة تجارية,طلب ترخيص,تطبيق بلدي,مقبول ومنفذ,6.0,3.0,لا
MKC-2028881,2023-05-26,2023-05-29,المسفلة,شكوى نظافة عامة,شكوى,تطبيق بلدي,مغلق - تم الحل,3.0,4.0,لا
MKC-2028075,2023-05-26,2023-06-28,الرصيفة,ترخيص بناء,طلب ترخيص,تطبيق بلدي,مقبول ومنفذ,33.0,3.0,لا
MKC-2024856,2023-05-26,2023-06-22,العزيزية,ترخيص بناء,طلب ترخيص,مكتب خدمة العملاء,مقبول ومنفذ,27.0,2.0,لا
MKC-2024940,2023-05-26,2023-06-01,النوارية,شكوى إنارة شوارع,شكوى,مكتب خدمة العملاء,مغلق - تم الحل,6.0,4.0,لا
MKC-2027981,2023-05-26,2023-06-10,النوارية,شكوى مخالفة بناء,شكوى,مكتب فرعي بالحي,مقبول ومنفذ,15.0,3.0,لا
MKC-2028774,2023-05-26,2023-06-02,الزاهر,شكوى إشغال طريق,شكوى,مكتب فرعي بالحي,محول لجهة أخرى,7.0,,لا
MKC-2027995,2023-05-26,2023-05-30,جرول,شكوى إشغال طريق,شكوى,مكتب خدمة العملاء,محول لجهة أخرى,4.0,,لا
MKC-2024656,2023-05-27,2023-06-08,الهجرة,شكوى صرف صحي,شكوى,المركز الموحد 940,مغلق - تم الحل,12.0,4.0,لا
MKC-2026543,2023-05-27,2023-07-04,الششة,ترخيص بناء,طلب ترخيص,مكتب فرعي بالحي,مقبول ومنفذ,38.0,3.0,لا
MKC-2025750,2023-05-27,2023-06-04,الحجون,شكوى صرف صحي,شكوى,تطبيق بلدي,مغلق - تم الحل,8.0,5.0,لا
MKC-2024924,2023-05-27,2023-06-01,النسيم,تجديد رخصة تجارية,طلب ترخيص,تطبيق بلدي,مقبول ومنفذ,5.0,5.0,لا
MKC-2027382,2023-05-27,2023-06-01,النوارية,ترخيص لافتات إعلانية,طلب ترخيص,مكتب فرعي بالحي,محول لجهة أخرى,5.0,,لا
MKC-2024575,2023-05-27,2023-06-01,الحجون,شكوى إشغال طريق,شكوى,المركز الموحد 940,محول لجهة أخرى,5.0,,لا
MKC-2027890,2023-05-27,2023-06-06,الهجرة,شكوى إشغال طريق,شكوى,مكتب فرعي بالحي,مغلق - تم الحل,10.0,4.0,لا
MKC-2023487,2023-05-28,2023-06-08,الكعكية,شكوى إنارة شوارع,شكوى,المركز الموحد 940,مرفوض,11.0,,لا
MKC-2026609,2023-05-28,2023-06-12,الرصيفة,ترخيص بناء,طلب ترخيص,تطبيق بلدي,مقبول ومنفذ,15.0,4.0,لا
MKC-2026783,2023-05-28,2023-05-31,الرصيفة,شكوى إنارة شوارع,شكوى,مكتب فرعي بالحي,مغلق - تم الحل,3.0,4.0,لا
MKC-2025715,2023-05-28,2023-06-04,العزيزية,شكوى صرف صحي,شكوى,حساب X (تويتر),مغلق - تم الحل,7.0,5.0,لا
MKC-2024456,2023-05-28,2023-05-29,الزاهر,شكوى إشغال طريق,شكوى,تطبيق بلدي,مرفوض,1.0,,لا
MKC-2028050,2023-05-28,2023-06-06,بطحاء قريش,تجديد رخصة تجارية,طلب ترخيص,مكتب خدمة العملاء,مقبول ومنفذ,9.0,4.0,لا
MKC-2025659,2023-05-28,2023-06-01,النسيم,طلب صيانة حديقة/ملعب,طلب صيانة,تطبيق بلدي,محول لجهة أخرى,4.0,,لا
MKC-2027741,2023-05-28,2023-06-01,الكعكية,شكوى إشغال طريق,شكوى,مكتب خدمة العملاء,مغلق - تم الحل,4.0,3.0,لا
MKC-2023015,2023-05-29,2023-06-05,الحجون,شكوى نظافة عامة,شكوى,مكتب فرعي بالحي,مغلق - تم الحل,7.0,5.0,لا
MKC-2028615,2023-05-29,2023-06-04,الكعكية,شكوى نظافة عامة,شكوى,مكتب خدمة العملاء,مغلق - تم الحل,6.0,4.0,لا
MKC-2025517,2023-05-29,2023-06-07,الشوقية,ترخيص تجاري,طلب ترخيص,تطبيق بلدي,مقبول ومنفذ,9.0,3.0,لا
MKC-2028138,2023-05-29,2023-06-28,المسفلة,ترخيص تجاري,طلب ترخيص,تطبيق بلدي,مقبول ومنفذ,30.0,3.0,لا
MKC-2028408,2023-05-29,2023-06-26,الشوقية,ترخيص بناء,طلب ترخيص,تطبيق بلدي,مقبول ومنفذ,28.0,2.0,لا
MKC-2023038,2023-05-29,2023-06-24,الشوقية,ترخيص بناء,طلب ترخيص,مكتب خدمة العملاء,مقبول ومنفذ,26.0,3.0,لا
MKC-2026265,2023-05-30,2023-06-04,الزاهر,شكوى باعة متجولين,شكوى,مكتب فرعي بالحي,مرفوض,5.0,,لا
MKC-2023755,2023-05-30,2023-06-03,العزيزية,شكوى نظافة عامة,شكوى,مكتب فرعي بالحي,مغلق - تم الحل,4.0,4.0,لا
MKC-2024667,2023-05-30,2023-06-19,الزاهر,شكوى مخالفة بناء,شكوى,تطبيق بلدي,مغلق - تم الحل,20.0,5.0,لا
MKC-2027954,2023-05-30,,الشرائع,شكوى نظافة عامة,شكوى,المركز الموحد 940,قيد المعالجة,,,لا
MKC-2028645,2023-05-30,2023-05-31,بطحاء قريش,شكوى إنارة شوارع,شكوى,حساب X (تويتر),مغلق - تم الحل,1.0,4.0,لا
MKC-2025622,2023-05-30,2023-06-11,الشوقية,شكوى إنارة شوارع,شكوى,مكتب فرعي بالحي,مغلق - تم الحل,12.0,4.0,لا
MKC-2027423,2023-05-30,2023-06-03,الشوقية,ترخيص لافتات إعلانية,طلب ترخيص,حساب X (تويتر),مقبول ومنفذ,4.0,4.0,لا
MKC-2027950,2023-05-30,2023-06-05,النوارية,شكوى صرف صحي,شكوى,تطبيق بلدي,محول لجهة أخرى,6.0,,لا
MKC-2024890,2023-05-30,2023-06-03,جرول,شكوى إشغال طريق,شكوى,تطبيق بلدي,مغلق - تم الحل,4.0,4.0,لا
MKC-2026536,2023-05-30,2023-06-04,العزيزية,شكوى مخالفة بناء,شكوى,مكتب فرعي بالحي,محول لجهة أخرى,5.0,,لا
MKC-2024483,2023-05-30,2023-06-02,الجميزة,شكوى باعة متجولين,شكوى,المركز الموحد 940,مغلق - تم الحل,3.0,3.0,لا
MKC-2023205,2023-05-31,2023-06-01,العتيبية,شكوى صرف صحي,شكوى,تطبيق بلدي,مغلق - تم الحل,1.0,4.0,لا
MKC-2028046,2023-05-31,2023-06-17,الششة,طلب صيانة حديقة/ملعب,طلب صيانة,حساب X (تويتر),محول لجهة أخرى,17.0,,لا
MKC-2024467,2023-05-31,2023-06-11,بطحاء قريش,ترخيص لافتات إعلانية,طلب ترخيص,تطبيق بلدي,مقبول ومنفذ,11.0,3.0,لا
MKC-2024741,2023-06-01,2023-06-13,جرول,شكوى إنارة شوارع,شكوى,تطبيق بلدي,محول لجهة أخرى,12.0,,لا
MKC-2024850,2023-06-01,2023-06-10,الرصيفة,ترخيص تجاري,طلب ترخيص,تطبيق بلدي,مرفوض,9.0,,لا
MKC-2025707,2023-06-01,2023-06-27,أجياد,ترخيص بناء,طلب ترخيص,مكتب فرعي بالحي,مقبول ومنفذ,26.0,5.0,لا
MKC-2023162,2023-06-01,2023-06-24,النوارية,ترخيص تجاري,طلب ترخيص,المركز الموحد 940,مقبول ومنفذ,23.0,3.0,لا
MKC-2026033,2023-06-01,2023-06-04,الجميزة,طلب صيانة حديقة/ملعب,طلب صيانة,تطبيق بلدي,مقبول ومنفذ,3.0,4.0,لا
MKC-2023827,2023-06-02,2023-06-22,الحجون,ترخيص تجاري,طلب ترخيص,تطبيق بلدي,مقبول ومنفذ,20.0,5.0,لا
MKC-2025846,2023-06-03,2023-06-07,جرول,شكوى نظافة عامة,شكوى,حساب X (تويتر),مغلق - تم الحل,4.0,5.0,لا
MKC-2023555,2023-06-03,2023-06-09,المسفلة,شكوى إشغال طريق,شكوى,المركز الموحد 940,مغلق - تم الحل,6.0,5.0,لا
MKC-2025607,2023-06-03,2023-06-05,الجميزة,شكوى باعة متجولين,شكوى,تطبيق بلدي,مغلق - تم الحل,2.0,3.0,لا
MKC-2023312,2023-06-03,2023-06-17,النوارية,شكوى مخالفة بناء,شكوى,تطبيق بلدي,مرفوض,14.0,,لا
MKC-2023242,2023-06-03,2023-06-17,العزيزية,شكوى مركبات مهملة,شكوى,المركز الموحد 940,مغلق - تم الحل,14.0,4.0,لا
MKC-2025514,2023-06-03,,الرصيفة,شكوى إشغال طريق,شكوى,المركز الموحد 940,قيد المعالجة,,,لا
MKC-2026415,2023-06-03,2023-07-01,الزاهر,ترخيص تجاري,طلب ترخيص,المركز الموحد 940,مقبول ومنفذ,28.0,4.0,لا
MKC-2023073,2023-06-04,2023-06-13,الشوقية,ترخيص تجاري,طلب ترخيص,مكتب خدمة العملاء,مرفوض,9.0,,لا
MKC-2023692,2023-06-05,2023-06-16,العزيزية,شكوى مركبات مهملة,شكوى,مكتب خدمة العملاء,محول لجهة أخرى,11.0,,لا
MKC-2025481,2023-06-05,2023-06-13,الشوقية,ترخيص تجاري,طلب ترخيص,المركز الموحد 940,مرفوض,8.0,,لا
MKC-2027343,2023-06-05,2023-06-14,النسيم,ترخيص تجاري,طلب ترخيص,تطبيق بلدي,مقبول ومنفذ,9.0,3.0,لا
MKC-2027528,2023-06-05,2023-06-25,المسفلة,ترخيص تجاري,طلب ترخيص,تطبيق بلدي,مقبول ومنفذ,20.0,4.0,لا
MKC-2028010,2023-06-05,2023-06-07,الزاهر,شكوى إشغال طريق,شكوى,مكتب فرعي بالحي,مغلق - تم الحل,2.0,5.0,لا
MKC-2026983,2023-06-05,2023-06-07,جرول,شكوى نظافة عامة,شكوى,حساب X (تويتر),محول لجهة أخرى,2.0,,لا
MKC-2025352,2023-06-05,2023-06-14,النسيم,شكوى إشغال طريق,شكوى,حساب X (تويتر),محول لجهة أخرى,9.0,,لا
MKC-2023643,2023-06-05,2023-06-15,الشوقية,شكوى إشغال طريق,شكوى,تطبيق بلدي,مغلق - تم الحل,10.0,4.0,لا
MKC-2026019,2023-06-05,2023-06-19,العزيزية,ترخيص تجاري,طلب ترخيص,مكتب خدمة العملاء,محول لجهة أخرى,14.0,,لا
MKC-2024554,2023-06-06,2023-06-22,أجياد,ترخيص تجاري,طلب ترخيص,حساب X (تويتر),مقبول ومنفذ,16.0,3.0,لا
MKC-2026848,2023-06-06,2023-06-16,العزيزية,طلب صيانة حديقة/ملعب,طلب صيانة,تطبيق بلدي,محول لجهة أخرى,10.0,,لا
MKC-2027590,2023-06-06,,الزاهر,شكوى نظافة عامة,شكوى,حساب X (تويتر),قيد المعالجة,,,لا
MKC-2027964,2023-06-06,2023-06-10,العزيزية,ترخيص لافتات إعلانية,طلب ترخيص,المركز الموحد 940,مقبول ومنفذ,4.0,5.0,لا
MKC-2027469,2023-06-06,2023-06-18,الشرائع,شكوى مركبات مهملة,شكوى,مكتب فرعي بالحي,مغلق - تم الحل,12.0,4.0,لا
MKC-2028229,2023-06-06,2023-06-24,جرول,ترخيص تجاري,طلب ترخيص,تطبيق بلدي,محول لجهة أخرى,18.0,,لا
MKC-2024604,2023-06-06,2023-07-05,الهجرة,ترخيص بناء,طلب ترخيص,المركز الموحد 940,مرفوض,29.0,,لا
MKC-2027733,2023-06-07,2023-06-14,بطحاء قريش,شكوى نظافة عامة,شكوى,المركز الموحد 940,محول لجهة أخرى,7.0,,لا
MKC-2027437,2023-06-07,2023-06-20,النوارية,شكوى إنارة شوارع,شكوى,مكتب فرعي بالحي,محول لجهة أخرى,13.0,,لا
MKC-2023282,2023-06-07,2023-06-15,الشوقية,تجديد رخصة تجارية,طلب ترخيص,مكتب خدمة العملاء,قيد المعالجة,8.0,,لا
MKC-2025416,2023-06-07,,العزيزية,طلب صيانة حديقة/ملعب,طلب صيانة,مكتب فرعي بالحي,قيد المعالجة,,,لا
MKC-2028492,2023-06-07,2023-06-12,الكعكية,شكوى مخالفة بناء,شكوى,تطبيق بلدي,محول لجهة أخرى,5.0,,لا
MKC-2027428,2023-06-07,2023-06-10,الزاهر,شكوى نظافة عامة,شكوى,مكتب خدمة العملاء,محول لجهة أخرى,3.0,,لا
MKC-2027816,2023-06-07,2023-06-20,العزيزية,ترخيص بناء,طلب ترخيص,المركز الموحد 940,مرفوض,13.0,,لا
MKC-2024813,2023-06-07,2023-06-19,الششة,ترخيص لافتات إعلانية,طلب ترخيص,المركز الموحد 940,مقبول ومنفذ,12.0,5.0,لا
MKC-2023254,2023-06-07,2023-06-30,العتيبية,ترخيص بناء,طلب ترخيص,مكتب خدمة العملاء,مرفوض,23.0,,لا
MKC-2024440,2023-06-07,2023-06-19,الشرائع,شكوى مركبات مهملة,شكوى,تطبيق بلدي,مغلق - تم الحل,12.0,5.0,لا
MKC-2027955,2023-06-07,2023-06-16,الرصيفة,تجديد رخصة تجارية,طلب ترخيص,مكتب خدمة العملاء,مقبول ومنفذ,9.0,5.0,لا
MKC-2026994,2023-06-08,,الرصيفة,شكوى إشغال طريق,شكوى,تطبيق بلدي,قيد المعالجة,,,لا
MKC-2027867,2023-06-08,2023-06-15,العزيزية,طلب صيانة حديقة/ملعب,طلب صيانة,مكتب خدمة العملاء,مقبول ومنفذ,7.0,4.0,لا
MKC-2025381,2023-06-08,2023-06-11,بطحاء قريش,شكوى نظافة عامة,شكوى,تطبيق بلدي,مغلق - تم الحل,3.0,3.0,لا
MKC-2028384,2023-06-08,2023-06-13,النسيم,شكوى مخالفة بناء,شكوى,تطبيق بلدي,مغلق - تم الحل,5.0,5.0,لا
MKC-2023653,2023-06-08,2023-07-11,الجميزة,ترخيص بناء,طلب ترخيص,مكتب خدمة العملاء,مرفوض,33.0,,لا
MKC-2024685,2023-06-08,2023-06-10,الشوقية,شكوى صرف صحي,شكوى,المركز الموحد 940,محول لجهة أخرى,2.0,,لا
MKC-2025099,2023-06-08,2023-06-10,العزيزية,شكوى نظافة عامة,شكوى,مكتب فرعي بالحي,محول لجهة أخرى,2.0,,لا
MKC-2027952,2023-06-08,2023-06-12,العزيزية,شكوى نظافة عامة,شكوى,مكتب خدمة العملاء,مغلق - تم الحل,4.0,3.0,لا
MKC-2027477,2023-06-08,2023-06-25,الرصيفة,شكوى مخالفة بناء,شكوى,تطبيق بلدي,مغلق - تم الحل,17.0,3.0,لا
MKC-2025686,2023-06-09,2023-07-06,الشوقية,ترخيص بناء,طلب ترخيص,مكتب فرعي بالحي,مرفوض,27.0,,لا
MKC-2023426,2023-06-09,2023-06-12,النوارية,شكوى نظافة عامة,شكوى,تطبيق بلدي,مغلق - تم الحل,3.0,3.0,لا
MKC-2028936,2023-06-10,2023-06-11,الشوقية,شكوى صرف صحي,شكوى,تطبيق بلدي,مغلق - تم الحل,1.0,4.0,لا
MKC-2028965,2023-06-10,2023-06-23,الششة,ترخيص لافتات إعلانية,طلب ترخيص,حساب X (تويتر),مرفوض,13.0,,لا
MKC-2024090,2023-06-10,2023-06-14,الشوقية,شكوى باعة متجولين,شكوى,تطبيق بلدي,مغلق - تم الحل,4.0,4.0,لا
MKC-2025119,2023-06-10,2023-06-27,النوارية,شكوى مخالفة بناء,شكوى,تطبيق بلدي,مقبول ومنفذ,17.0,4.0,لا
MKC-2028758,2023-06-10,2023-06-14,العزيزية,تجديد رخصة تجارية,طلب ترخيص,تطبيق بلدي,مقبول ومنفذ,4.0,5.0,لا
MKC-2026664,2023-06-10,2023-06-12,الشوقية,شكوى إشغال طريق,شكوى,تطبيق بلدي,محول لجهة أخرى,2.0,,لا
MKC-2024983,2023-06-11,2023-06-19,الزاهر,طلب صيانة حديقة/ملعب,طلب صيانة,تطبيق بلدي,مرفوض,8.0,,لا
MKC-2023415,2023-06-11,2023-06-18,النسيم,طلب صيانة حديقة/ملعب,طلب صيانة,مكتب خدمة العملاء,مرفوض,7.0,,لا
MKC-2024546,2023-06-11,2023-06-21,الشوقية,شكوى إشغال طريق,شكوى,تطبيق بلدي,مغلق - تم الحل,10.0,4.0,لا
MKC-2024541,2023-06-11,2023-06-14,النسيم,تجديد رخصة تجارية,طلب ترخيص,تطبيق بلدي,مقبول ومنفذ,3.0,5.0,لا
MKC-2025629,2023-06-11,2023-07-04,الرصيفة,شكوى مخالفة بناء,شكوى,تطبيق بلدي,مغلق - تم الحل,23.0,3.0,لا
MKC-2028040,2023-06-11,2023-07-09,العتيبية,شكوى مخالفة بناء,شكوى,مكتب فرعي بالحي,محول لجهة أخرى,28.0,,لا
MKC-2028297,2023-06-11,2023-06-25,الزاهر,ترخيص تجاري,طلب ترخيص,مكتب خدمة العملاء,مقبول ومنفذ,14.0,4.0,لا
MKC-2023770,2023-06-11,2023-06-19,بطحاء قريش,شكوى إشغال طريق,شكوى,حساب X (تويتر),قيد المعالجة,8.0,,لا
MKC-2027483,2023-06-11,2023-06-15,الزاهر,شكوى نظافة عامة,شكوى,مكتب خدمة العملاء,مغلق - تم الحل,4.0,4.0,لا
MKC-2027046,2023-06-11,2023-06-17,أجياد,شكوى نظافة عامة,شكوى,مكتب خدمة العملاء,مغلق - تم الحل,6.0,3.0,لا
MKC-2025985,2023-06-11,,العتيبية,طلب صيانة حديقة/ملعب,طلب صيانة,مكتب خدمة العملاء,قيد المعالجة,,,لا
MKC-2027003,2023-06-11,2023-07-01,أجياد,شكوى مخالفة بناء,شكوى,تطبيق بلدي,مغلق - تم الحل,20.0,3.0,لا
MKC-2023700,2023-06-11,2023-06-16,بطحاء قريش,شكوى إنارة شوارع,شكوى,تطبيق بلدي,محول لجهة أخرى,5.0,,لا
MKC-2023191,2023-06-11,2023-06-20,العتيبية,شكوى إشغال طريق,شكوى,تطبيق بلدي,مغلق - تم الحل,9.0,4.0,لا
MKC-2023752,2023-06-12,2023-06-24,جرول,شكوى إنارة شوارع,شكوى,تطبيق بلدي,محول لجهة أخرى,12.0,,لا
MKC-2026333,2023-06-12,,الحجون,شكوى نظافة عامة,شكوى,حساب X (تويتر),قيد المعالجة,,,لا
MKC-2027561,2023-06-12,2023-06-18,المسفلة,تجديد رخصة تجارية,طلب ترخيص,تطبيق بلدي,مقبول ومنفذ,6.0,3.0,لا
MKC-2027360,2023-06-12,2023-07-12,بطحاء قريش,ترخيص تجاري,طلب ترخيص,تطبيق بلدي,مقبول ومنفذ,30.0,3.0,لا
MKC-2028772,2023-06-12,2023-06-20,الجميزة,شكوى إنارة شوارع,شكوى,مكتب خدمة العملاء,مرفوض,8.0,,لا
MKC-2027963,2023-06-13,2023-06-18,المسفلة,شكوى إنارة شوارع,شكوى,تطبيق بلدي,مغلق - تم الحل,5.0,4.0,لا
MKC-2028784,2023-06-13,2023-06-27,العزيزية,ترخيص تجاري,طلب ترخيص,حساب X (تويتر),مقبول ومنفذ,14.0,3.0,لا
MKC-2023892,2023-06-13,2023-06-21,المسفلة,شكوى إشغال طريق,شكوى,المركز الموحد 940,محول لجهة أخرى,8.0,,لا
MKC-2023561,2023-06-13,2023-06-19,جرول,ترخيص تجاري,طلب ترخيص,مكتب فرعي بالحي,مرفوض,6.0,,لا
MKC-2027957,2023-06-13,2023-06-20,المسفلة,شكوى نظافة عامة,شكوى,المركز الموحد 940,محول لجهة أخرى,7.0,,لا
MKC-2025805,2023-06-14,2023-06-22,بطحاء قريش,تجديد رخصة تجارية,طلب ترخيص,مكتب خدمة العملاء,مقبول ومنفذ,8.0,3.0,لا
MKC-2027871,2023-06-14,2023-06-27,النسيم,ترخيص بناء,طلب ترخيص,تطبيق بلدي,مرفوض,13.0,,لا
MKC-2025938,2023-06-14,2023-07-09,الكعكية,ترخيص تجاري,طلب ترخيص,مكتب فرعي بالحي,مقبول ومنفذ,25.0,4.0,لا
MKC-2026062,2023-06-14,2023-06-26,النسيم,ترخيص تجاري,طلب ترخيص,تطبيق بلدي,مرفوض,12.0,,لا
MKC-2024080,2023-06-14,2023-06-20,النسيم,شكوى نظافة عامة,شكوى,تطبيق بلدي,مغلق - تم الحل,6.0,4.0,لا
MKC-2023952,2023-06-14,2023-06-19,الرصيفة,شكوى مخالفة بناء,شكوى,تطبيق بلدي,مقبول ومنفذ,5.0,4.0,لا
MKC-2026002,2023-06-14,2023-06-17,الهجرة,شكوى باعة متجولين,شكوى,مكتب فرعي بالحي,مغلق - تم الحل,3.0,4.0,لا
MKC-2025916,2023-06-14,2023-06-19,المسفلة,شكوى باعة متجولين,شكوى,المركز الموحد 940,مغلق - تم الحل,5.0,5.0,لا
MKC-2026701,2023-06-14,2023-06-23,الزاهر,شكوى صرف صحي,شكوى,تطبيق بلدي,قيد المعالجة,9.0,,لا
MKC-2027691,2023-06-14,2023-06-20,النوارية,شكوى مركبات مهملة,شكوى,حساب X (تويتر),مغلق - تم الحل,6.0,4.0,لا
MKC-2028332,2023-06-15,2023-06-22,بطحاء قريش,شكوى نظافة عامة,شكوى,تطبيق بلدي,مغلق - تم الحل,7.0,3.0,نعم
MKC-2024692,2023-06-15,2023-08-03,الشوقية,ترخيص تجاري,طلب ترخيص,مكتب فرعي بالحي,مقبول ومنفذ,49.0,3.0,نعم
MKC-2027711,2023-06-15,2023-07-05,النسيم,شكوى صرف صحي,شكوى,تطبيق بلدي,محول لجهة أخرى,20.0,,نعم
MKC-2024049,2023-06-15,2023-06-23,العتيبية,تجديد رخصة تجارية,طلب ترخيص,المركز الموحد 940,مقبول ومنفذ,8.0,2.0,نعم
MKC-2028044,2023-06-15,2023-08-01,الشرائع,ترخيص بناء,طلب ترخيص,مكتب فرعي بالحي,مقبول ومنفذ,47.0,4.0,نعم
MKC-2027519,2023-06-15,,الزاهر,تجديد رخصة تجارية,طلب ترخيص,تطبيق بلدي,قيد المعالجة,,,نعم
MKC-2024784,2023-06-15,2023-07-06,بطحاء قريش,ترخيص لافتات إعلانية,طلب ترخيص,مكتب خدمة العملاء,مقبول ومنفذ,21.0,3.0,نعم
MKC-2024638,2023-06-15,2023-06-21,النسيم,شكوى صرف صحي,شكوى,مكتب خدمة العملاء,قيد المعالجة,6.0,,نعم
MKC-2028565,2023-06-15,2023-06-20,النسيم,شكوى باعة متجولين,شكوى,تطبيق بلدي,محول لجهة أخرى,5.0,,نعم
MKC-2025843,2023-06-15,2023-07-06,العزيزية,ترخيص لافتات إعلانية,طلب ترخيص,المركز الموحد 940,مقبول ومنفذ,21.0,4.0,نعم
MKC-2024938,2023-06-15,2023-07-04,الرصيفة,ترخيص تجاري,طلب ترخيص,المركز الموحد 940,مقبول ومنفذ,19.0,5.0,نعم
MKC-2023253,2023-06-15,2023-07-31,العزيزية,ترخيص بناء,طلب ترخيص,تطبيق بلدي,مقبول ومنفذ,46.0,3.0,نعم
MKC-2026607,2023-06-15,2023-06-18,العزيزية,شكوى نظافة عامة,شكوى,تطبيق بلدي,مغلق - تم الحل,3.0,5.0,نعم
MKC-2024740,2023-06-15,,الكعكية,شكوى باعة متجولين,شكوى,مكتب فرعي بالحي,قيد المعالجة,,,نعم
MKC-2023726,2023-06-15,2023-06-30,الشوقية,ترخيص تجاري,طلب ترخيص,مكتب خدمة العملاء,مقبول ومنفذ,15.0,4.0,نعم
MKC-2026648,2023-06-15,2023-06-19,العتيبية,شكوى باعة متجولين,شكوى,مكتب خدمة العملاء,مغلق - تم الحل,4.0,4.0,نعم
MKC-2028211,2023-06-15,2023-06-30,الرصيفة,شكوى إشغال طريق,شكوى,تطبيق بلدي,مغلق - تم الحل,15.0,4.0,نعم
MKC-2025663,2023-06-15,2023-07-08,الشوقية,ترخيص تجاري,طلب ترخيص,تطبيق بلدي,مقبول ومنفذ,23.0,3.0,نعم
MKC-2028931,2023-06-15,2023-07-28,الكعكية,ترخيص تجاري,طلب ترخيص,تطبيق بلدي,مقبول ومنفذ,43.0,2.0,نعم
MKC-2023945,2023-06-15,2023-08-07,أجياد,ترخيص بناء,طلب ترخيص,مكتب خدمة العملاء,مغلق - تم الحل,53.0,4.0,نعم
MKC-2025405,2023-06-15,2023-06-30,العزيزية,شكوى صرف صحي,شكوى,تطبيق بلدي,قيد المعالجة,15.0,,نعم
MKC-2025711,2023-06-15,2023-06-18,الرصيفة,شكوى نظافة عامة,شكوى,تطبيق بلدي,مغلق - تم الحل,3.0,4.0,نعم
MKC-2027554,2023-06-16,2023-07-03,النسيم,تجديد رخصة تجارية,طلب ترخيص,المركز الموحد 940,مقبول ومنفذ,17.0,4.0,نعم
MKC-2026746,2023-06-16,2023-06-24,المسفلة,شكوى صرف صحي,شكوى,مكتب خدمة العملاء,مغلق - تم الحل,8.0,3.0,نعم
MKC-2026763,2023-06-16,2023-07-15,الشرائع,شكوى مركبات مهملة,شكوى,المركز الموحد 940,محول لجهة أخرى,29.0,,نعم
MKC-2028827,2023-06-16,2023-07-05,النسيم,شكوى إشغال طريق,شكوى,تطبيق بلدي,مغلق - تم الحل,19.0,5.0,نعم
MKC-2026433,2023-06-16,2023-07-13,أجياد,شكوى مركبات مهملة,شكوى,تطبيق بلدي,محول لجهة أخرى,27.0,,نعم
MKC-2026727,2023-06-16,2023-07-04,الرصيفة,طلب صيانة حديقة/ملعب,طلب صيانة,مكتب خدمة العملاء,مقبول ومنفذ,18.0,4.0,نعم
MKC-2028521,2023-06-16,2023-06-19,بطحاء قريش,شكوى إشغال طريق,شكوى,تطبيق بلدي,مغلق - تم الحل,3.0,4.0,نعم
MKC-2025023,2023-06-16,2023-07-07,النسيم,ترخيص لافتات إعلانية,طلب ترخيص,تطبيق بلدي,محول لجهة أخرى,21.0,,نعم
MKC-2023951,2023-06-16,2023-07-11,الحجون,ترخيص تجاري,طلب ترخيص,تطبيق بلدي,مرفوض,25.0,,نعم
MKC-2025543,2023-06-16,2023-07-18,الششة,شكوى مركبات مهملة,شكوى,المركز الموحد 940,مغلق - تم الحل,32.0,3.0,نعم
MKC-2028495,2023-06-16,2023-06-30,جرول,ترخيص تجاري,طلب ترخيص,تطبيق بلدي,محول لجهة أخرى,14.0,,نعم
MKC-2025712,2023-06-16,2023-06-21,جرول,تجديد رخصة تجارية,طلب ترخيص,المركز الموحد 940,مقبول ومنفذ,5.0,4.0,نعم
MKC-2026049,2023-06-16,2023-06-24,المسفلة,تجديد رخصة تجارية,طلب ترخيص,مكتب فرعي بالحي,مرفوض,8.0,,نعم
MKC-2023283,2023-06-16,2023-06-21,الرصيفة,شكوى مركبات مهملة,شكوى,تطبيق بلدي,مغلق - تم الحل,5.0,4.0,نعم
MKC-2027165,2023-06-16,2023-07-05,العزيزية,طلب صيانة حديقة/ملعب,طلب صيانة,تطبيق بلدي,مرفوض,19.0,,نعم
MKC-2025958,2023-06-16,2023-07-05,الرصيفة,شكوى مركبات مهملة,شكوى,تطبيق بلدي,محول لجهة أخرى,19.0,,نعم
MKC-2025873,2023-06-16,2023-06-25,الرصيفة,شكوى نظافة عامة,شكوى,تطبيق بلدي,محول لجهة أخرى,9.0,,نعم
MKC-2028933,2023-06-16,2023-06-19,الشوقية,شكوى نظافة عامة,شكوى,مكتب فرعي بالحي,محول لجهة أخرى,3.0,,نعم
MKC-2024858,2023-06-16,2023-07-04,العتيبية,طلب صيانة حديقة/ملعب,طلب صيانة,المركز الموحد 940,مقبول ومنفذ,18.0,3.0,نعم
MKC-2027150,2023-06-16,2023-06-27,الشوقية,ترخيص تجاري,طلب ترخيص,تطبيق بلدي,مرفوض,11.0,,نعم
MKC-2027016,2023-06-16,2023-06-29,العزيزية,شكوى إشغال طريق,شكوى,تطبيق بلدي,مغلق - تم الحل,13.0,5.0,نعم
MKC-2025373,2023-06-17,2023-08-02,العزيزية,شكوى مخالفة بناء,شكوى,مكتب خدمة العملاء,مغلق - تم الحل,46.0,4.0,نعم
MKC-2028859,2023-06-17,2023-06-26,أجياد,شكوى نظافة عامة,شكوى,تطبيق بلدي,مغلق - تم الحل,9.0,5.0,نعم
MKC-2023970,2023-06-17,,العتيبية,تجديد رخصة تجارية,طلب ترخيص,المركز الموحد 940,قيد المعالجة,,,نعم
MKC-2026407,2023-06-17,2023-06-25,بطحاء قريش,شكوى إنارة شوارع,شكوى,تطبيق بلدي,محول لجهة أخرى,8.0,,نعم
MKC-2023925,2023-06-17,2023-07-12,الشوقية,شكوى إنارة شوارع,شكوى,مكتب فرعي بالحي,مغلق - تم الحل,25.0,3.0,نعم
MKC-2028311,2023-06-17,2023-06-23,المسفلة,شكوى إنارة شوارع,شكوى,المركز الموحد 940,محول لجهة أخرى,6.0,,نعم
MKC-2028853,2023-06-17,2023-08-02,النسيم,ترخيص تجاري,طلب ترخيص,المركز الموحد 940,محول لجهة أخرى,46.0,,نعم
MKC-2027547,2023-06-17,2023-06-26,العزيزية,شكوى نظافة عامة,شكوى,المركز الموحد 940,قيد المعالجة,9.0,,نعم
MKC-2023347,2023-06-17,2023-06-29,جرول,شكوى إشغال طريق,شكوى,تطبيق بلدي,محول لجهة أخرى,12.0,,نعم
MKC-2025225,2023-06-17,2023-07-02,الجميزة,ترخيص تجاري,طلب ترخيص,مكتب خدمة العملاء,مقبول ومنفذ,15.0,3.0,نعم
MKC-2027933,2023-06-17,2023-07-01,النسيم,ترخيص تجاري,طلب ترخيص,حساب X (تويتر),مقبول ومنفذ,14.0,4.0,نعم
MKC-2023908,2023-06-17,2023-07-13,جرول,طلب صيانة حديقة/ملعب,طلب صيانة,المركز الموحد 940,مقبول ومنفذ,26.0,4.0,نعم
MKC-2024610,2023-06-17,2023-07-28,الزاهر,ترخيص بناء,طلب ترخيص,تطبيق بلدي,مرفوض,41.0,,نعم
MKC-2027229,2023-06-18,2023-07-02,النسيم,شكوى إشغال طريق,شكوى,مكتب خدمة العملاء,مغلق - تم الحل,14.0,4.0,نعم
MKC-2028499,2023-06-18,2023-06-28,بطحاء قريش,شكوى نظافة عامة,شكوى,تطبيق بلدي,محول لجهة أخرى,10.0,,نعم
MKC-2026736,2023-06-18,2023-06-20,الشوقية,شكوى صرف صحي,شكوى,تطبيق بلدي,مرفوض,2.0,,نعم
MKC-2024652,2023-06-18,2023-06-30,المسفلة,شكوى مخالفة بناء,شكوى,تطبيق بلدي,مغلق - تم الحل,12.0,4.0,نعم
MKC-2026889,2023-06-18,2023-06-21,النسيم,شكوى صرف صحي,شكوى,تطبيق بلدي,مغلق - تم الحل,3.0,4.0,نعم
MKC-2023829,2023-06-18,2023-06-22,جرول,شكوى نظافة عامة,شكوى,مكتب خدمة العملاء,مغلق - تم الحل,4.0,4.0,نعم
MKC-2027145,2023-06-18,2023-07-08,الرصيفة,شكوى مركبات مهملة,شكوى,تطبيق بلدي,مرفوض,20.0,,نعم
MKC-2023780,2023-06-18,2023-07-20,الزاهر,ترخيص تجاري,طلب ترخيص,حساب X (تويتر),مرفوض,32.0,,نعم
MKC-2028376,2023-06-18,2023-07-29,الزاهر,شكوى مخالفة بناء,شكوى,تطبيق بلدي,محول لجهة أخرى,41.0,,نعم
MKC-2025688,2023-06-18,2023-07-23,الشرائع,شكوى مركبات مهملة,شكوى,مكتب فرعي بالحي,مغلق - تم الحل,35.0,4.0,نعم
MKC-2025243,2023-06-18,2023-06-26,العزيزية,شكوى إشغال طريق,شكوى,مكتب فرعي بالحي,محول لجهة أخرى,8.0,,نعم
MKC-2026032,2023-06-18,2023-06-25,جرول,شكوى إشغال طريق,شكوى,تطبيق بلدي,مغلق - تم الحل,7.0,4.0,نعم
MKC-2024062,2023-06-18,2023-07-08,جرول,ترخيص تجاري,طلب ترخيص,تطبيق بلدي,مغلق - تم الحل,20.0,3.0,نعم
MKC-2026111,2023-06-18,2023-07-29,الرصيفة,طلب صيانة حديقة/ملعب,طلب صيانة,مكتب فرعي بالحي,محول لجهة أخرى,41.0,,نعم
MKC-2026302,2023-06-18,2023-08-06,بطحاء قريش,شكوى مخالفة بناء,شكوى,مكتب خدمة العملاء,مغلق - تم الحل,49.0,2.0,نعم
MKC-2023172,2023-06-18,2023-06-29,الجميزة,شكوى إنارة شوارع,شكوى,تطبيق بلدي,مقبول ومنفذ,11.0,4.0,نعم
MKC-2024733,2023-06-19,2023-06-27,الششة,شكوى إنارة شوارع,شكوى,تطبيق بلدي,مغلق - تم الحل,8.0,3.0,نعم
MKC-2025068,2023-06-19,2023-08-11,الكعكية,ترخيص بناء,طلب ترخيص,المركز الموحد 940,محول لجهة أخرى,53.0,,نعم
MKC-2025171,2023-06-19,2023-06-23,الحجون,تجديد رخصة تجارية,طلب ترخيص,مكتب خدمة العملاء,مرفوض,4.0,,نعم
MKC-2025178,2023-06-19,2023-06-29,العزيزية,شكوى نظافة عامة,شكوى,تطبيق بلدي,مغلق - تم الحل,10.0,3.0,نعم
MKC-2024986,2023-06-19,2023-06-28,جرول,شكوى صرف صحي,شكوى,حساب X (تويتر),مغلق - تم الحل,9.0,1.0,نعم
MKC-2025198,2023-06-19,2023-06-27,الكعكية,طلب صيانة حديقة/ملعب,طلب صيانة,مكتب خدمة العملاء,مقبول ومنفذ,8.0,5.0,نعم
MKC-2027414,2023-06-19,2023-06-26,الكعكية,تجديد رخصة تجارية,طلب ترخيص,مكتب خدمة العملاء,مقبول ومنفذ,7.0,3.0,نعم
MKC-2025396,2023-06-19,2023-08-20,الكعكية,ترخيص بناء,طلب ترخيص,حساب X (تويتر),مقبول ومنفذ,62.0,2.0,نعم
MKC-2027312,2023-06-19,2023-06-27,الشرائع,تجديد رخصة تجارية,طلب ترخيص,مكتب فرعي بالحي,مقبول ومنفذ,8.0,5.0,نعم
MKC-2028252,2023-06-19,2023-08-09,العزيزية,ترخيص بناء,طلب ترخيص,تطبيق بلدي,مرفوض,51.0,,نعم
MKC-2028200,2023-06-19,2023-06-25,أجياد,شكوى نظافة عامة,شكوى,مكتب فرعي بالحي,مرفوض,6.0,,نعم
MKC-2024172,2023-06-19,2023-07-07,الهجرة,شكوى إنارة شوارع,شكوى,مكتب خدمة العملاء,مقبول ومنفذ,18.0,4.0,نعم
MKC-2024303,2023-06-19,2023-06-25,العزيزية,شكوى باعة متجولين,شكوى,تطبيق بلدي,مغلق - تم الحل,6.0,3.0,نعم
MKC-2026098,2023-06-19,2023-07-26,بطحاء قريش,شكوى مخالفة بناء,شكوى,تطبيق بلدي,قيد المعالجة,37.0,,نعم
MKC-2026867,2023-06-19,2023-07-07,الشوقية,ترخيص بناء,طلب ترخيص,تطبيق بلدي,مقبول ومنفذ,18.0,4.0,نعم
MKC-2026181,2023-06-19,2023-06-26,الحجون,شكوى مخالفة بناء,شكوى,مكتب فرعي بالحي,مغلق - تم الحل,7.0,3.0,نعم
MKC-2025964,2023-06-19,2023-07-06,الششة,ترخيص بناء,طلب ترخيص,تطبيق بلدي,مرفوض,17.0,,نعم
MKC-2028666,2023-06-19,2023-06-30,الحجون,شكوى مركبات مهملة,شكوى,تطبيق بلدي,مغلق - تم الحل,11.0,4.0,نعم
MKC-2024093,2023-06-19,2023-06-23,أجياد,شكوى باعة متجولين,شكوى,تطبيق بلدي,مغلق - تم الحل,4.0,5.0,نعم
MKC-2026577,2023-06-19,2023-07-11,الحجون,ترخيص بناء,طلب ترخيص,تطبيق بلدي,مرفوض,22.0,,نعم
MKC-2025246,2023-06-20,2023-07-06,النسيم,شكوى إشغال طريق,شكوى,تطبيق بلدي,قيد المعالجة,16.0,,نعم
MKC-2023901,2023-06-20,2023-07-09,الزاهر,ترخيص تجاري,طلب ترخيص,تطبيق بلدي,محول لجهة أخرى,19.0,,نعم
MKC-2028886,2023-06-20,2023-07-10,الزاهر,شكوى إنارة شوارع,شكوى,المركز الموحد 940,محول لجهة أخرى,20.0,,نعم
MKC-2026756,2023-06-20,2023-06-30,الحجون,شكوى نظافة عامة,شكوى,المركز الموحد 940,مغلق - تم الحل,10.0,3.0,نعم
MKC-2028243,2023-06-20,2023-07-08,العزيزية,شكوى صرف صحي,شكوى,المركز الموحد 940,مغلق - تم الحل,18.0,3.0,نعم
MKC-2027045,2023-06-20,2023-07-02,النسيم,طلب صيانة حديقة/ملعب,طلب صيانة,مكتب فرعي بالحي,مقبول ومنفذ,12.0,4.0,نعم
MKC-2025778,2023-06-20,2023-06-23,الشرائع,تجديد رخصة تجارية,طلب ترخيص,حساب X (تويتر),محول لجهة أخرى,3.0,,نعم
MKC-2027727,2023-06-20,2023-06-27,الششة,شكوى صرف صحي,شكوى,حساب X (تويتر),محول لجهة أخرى,7.0,,نعم
MKC-2023750,2023-06-20,2023-07-10,النوارية,ترخيص تجاري,طلب ترخيص,تطبيق بلدي,مغلق - تم الحل,20.0,3.0,نعم
MKC-2024782,2023-06-20,2023-06-24,العزيزية,شكوى نظافة عامة,شكوى,المركز الموحد 940,مقبول ومنفذ,4.0,5.0,نعم
MKC-2024208,2023-06-20,2023-07-05,النوارية,شكوى إنارة شوارع,شكوى,المركز الموحد 940,مغلق - تم الحل,15.0,5.0,نعم
MKC-2025085,2023-06-21,2023-06-28,أجياد,شكوى إشغال طريق,شكوى,تطبيق بلدي,مغلق - تم الحل,7.0,5.0,نعم
MKC-2025116,2023-06-21,2023-07-09,جرول,شكوى مركبات مهملة,شكوى,تطبيق بلدي,مغلق - تم الحل,18.0,4.0,نعم
MKC-2023189,2023-06-21,2023-06-29,العزيزية,شكوى نظافة عامة,شكوى,مكتب فرعي بالحي,مغلق - تم الحل,8.0,4.0,نعم
MKC-2024859,2023-06-21,2023-06-29,الشوقية,تجديد رخصة تجارية,طلب ترخيص,تطبيق بلدي,مقبول ومنفذ,8.0,4.0,نعم
MKC-2028914,2023-06-21,2023-09-07,العزيزية,ترخيص بناء,طلب ترخيص,مكتب فرعي بالحي,مغلق - تم الحل,78.0,2.0,نعم
MKC-2026440,2023-06-21,2023-07-06,الكعكية,ترخيص لافتات إعلانية,طلب ترخيص,تطبيق بلدي,مقبول ومنفذ,15.0,4.0,نعم
MKC-2026935,2023-06-21,,الشوقية,ترخيص بناء,طلب ترخيص,تطبيق بلدي,قيد المعالجة,,,نعم
MKC-2025324,2023-06-21,2023-06-28,الشوقية,ترخيص لافتات إعلانية,طلب ترخيص,مكتب فرعي بالحي,مقبول ومنفذ,7.0,2.0,نعم
MKC-2028945,2023-06-21,2023-07-02,الكعكية,ترخيص لافتات إعلانية,طلب ترخيص,المركز الموحد 940,مقبول ومنفذ,11.0,4.0,نعم
MKC-2027010,2023-06-21,2023-06-24,الشوقية,شكوى إنارة شوارع,شكوى,تطبيق بلدي,مغلق - تم الحل,3.0,4.0,نعم
MKC-2027245,2023-06-21,2023-07-26,المسفلة,ترخيص تجاري,طلب ترخيص,تطبيق بلدي,مرفوض,35.0,,نعم
MKC-2025557,2023-06-21,2023-07-05,الششة,ترخيص بناء,طلب ترخيص,حساب X (تويتر),مقبول ومنفذ,14.0,5.0,نعم
MKC-2025188,2023-06-21,2023-07-06,الهجرة,شكوى إشغال طريق,شكوى,مكتب خدمة العملاء,مغلق - تم الحل,15.0,4.0,نعم
MKC-2025366,2023-06-21,2023-07-17,العزيزية,شكوى مخالفة بناء,شكوى,مكتب خدمة العملاء,مقبول ومنفذ,26.0,3.0,نعم
MKC-2028298,2023-06-21,,العزيزية,شكوى صرف صحي,شكوى,المركز الموحد 940,قيد المعالجة,,,نعم
MKC-2023940,2023-06-21,2023-06-25,الزاهر,شكوى صرف صحي,شكوى,تطبيق بلدي,مرفوض,4.0,,نعم
MKC-2024607,2023-06-21,2023-06-30,الزاهر,شكوى صرف صحي,شكوى,تطبيق بلدي,محول لجهة أخرى,9.0,,نعم
MKC-2024599,2023-06-21,2023-07-08,العتيبية,تجديد رخصة تجارية,طلب ترخيص,تطبيق بلدي,مقبول ومنفذ,17.0,4.0,نعم
MKC-2028636,2023-06-21,2023-08-17,الشوقية,ترخيص بناء,طلب ترخيص,تطبيق بلدي,مقبول ومنفذ,57.0,3.0,نعم
MKC-2024245,2023-06-21,2023-06-30,النسيم,شكوى نظافة عامة,شكوى,مكتب خدمة العملاء,مغلق - تم الحل,9.0,4.0,نعم
MKC-2027629,2023-06-22,2023-08-13,جرول,ترخيص بناء,طلب ترخيص,حساب X (تويتر),مرفوض,52.0,,نعم
MKC-2023145,2023-06-22,2023-06-27,الزاهر,شكوى مخالفة بناء,شكوى,تطبيق بلدي,محول لجهة أخرى,5.0,,نعم
MKC-2026079,2023-06-22,2023-06-29,العتيبية,شكوى باعة متجولين,شكوى,تطبيق بلدي,مغلق - تم الحل,7.0,3.0,نعم
MKC-2024650,2023-06-22,2023-08-14,أجياد,ترخيص بناء,طلب ترخيص,تطبيق بلدي,مغلق - تم الحل,53.0,3.0,نعم
MKC-2023102,2023-06-22,2023-07-22,أجياد,شكوى مركبات مهملة,شكوى,مكتب خدمة العملاء,مغلق - تم الحل,30.0,3.0,نعم
MKC-2027722,2023-06-22,2023-07-07,الحجون,ترخيص تجاري,طلب ترخيص,تطبيق بلدي,مقبول ومنفذ,15.0,5.0,نعم
MKC-2027047,2023-06-22,2023-08-06,الزاهر,شكوى مخالفة بناء,شكوى,تطبيق بلدي,مقبول ومنفذ,45.0,1.0,نعم
MKC-2028934,2023-06-22,,الشرائع,شكوى مخالفة بناء,شكوى,تطبيق بلدي,قيد المعالجة,,,نعم
MKC-2028410,2023-06-22,2023-06-30,العزيزية,شكوى إنارة شوارع,شكوى,مكتب خدمة العملاء,مغلق - تم الحل,8.0,4.0,نعم
MKC-2023308,2023-06-22,2023-07-01,الهجرة,ترخيص لافتات إعلانية,طلب ترخيص,تطبيق بلدي,مرفوض,9.0,,نعم
MKC-2026026,2023-06-22,2023-08-04,العزيزية,ترخيص تجاري,طلب ترخيص,حساب X (تويتر),مقبول ومنفذ,43.0,3.0,نعم
MKC-2025061,2023-06-22,2023-07-09,الشرائع,شكوى إشغال طريق,شكوى,تطبيق بلدي,محول لجهة أخرى,17.0,,نعم
MKC-2025161,2023-06-22,2023-07-07,جرول,شكوى إشغال طريق,شكوى,حساب X (تويتر),مغلق - تم الحل,15.0,3.0,نعم
MKC-2024876,2023-06-23,2023-06-29,النوارية,شكوى باعة متجولين,شكوى,تطبيق بلدي,محول لجهة أخرى,6.0,,نعم
MKC-2026389,2023-06-23,,الزاهر,شكوى إنارة شوارع,شكوى,تطبيق بلدي,قيد المعالجة,,,نعم
MKC-2025165,2023-06-23,2023-08-31,الزاهر,ترخيص بناء,طلب ترخيص,تطبيق بلدي,مقبول ومنفذ,69.0,4.0,نعم
MKC-2026059,2023-06-23,2023-08-01,الزاهر,ترخيص تجاري,طلب ترخيص,تطبيق بلدي,مرفوض,39.0,,نعم
MKC-2025837,2023-06-23,,الحجون,شكوى نظافة عامة,شكوى,تطبيق بلدي,قيد المعالجة,,,نعم
MKC-2027893,2023-06-23,2023-07-08,جرول,شكوى صرف صحي,شكوى,حساب X (تويتر),مغلق - تم الحل,15.0,3.0,نعم
MKC-2023371,2023-06-23,2023-07-11,جرول,شكوى إنارة شوارع,شكوى,مكتب فرعي بالحي,مغلق - تم الحل,18.0,3.0,نعم
MKC-2024328,2023-06-23,2023-08-06,الششة,ترخيص تجاري,طلب ترخيص,مكتب فرعي بالحي,مغلق - تم الحل,44.0,5.0,نعم
MKC-2024583,2023-06-23,2023-06-27,العزيزية,شكوى باعة متجولين,شكوى,تطبيق بلدي,مغلق - تم الحل,4.0,4.0,نعم
MKC-2028445,2023-06-23,2023-07-20,الجميزة,ترخيص تجاري,طلب ترخيص,تطبيق بلدي,مقبول ومنفذ,27.0,4.0,نعم
MKC-2027115,2023-06-23,2023-07-19,الزاهر,شكوى مخالفة بناء,شكوى,تطبيق بلدي,مغلق - تم الحل,26.0,3.0,نعم
MKC-2026252,2023-06-24,2023-06-30,العزيزية,شكوى إشغال طريق,شكوى,المركز الموحد 940,مغلق - تم الحل,6.0,4.0,نعم
MKC-2023819,2023-06-24,2023-07-04,النسيم,شكوى صرف صحي,شكوى,مكتب خدمة العملاء,مغلق - تم الحل,10.0,4.0,نعم
MKC-2027633,2023-06-24,2023-07-20,الزاهر,طلب صيانة حديقة/ملعب,طلب صيانة,تطبيق بلدي,مقبول ومنفذ,26.0,3.0,نعم
MKC-2025614,2023-06-24,2023-08-03,الزاهر,ترخيص تجاري,طلب ترخيص,المركز الموحد 940,مرفوض,40.0,,نعم
MKC-2023444,2023-06-24,2023-07-02,الششة,شكوى إنارة شوارع,شكوى,مكتب خدمة العملاء,مرفوض,8.0,,نعم
MKC-2027630,2023-06-24,2023-07-06,أجياد,شكوى نظافة عامة,شكوى,المركز الموحد 940,محول لجهة أخرى,12.0,,نعم
MKC-2024214,2023-06-24,2023-07-12,الشوقية,شكوى مخالفة بناء,شكوى,المركز الموحد 940,محول لجهة أخرى,18.0,,نعم
MKC-2028842,2023-06-24,2023-06-26,الشرائع,شكوى نظافة عامة,شكوى,المركز الموحد 940,مغلق - تم الحل,2.0,5.0,نعم
MKC-2025734,2023-06-24,2023-08-22,النوارية,ترخيص بناء,طلب ترخيص,تطبيق بلدي,مرفوض,59.0,,نعم
MKC-2024529,2023-06-24,2023-07-07,العزيزية,شكوى إنارة شوارع,شكوى,المركز الموحد 940,محول لجهة أخرى,13.0,,نعم
MKC-2026826,2023-06-24,2023-06-30,النوارية,شكوى مخالفة بناء,شكوى,تطبيق بلدي,مغلق - تم الحل,6.0,5.0,نعم
MKC-2026118,2023-06-24,2023-07-15,الجميزة,ترخيص لافتات إعلانية,طلب ترخيص,تطبيق بلدي,محول لجهة أخرى,21.0,,نعم
MKC-2027644,2023-06-24,2023-06-29,بطحاء قريش,تجديد رخصة تجارية,طلب ترخيص,المركز الموحد 940,مقبول ومنفذ,5.0,5.0,نعم
MKC-2023107,2023-06-24,2023-06-26,بطحاء قريش,شكوى نظافة عامة,شكوى,مكتب خدمة العملاء,محول لجهة أخرى,2.0,,نعم
MKC-2027403,2023-06-24,2023-07-05,العزيزية,شكوى نظافة عامة,شكوى,المركز الموحد 940,محول لجهة أخرى,11.0,,نعم
MKC-2026119,2023-06-24,2023-08-13,الرصيفة,ترخيص بناء,طلب ترخيص,مكتب خدمة العملاء,مقبول ومنفذ,50.0,3.0,نعم
MKC-2025458,2023-06-24,2023-07-07,الشرائع,شكوى إشغال طريق,شكوى,مكتب فرعي بالحي,مغلق - تم الحل,13.0,4.0,نعم
MKC-2024118,2023-06-24,2023-07-02,العزيزية,طلب صيانة حديقة/ملعب,طلب صيانة,تطبيق بلدي,مرفوض,8.0,,نعم
MKC-2027765,2023-06-24,2023-07-05,الشوقية,شكوى إشغال طريق,شكوى,تطبيق بلدي,محول لجهة أخرى,11.0,,نعم
MKC-2027862,2023-06-24,2023-06-30,النوارية,تجديد رخصة تجارية,طلب ترخيص,مكتب فرعي بالحي,مقبول ومنفذ,6.0,4.0,نعم
MKC-2027494,2023-06-24,2023-07-03,الشوقية,شكوى إشغال طريق,شكوى,المركز الموحد 940,مغلق - تم الحل,9.0,3.0,نعم
MKC-2028913,2023-06-24,2023-07-18,الششة,ترخيص بناء,طلب ترخيص,مكتب خدمة العملاء,مقبول ومنفذ,24.0,3.0,نعم
MKC-2024549,2023-06-24,2023-07-02,جرول,شكوى نظافة عامة,شكوى,تطبيق بلدي,محول لجهة أخرى,8.0,,نعم
MKC-2024515,2023-06-24,2023-07-10,بطحاء قريش,شكوى إنارة شوارع,شكوى,المركز الموحد 940,محول لجهة أخرى,16.0,,نعم
MKC-2025157,2023-06-25,2023-08-03,العزيزية,ترخيص تجاري,طلب ترخيص,مكتب خدمة العملاء,مقبول ومنفذ,39.0,2.0,نعم
MKC-2027545,2023-06-25,2023-07-07,النسيم,شكوى إنارة شوارع,شكوى,المركز الموحد 940,محول لجهة أخرى,12.0,,نعم
MKC-2027792,2023-06-25,2023-06-30,الشرائع,شكوى باعة متجولين,شكوى,مكتب فرعي بالحي,مقبول ومنفذ,5.0,5.0,نعم
MKC-2028068,2023-06-25,2023-07-09,النسيم,شكوى مخالفة بناء,شكوى,تطبيق بلدي,مغلق - تم الحل,14.0,5.0,نعم
MKC-2023660,2023-06-25,2023-07-25,العتيبية,ترخيص تجاري,طلب ترخيص,المركز الموحد 940,مرفوض,30.0,,نعم
MKC-2027842,2023-06-25,2023-07-04,العتيبية,شكوى إنارة شوارع,شكوى,مكتب فرعي بالحي,مغلق - تم الحل,9.0,4.0,نعم
MKC-2026220,2023-06-25,2023-07-16,النسيم,شكوى مركبات مهملة,شكوى,مكتب فرعي بالحي,مغلق - تم الحل,21.0,3.0,نعم
MKC-2026799,2023-06-25,2023-07-04,الزاهر,تجديد رخصة تجارية,طلب ترخيص,المركز الموحد 940,مرفوض,9.0,,نعم
MKC-2026331,2023-06-25,2023-07-04,النوارية,شكوى إشغال طريق,شكوى,تطبيق بلدي,محول لجهة أخرى,9.0,,نعم
MKC-2024897,2023-06-25,2023-07-07,العتيبية,تجديد رخصة تجارية,طلب ترخيص,تطبيق بلدي,مقبول ومنفذ,12.0,3.0,نعم
MKC-2024651,2023-06-25,2023-07-08,بطحاء قريش,شكوى إشغال طريق,شكوى,تطبيق بلدي,مغلق - تم الحل,13.0,5.0,نعم
MKC-2027081,2023-06-25,2023-07-06,العزيزية,شكوى نظافة عامة,شكوى,حساب X (تويتر),محول لجهة أخرى,11.0,,نعم
MKC-2027562,2023-06-25,2023-08-03,العتيبية,ترخيص تجاري,طلب ترخيص,تطبيق بلدي,مقبول ومنفذ,39.0,3.0,نعم
MKC-2028730,2023-06-25,2023-07-18,النسيم,شكوى إنارة شوارع,شكوى,تطبيق بلدي,مغلق - تم الحل,23.0,4.0,نعم
MKC-2025876,2023-06-25,2023-07-02,العزيزية,شكوى نظافة عامة,شكوى,مكتب خدمة العملاء,مقبول ومنفذ,7.0,4.0,نعم
MKC-2026282,2023-06-25,2023-06-30,الكعكية,تجديد رخصة تجارية,طلب ترخيص,مكتب خدمة العملاء,مقبول ومنفذ,5.0,4.0,نعم
MKC-2025120,2023-06-25,2023-08-15,العتيبية,ترخيص بناء,طلب ترخيص,مكتب خدمة العملاء,محول لجهة أخرى,51.0,,نعم
MKC-2024052,2023-06-25,,الجميزة,تجديد رخصة تجارية,طلب ترخيص,حساب X (تويتر),قيد المعالجة,,,نعم
MKC-2027821,2023-06-25,2023-07-29,أجياد,شكوى مخالفة بناء,شكوى,مكتب خدمة العملاء,قيد المعالجة,34.0,,نعم
MKC-2027778,2023-06-25,2023-08-22,النسيم,ترخيص بناء,طلب ترخيص,حساب X (تويتر),محول لجهة أخرى,58.0,,نعم
MKC-2026963,2023-06-25,2023-07-03,النسيم,شكوى إشغال طريق,شكوى,مكتب خدمة العملاء,مغلق - تم الحل,8.0,4.0,نعم
MKC-2024605,2023-06-25,2023-08-02,الجميزة,ترخيص تجاري,طلب ترخيص,تطبيق بلدي,مقبول ومنفذ,38.0,3.0,نعم
MKC-2027669,2023-06-25,2023-06-29,الجميزة,شكوى نظافة عامة,شكوى,مكتب فرعي بالحي,مرفوض,4.0,,نعم
MKC-2028055,2023-06-25,2023-07-15,جرول,ترخيص لافتات إعلانية,طلب ترخيص,تطبيق بلدي,مقبول ومنفذ,20.0,3.0,نعم
MKC-2027922,2023-06-25,,العزيزية,شكوى نظافة عامة,شكوى,تطبيق بلدي,قيد المعالجة,,,نعم
MKC-2025504,2023-06-26,2023-07-14,الزاهر,شكوى مركبات مهملة,شكوى,تطبيق بلدي,مغلق - تم الحل,18.0,5.0,نعم
MKC-2023474,2023-06-26,,الشرائع,شكوى إنارة شوارع,شكوى,المركز الموحد 940,قيد المعالجة,,,نعم
MKC-2026640,2023-06-26,2023-06-29,جرول,شكوى صرف صحي,شكوى,تطبيق بلدي,محول لجهة أخرى,3.0,,نعم
MKC-2023595,2023-06-26,,العزيزية,ترخيص تجاري,طلب ترخيص,مكتب خدمة العملاء,قيد المعالجة,,,نعم
MKC-2027471,2023-06-26,2023-07-05,الشرائع,شكوى نظافة عامة,شكوى,تطبيق بلدي,مرفوض,9.0,,نعم
MKC-2026621,2023-06-26,2023-06-30,النوارية,شكوى باعة متجولين,شكوى,مكتب خدمة العملاء,محول لجهة أخرى,4.0,,نعم
MKC-2027859,2023-06-26,2023-07-02,النسيم,شكوى صرف صحي,شكوى,تطبيق بلدي,محول لجهة أخرى,6.0,,نعم
MKC-2026851,2023-06-26,2023-07-15,الجميزة,طلب صيانة حديقة/ملعب,طلب صيانة,تطبيق بلدي,مغلق - تم الحل,19.0,4.0,نعم
MKC-2026014,2023-06-26,2023-06-30,العزيزية,شكوى باعة متجولين,شكوى,تطبيق بلدي,محول لجهة أخرى,4.0,,نعم
MKC-2028149,2023-06-26,2023-07-11,الزاهر,شكوى صرف صحي,شكوى,تطبيق بلدي,مقبول ومنفذ,15.0,3.0,نعم
MKC-2026509,2023-06-26,2023-07-29,العزيزية,ترخيص تجاري,طلب ترخيص,تطبيق بلدي,محول لجهة أخرى,33.0,,نعم
MKC-2028339,2023-06-26,2023-07-02,العتيبية,شكوى إشغال طريق,شكوى,تطبيق بلدي,مغلق - تم الحل,6.0,4.0,نعم
MKC-2023896,2023-06-26,2023-07-10,العزيزية,شكوى إنارة شوارع,شكوى,تطبيق بلدي,مغلق - تم الحل,14.0,5.0,نعم
MKC-2027259,2023-06-26,2023-07-03,الجميزة,شكوى باعة متجولين,شكوى,المركز الموحد 940,مغلق - تم الحل,7.0,4.0,نعم
MKC-2026757,2023-06-26,2023-07-21,الهجرة,طلب صيانة حديقة/ملعب,طلب صيانة,مكتب خدمة العملاء,مقبول ومنفذ,25.0,3.0,نعم
MKC-2026678,2023-06-26,2023-07-02,الشرائع,شكوى نظافة عامة,شكوى,حساب X (تويتر),مغلق - تم الحل,6.0,4.0,نعم
MKC-2025981,2023-06-26,2023-06-28,العزيزية,شكوى إنارة شوارع,شكوى,مكتب فرعي بالحي,محول لجهة أخرى,2.0,,نعم
MKC-2027066,2023-06-27,2023-06-30,الهجرة,شكوى نظافة عامة,شكوى,تطبيق بلدي,مرفوض,3.0,,نعم
MKC-2028524,2023-06-27,2023-07-07,الششة,شكوى صرف صحي,شكوى,مكتب خدمة العملاء,مغلق - تم الحل,10.0,3.0,نعم
MKC-2027891,2023-06-27,2023-08-15,النسيم,ترخيص بناء,طلب ترخيص,مكتب خدمة العملاء,محول لجهة أخرى,49.0,,نعم
MKC-2025016,2023-06-27,2023-07-12,العتيبية,شكوى صرف صحي,شكوى,مكتب خدمة العملاء,محول لجهة أخرى,15.0,,نعم
MKC-2027485,2023-06-27,2023-08-02,الشوقية,ترخيص بناء,طلب ترخيص,مكتب خدمة العملاء,مرفوض,36.0,,نعم
MKC-2027194,2023-06-27,2023-07-05,جرول,شكوى نظافة عامة,شكوى,مكتب فرعي بالحي,محول لجهة أخرى,8.0,,نعم
MKC-2026817,2023-06-27,2023-07-08,الششة,شكوى إشغال طريق,شكوى,مكتب فرعي بالحي,مغلق - تم الحل,11.0,4.0,نعم
MKC-2028309,2023-06-27,2023-07-06,جرول,شكوى نظافة عامة,شكوى,مكتب خدمة العملاء,قيد المعالجة,9.0,,نعم
MKC-2023999,2023-06-27,2023-08-02,العزيزية,ترخيص بناء,طلب ترخيص,مكتب خدمة العملاء,مقبول ومنفذ,36.0,3.0,نعم
MKC-2027161,2023-06-27,2023-07-21,الشرائع,طلب صيانة حديقة/ملعب,طلب صيانة,تطبيق بلدي,محول لجهة أخرى,24.0,,نعم
MKC-2026218,2023-06-27,2023-07-05,جرول,شكوى إشغال طريق,شكوى,مكتب فرعي بالحي,مغلق - تم الحل,8.0,4.0,نعم
MKC-2023156,2023-06-27,2023-07-07,الهجرة,شكوى صرف صحي,شكوى,تطبيق بلدي,مغلق - تم الحل,10.0,5.0,نعم
MKC-2025122,2023-06-27,2023-07-07,الشرائع,شكوى إشغال طريق,شكوى,تطبيق بلدي,مغلق - تم الحل,10.0,3.0,نعم
MKC-2023513,2023-06-27,2023-07-22,الششة,طلب صيانة حديقة/ملعب,طلب صيانة,تطبيق بلدي,محول لجهة أخرى,25.0,,نعم
MKC-2025072,2023-06-27,2023-07-22,المسفلة,شكوى مركبات مهملة,شكوى,مكتب خدمة العملاء,مغلق - تم الحل,25.0,4.0,نعم
MKC-2028879,2023-06-27,2023-07-21,العزيزية,ترخيص بناء,طلب ترخيص,تطبيق بلدي,مقبول ومنفذ,24.0,3.0,نعم
MKC-2027673,2023-06-27,2023-08-01,أجياد,طلب صيانة حديقة/ملعب,طلب صيانة,مكتب فرعي بالحي,قيد المعالجة,35.0,,نعم
MKC-2023075,2023-06-27,2023-07-03,النسيم,شكوى مخالفة بناء,شكوى,تطبيق بلدي,مغلق - تم الحل,6.0,5.0,نعم
MKC-2027370,2023-06-28,2023-07-07,الشرائع,شكوى باعة متجولين,شكوى,المركز الموحد 940,مغلق - تم الحل,9.0,5.0,نعم
MKC-2023690,2023-06-28,2023-07-05,جرول,طلب صيانة حديقة/ملعب,طلب صيانة,المركز الموحد 940,مقبول ومنفذ,7.0,5.0,نعم
MKC-2026849,2023-06-28,2023-07-13,النسيم,تجديد رخصة تجارية,طلب ترخيص,مكتب فرعي بالحي,مقبول ومنفذ,15.0,3.0,نعم
MKC-2027549,2023-06-28,2023-07-07,الشوقية,تجديد رخصة تجارية,طلب ترخيص,تطبيق بلدي,مقبول ومنفذ,9.0,4.0,نعم
MKC-2026839,2023-06-28,2023-07-04,الكعكية,شكوى باعة متجولين,شكوى,حساب X (تويتر),مغلق - تم الحل,6.0,4.0,نعم
MKC-2025816,2023-06-28,2023-07-05,الشوقية,شكوى باعة متجولين,شكوى,مكتب خدمة العملاء,محول لجهة أخرى,7.0,,نعم
MKC-2023406,2023-06-28,2023-07-21,الشرائع,ترخيص لافتات إعلانية,طلب ترخيص,حساب X (تويتر),مقبول ومنفذ,23.0,3.0,نعم
MKC-2025040,2023-06-28,2023-07-07,العزيزية,تجديد رخصة تجارية,طلب ترخيص,المركز الموحد 940,محول لجهة أخرى,9.0,,نعم
MKC-2024352,2023-06-28,2023-07-11,الششة,شكوى صرف صحي,شكوى,تطبيق بلدي,مغلق - تم الحل,13.0,3.0,نعم
MKC-2024709,2023-06-28,2023-07-24,النسيم,شكوى مخالفة بناء,شكوى,تطبيق بلدي,محول لجهة أخرى,26.0,,نعم
MKC-2027262,2023-06-28,,العزيزية,شكوى إنارة شوارع,شكوى,مكتب خدمة العملاء,قيد المعالجة,,,نعم
MKC-2025944,2023-06-28,2023-07-10,الشرائع,شكوى إشغال طريق,شكوى,حساب X (تويتر),محول لجهة أخرى,12.0,,نعم
MKC-2023704,2023-06-28,2023-07-07,العزيزية,ترخيص لافتات إعلانية,طلب ترخيص,مكتب خدمة العملاء,مرفوض,9.0,,نعم
MKC-2024054,2023-06-28,2023-07-17,الششة,ترخيص تجاري,طلب ترخيص,تطبيق بلدي,مرفوض,19.0,,نعم
MKC-2023266,2023-06-28,2023-07-08,النوارية,شكوى إشغال طريق,شكوى,حساب X (تويتر),محول لجهة أخرى,10.0,,نعم
MKC-2025967,2023-06-28,2023-07-11,المسفلة,شكوى إشغال طريق,شكوى,مكتب فرعي بالحي,مغلق - تم الحل,13.0,4.0,نعم
MKC-2027929,2023-06-29,2023-07-26,جرول,ترخيص بناء,طلب ترخيص,مكتب فرعي بالحي,مقبول ومنفذ,27.0,3.0,نعم
MKC-2027615,2023-06-29,2023-08-10,الشرائع,ترخيص تجاري,طلب ترخيص,مكتب فرعي بالحي,مقبول ومنفذ,42.0,3.0,نعم
MKC-2027686,2023-06-29,2023-07-03,الكعكية,شكوى باعة متجولين,شكوى,حساب X (تويتر),مغلق - تم الحل,4.0,5.0,نعم
MKC-2025554,2023-06-29,2023-07-23,الشرائع,ترخيص لافتات إعلانية,طلب ترخيص,مكتب خدمة العملاء,مقبول ومنفذ,24.0,4.0,نعم
MKC-2025011,2023-06-29,2023-07-14,الجميزة,شكوى إنارة شوارع,شكوى,تطبيق بلدي,مغلق - تم الحل,15.0,4.0,نعم
MKC-2024996,2023-06-29,2023-07-08,أجياد,شكوى صرف صحي,شكوى,حساب X (تويتر),مغلق - تم الحل,9.0,2.0,نعم
MKC-2028612,2023-06-29,2023-07-18,العزيزية,ترخيص تجاري,طلب ترخيص,المركز الموحد 940,مرفوض,19.0,,نعم
MKC-2025315,2023-06-29,2023-07-02,أجياد,شكوى نظافة عامة,شكوى,حساب X (تويتر),مغلق - تم الحل,3.0,3.0,نعم
MKC-2023224,2023-06-29,,النسيم,ترخيص تجاري,طلب ترخيص,المركز الموحد 940,قيد المعالجة,,,نعم
MKC-2028967,2023-06-29,2023-08-11,جرول,طلب صيانة حديقة/ملعب,طلب صيانة,مكتب خدمة العملاء,محول لجهة أخرى,43.0,,نعم
MKC-2024857,2023-06-29,2023-08-01,بطحاء قريش,ترخيص بناء,طلب ترخيص,مكتب خدمة العملاء,مقبول ومنفذ,33.0,3.0,نعم
MKC-2026380,2023-06-29,2023-07-19,الحجون,طلب صيانة حديقة/ملعب,طلب صيانة,المركز الموحد 940,مقبول ومنفذ,20.0,4.0,نعم
MKC-2026237,2023-06-29,2023-07-08,أجياد,تجديد رخصة تجارية,طلب ترخيص,مكتب خدمة العملاء,محول لجهة أخرى,9.0,,نعم
MKC-2025684,2023-06-29,2023-07-20,جرول,طلب صيانة حديقة/ملعب,طلب صيانة,مكتب فرعي بالحي,مرفوض,21.0,,نعم
MKC-2024405,2023-06-29,2023-07-09,الشوقية,ترخيص تجاري,طلب ترخيص,حساب X (تويتر),مرفوض,10.0,,نعم
MKC-2027743,2023-06-29,,الششة,ترخيص تجاري,طلب ترخيص,تطبيق بلدي,قيد المعالجة,,,نعم
MKC-2026600,2023-06-29,2023-07-06,الكعكية,شكوى مركبات مهملة,شكوى,تطبيق بلدي,محول لجهة أخرى,7.0,,نعم
MKC-2026463,2023-06-30,2023-08-09,الزاهر,ترخيص تجاري,طلب ترخيص,حساب X (تويتر),مقبول ومنفذ,40.0,2.0,نعم
MKC-2027278,2023-06-30,2023-07-29,الرصيفة,ترخيص تجاري,طلب ترخيص,تطبيق بلدي,مقبول ومنفذ,29.0,4.0,نعم
MKC-2025343,2023-06-30,2023-07-15,جرول,شكوى صرف صحي,شكوى,تطبيق بلدي,مغلق - تم الحل,15.0,5.0,نعم
MKC-2028550,2023-06-30,2023-07-21,العزيزية,شكوى مخالفة بناء,شكوى,المركز الموحد 940,مغلق - تم الحل,21.0,3.0,نعم
MKC-2027488,2023-06-30,2023-07-13,الششة,شكوى إنارة شوارع,شكوى,المركز الموحد 940,مغلق - تم الحل,13.0,3.0,نعم
MKC-2024646,2023-06-30,2023-07-12,الرصيفة,طلب صيانة حديقة/ملعب,طلب صيانة,مكتب خدمة العملاء,مغلق - تم الحل,12.0,3.0,نعم
MKC-2028089,2023-06-30,2023-07-23,الشرائع,ترخيص بناء,طلب ترخيص,تطبيق بلدي,مقبول ومنفذ,23.0,3.0,نعم
MKC-2023329,2023-06-30,2023-07-27,الهجرة,شكوى مخالفة بناء,شكوى,تطبيق بلدي,مغلق - تم الحل,27.0,4.0,نعم
MKC-2026189,2023-06-30,2023-07-20,النسيم,طلب صيانة حديقة/ملعب,طلب صيانة,المركز الموحد 940,مقبول ومنفذ,20.0,3.0,نعم
MKC-2025628,2023-06-30,,الرصيفة,ترخيص تجاري,طلب ترخيص,مكتب فرعي بالحي,قيد المعالجة,,,نعم
MKC-2028107,2023-06-30,2023-07-03,النوارية,تجديد رخصة تجارية,طلب ترخيص,حساب X (تويتر),مقبول ومنفذ,3.0,5.0,نعم
MKC-2024092,2023-06-30,2023-07-05,الحجون,شكوى إشغال طريق,شكوى,تطبيق بلدي,مغلق - تم الحل,5.0,3.0,نعم
MKC-2024198,2023-06-30,2023-07-05,الكعكية,شكوى باعة متجولين,شكوى,تطبيق بلدي,محول لجهة أخرى,5.0,,نعم
MKC-2027901,2023-06-30,,النسيم,ترخيص بناء,طلب ترخيص,مكتب فرعي بالحي,قيد المعالجة,,,نعم
MKC-2028654,2023-06-30,2023-07-05,الهجرة,شكوى صرف صحي,شكوى,تطبيق بلدي,محول لجهة أخرى,5.0,,نعم
MKC-2025820,2023-06-30,2023-08-17,الرصيفة,شكوى مخالفة بناء,شكوى,المركز الموحد 940,محول لجهة أخرى,48.0,,نعم
MKC-2024683,2023-06-30,2023-07-16,جرول,شكوى إنارة شوارع,شكوى,المركز الموحد 940,مغلق - تم الحل,16.0,5.0,نعم
MKC-2026834,2023-06-30,2023-07-26,الشوقية,ترخيص بناء,طلب ترخيص,تطبيق بلدي,مرفوض,26.0,,نعم
MKC-2023614,2023-06-30,2023-07-25,النوارية,شكوى مركبات مهملة,شكوى,مكتب خدمة العملاء,مرفوض,25.0,,نعم
MKC-2028545,2023-06-30,2023-07-12,الحجون,ترخيص لافتات إعلانية,طلب ترخيص,تطبيق بلدي,محول لجهة أخرى,12.0,,نعم
MKC-2028871,2023-06-30,2023-07-04,بطحاء قريش,شكوى صرف صحي,شكوى,مكتب خدمة العملاء,مقبول ومنفذ,4.0,4.0,نعم
MKC-2023047,2023-06-30,2023-07-20,العزيزية,شكوى إنارة شوارع,شكوى,تطبيق بلدي,مغلق - تم الحل,20.0,4.0,نعم
MKC-2024797,2023-06-30,2023-07-21,العزيزية,ترخيص لافتات إعلانية,طلب ترخيص,تطبيق بلدي,مقبول ومنفذ,21.0,4.0,نعم
MKC-2026010,2023-07-01,2023-07-19,الجميزة,شكوى إنارة شوارع,شكوى,المركز الموحد 940,مغلق - تم الحل,18.0,2.0,نعم
MKC-2026314,2023-07-01,2023-07-04,العزيزية,شكوى إشغال طريق,شكوى,تطبيق بلدي,مغلق - تم الحل,3.0,5.0,نعم
MKC-2026554,2023-07-01,2023-08-04,المسفلة,ترخيص بناء,طلب ترخيص,حساب X (تويتر),مرفوض,34.0,,نعم
MKC-2028919,2023-07-01,2023-08-02,المسفلة,ترخيص تجاري,طلب ترخيص,تطبيق بلدي,مقبول ومنفذ,32.0,3.0,نعم
MKC-2024520,2023-07-01,2023-07-06,النوارية,تجديد رخصة تجارية,طلب ترخيص,المركز الموحد 940,محول لجهة أخرى,5.0,,نعم
MKC-2025644,2023-07-01,2023-07-05,جرول,تجديد رخصة تجارية,طلب ترخيص,تطبيق بلدي,مقبول ومنفذ,4.0,4.0,نعم
MKC-2026338,2023-07-01,2023-07-14,أجياد,شكوى إشغال طريق,شكوى,المركز الموحد 940,مرفوض,13.0,,نعم
MKC-2028015,2023-07-01,,الشوقية,شكوى إشغال طريق,شكوى,المركز الموحد 940,قيد المعالجة,,,نعم
MKC-2028908,2023-07-01,,الكعكية,تجديد رخصة تجارية,طلب ترخيص,المركز الموحد 940,قيد المعالجة,,,نعم
MKC-2028218,2023-07-01,2023-07-16,الكعكية,تجديد رخصة تجارية,طلب ترخيص,تطبيق بلدي,مرفوض,15.0,,نعم
MKC-2025289,2023-07-01,2023-07-11,الكعكية,شكوى نظافة عامة,شكوى,المركز الموحد 940,محول لجهة أخرى,10.0,,نعم
MKC-2027056,2023-07-01,2023-07-22,الكعكية,ترخيص تجاري,طلب ترخيص,تطبيق بلدي,مقبول ومنفذ,21.0,5.0,نعم
MKC-2028241,2023-07-01,2023-09-12,العزيزية,ترخيص بناء,طلب ترخيص,مكتب فرعي بالحي,محول لجهة أخرى,73.0,,نعم
MKC-2028695,2023-07-01,2023-07-26,المسفلة,شكوى مركبات مهملة,شكوى,مكتب خدمة العملاء,مغلق - تم الحل,25.0,3.0,نعم
MKC-2026589,2023-07-01,2023-07-06,الزاهر,طلب صيانة حديقة/ملعب,طلب صيانة,تطبيق بلدي,مقبول ومنفذ,5.0,4.0,نعم
MKC-2023556,2023-07-01,2023-07-09,النوارية,شكوى مركبات مهملة,شكوى,تطبيق بلدي,محول لجهة أخرى,8.0,,نعم
MKC-2023170,2023-07-01,2023-07-12,بطحاء قريش,تجديد رخصة تجارية,طلب ترخيص,المركز الموحد 940,مقبول ومنفذ,11.0,4.0,نعم
MKC-2024795,2023-07-02,2023-07-16,الزاهر,شكوى إشغال طريق,شكوى,تطبيق بلدي,مغلق - تم الحل,14.0,3.0,نعم
MKC-2023076,2023-07-02,2023-07-24,النوارية,ترخيص بناء,طلب ترخيص,المركز الموحد 940,مقبول ومنفذ,22.0,3.0,نعم
MKC-2026949,2023-07-02,2023-07-10,الجميزة,شكوى باعة متجولين,شكوى,حساب X (تويتر),مرفوض,8.0,,نعم
MKC-2025594,2023-07-02,2023-07-04,أجياد,شكوى نظافة عامة,شكوى,تطبيق بلدي,مقبول ومنفذ,2.0,5.0,نعم
MKC-2025549,2023-07-02,2023-07-27,الهجرة,ترخيص لافتات إعلانية,طلب ترخيص,المركز الموحد 940,مقبول ومنفذ,25.0,4.0,نعم
MKC-2023822,2023-07-02,2023-07-11,الكعكية,شكوى إشغال طريق,شكوى,المركز الموحد 940,مغلق - تم الحل,9.0,4.0,نعم
MKC-2027100,2023-07-02,2023-07-05,العزيزية,شكوى نظافة عامة,شكوى,المركز الموحد 940,مرفوض,3.0,,نعم
MKC-2027173,2023-07-02,2023-07-18,الششة,ترخيص تجاري,طلب ترخيص,تطبيق بلدي,مرفوض,16.0,,نعم
MKC-2027866,2023-07-02,2023-07-06,الكعكية,شكوى إشغال طريق,شكوى,المركز الموحد 940,مغلق - تم الحل,4.0,4.0,نعم
MKC-2023909,2023-07-02,2023-07-04,الشوقية,شكوى باعة متجولين,شكوى,تطبيق بلدي,مغلق - تم الحل,2.0,4.0,نعم
MKC-2028101,2023-07-02,2023-07-06,النوارية,شكوى نظافة عامة,شكوى,مكتب خدمة العملاء,مغلق - تم الحل,4.0,5.0,نعم
MKC-2028587,2023-07-02,2023-08-06,العتيبية,ترخيص بناء,طلب ترخيص,تطبيق بلدي,مرفوض,35.0,,نعم
MKC-2023930,2023-07-02,2023-07-07,العتيبية,شكوى باعة متجولين,شكوى,مكتب خدمة العملاء,مغلق - تم الحل,5.0,5.0,نعم
MKC-2028307,2023-07-02,2023-08-03,النسيم,شكوى مركبات مهملة,شكوى,مكتب فرعي بالحي,مغلق - تم الحل,32.0,3.0,نعم
MKC-2028070,2023-07-02,2023-08-11,النوارية,ترخيص بناء,طلب ترخيص,مكتب فرعي بالحي,مقبول ومنفذ,40.0,3.0,نعم
MKC-2023397,2023-07-02,2023-07-07,الشوقية,تجديد رخصة تجارية,طلب ترخيص,تطبيق بلدي,مقبول ومنفذ,5.0,3.0,نعم
MKC-2025731,2023-07-03,2023-07-24,جرول,ترخيص تجاري,طلب ترخيص,المركز الموحد 940,مغلق - تم الحل,21.0,4.0,نعم
MKC-2025240,2023-07-03,2023-07-17,النوارية,شكوى مركبات مهملة,شكوى,تطبيق بلدي,مغلق - تم الحل,14.0,4.0,نعم
MKC-2028729,2023-07-03,2023-07-11,الشوقية,طلب صيانة حديقة/ملعب,طلب صيانة,مكتب خدمة العملاء,محول لجهة أخرى,8.0,,نعم
MKC-2023668,2023-07-03,2023-07-08,العزيزية,شكوى باعة متجولين,شكوى,تطبيق بلدي,مرفوض,5.0,,نعم
MKC-2026672,2023-07-03,2023-08-14,الجميزة,ترخيص تجاري,طلب ترخيص,المركز الموحد 940,مرفوض,42.0,,نعم
MKC-2028831,2023-07-03,2023-07-13,الحجون,شكوى نظافة عامة,شكوى,تطبيق بلدي,مغلق - تم الحل,10.0,4.0,نعم
MKC-2023657,2023-07-03,2023-07-05,الهجرة,شكوى إنارة شوارع,شكوى,تطبيق بلدي,محول لجهة أخرى,2.0,,نعم
MKC-2027438,2023-07-03,2023-07-19,العزيزية,شكوى مخالفة بناء,شكوى,تطبيق بلدي,محول لجهة أخرى,16.0,,نعم
MKC-2026650,2023-07-03,2023-07-26,الشوقية,ترخيص بناء,طلب ترخيص,تطبيق بلدي,مرفوض,23.0,,نعم
MKC-2027705,2023-07-03,2023-08-12,الشوقية,ترخيص بناء,طلب ترخيص,حساب X (تويتر),محول لجهة أخرى,40.0,,نعم
MKC-2023318,2023-07-03,2023-07-13,الششة,شكوى نظافة عامة,شكوى,تطبيق بلدي,محول لجهة أخرى,10.0,,نعم
MKC-2024588,2023-07-03,2023-08-18,العزيزية,ترخيص تجاري,طلب ترخيص,مكتب خدمة العملاء,محول لجهة أخرى,46.0,,نعم
MKC-2027517,2023-07-03,2023-08-01,بطحاء قريش,ترخيص تجاري,طلب ترخيص,مكتب خدمة العملاء,مقبول ومنفذ,29.0,4.0,نعم
MKC-2028344,2023-07-03,2023-07-19,جرول,شكوى مركبات مهملة,شكوى,المركز الموحد 940,محول لجهة أخرى,16.0,,نعم
MKC-2025407,2023-07-03,2023-07-08,العتيبية,شكوى نظافة عامة,شكوى,تطبيق بلدي,مقبول ومنفذ,5.0,5.0,نعم
MKC-2028536,2023-07-03,2023-07-11,الرصيفة,شكوى صرف صحي,شكوى,مكتب خدمة العملاء,محول لجهة أخرى,8.0,,نعم
MKC-2027845,2023-07-04,2023-08-28,النوارية,ترخيص تجاري,طلب ترخيص,تطبيق بلدي,مرفوض,55.0,,نعم
MKC-2024921,2023-07-04,2023-07-08,الششة,شكوى باعة متجولين,شكوى,المركز الموحد 940,محول لجهة أخرى,4.0,,نعم
MKC-2023220,2023-07-04,2023-08-08,النسيم,شكوى مخالفة بناء,شكوى,المركز الموحد 940,محول لجهة أخرى,35.0,,نعم
MKC-2023094,2023-07-04,2023-07-13,جرول,شكوى نظافة عامة,شكوى,تطبيق بلدي,مغلق - تم الحل,9.0,5.0,نعم
MKC-2027831,2023-07-04,2023-07-13,النوارية,شكوى نظافة عامة,شكوى,تطبيق بلدي,محول لجهة أخرى,9.0,,نعم
MKC-2024387,2023-07-04,2023-07-21,الششة,شكوى إنارة شوارع,شكوى,مكتب خدمة العملاء,مغلق - تم الحل,17.0,4.0,نعم
MKC-2025294,2023-07-04,2023-07-06,الشرائع,شكوى إشغال طريق,شكوى,حساب X (تويتر),محول لجهة أخرى,2.0,,نعم
MKC-2026110,2023-07-04,2023-07-12,الششة,شكوى إشغال طريق,شكوى,المركز الموحد 940,قيد المعالجة,8.0,,نعم
MKC-2027439,2023-07-04,2023-07-12,الشوقية,شكوى نظافة عامة,شكوى,مكتب فرعي بالحي,مغلق - تم الحل,8.0,4.0,نعم
MKC-2024714,2023-07-04,2023-07-28,الشوقية,شكوى مركبات مهملة,شكوى,تطبيق بلدي,مغلق - تم الحل,24.0,3.0,نعم
MKC-2026696,2023-07-04,2023-08-09,الهجرة,طلب صيانة حديقة/ملعب,طلب صيانة,تطبيق بلدي,مرفوض,36.0,,نعم
MKC-2023699,2023-07-04,2023-07-11,الشوقية,شكوى إشغال طريق,شكوى,تطبيق بلدي,مغلق - تم الحل,7.0,5.0,نعم
MKC-2027515,2023-07-04,2023-07-22,الشوقية,طلب صيانة حديقة/ملعب,طلب صيانة,المركز الموحد 940,مقبول ومنفذ,18.0,2.0,نعم
MKC-2028816,2023-07-04,2023-07-28,العتيبية,شكوى مركبات مهملة,شكوى,مكتب فرعي بالحي,مغلق - تم الحل,24.0,4.0,نعم
MKC-2026243,2023-07-04,,الزاهر,ترخيص تجاري,طلب ترخيص,مكتب فرعي بالحي,قيد المعالجة,,,نعم
MKC-2028159,2023-07-04,2023-07-24,الشوقية,شكوى صرف صحي,شكوى,تطبيق بلدي,محول لجهة أخرى,20.0,,نعم
MKC-2023463,2023-07-04,,الرصيفة,ترخيص تجاري,طلب ترخيص,مكتب فرعي بالحي,قيد المعالجة,,,نعم
MKC-2028130,2023-07-04,2023-07-23,الهجرة,ترخيص تجاري,طلب ترخيص,مكتب خدمة العملاء,مقبول ومنفذ,19.0,4.0,نعم
MKC-2025078,2023-07-04,2023-07-08,العزيزية,شكوى باعة متجولين,شكوى,تطبيق بلدي,مغلق - تم الحل,4.0,3.0,نعم
MKC-2026467,2023-07-04,2023-07-13,جرول,شكوى صرف صحي,شكوى,تطبيق بلدي,مغلق - تم الحل,9.0,4.0,نعم
MKC-2026414,2023-07-04,2023-07-08,الرصيفة,شكوى مركبات مهملة,شكوى,مكتب فرعي بالحي,محول لجهة أخرى,4.0,,نعم
MKC-2023918,2023-07-05,2023-08-08,الرصيفة,ترخيص تجاري,طلب ترخيص,المركز الموحد 940,مقبول ومنفذ,34.0,4.0,نعم
MKC-2028923,2023-07-05,2023-08-21,الجميزة,ترخيص بناء,طلب ترخيص,تطبيق بلدي,محول لجهة أخرى,47.0,,نعم
MKC-2026539,2023-07-05,2023-07-11,بطحاء قريش,شكوى نظافة عامة,شكوى,المركز الموحد 940,محول لجهة أخرى,6.0,,نعم
MKC-2027611,2023-07-05,,الكعكية,ترخيص تجاري,طلب ترخيص,تطبيق بلدي,قيد المعالجة,,,نعم
MKC-2028281,2023-07-05,2023-07-15,الكعكية,شكوى إشغال طريق,شكوى,تطبيق بلدي,محول لجهة أخرى,10.0,,نعم
MKC-2023400,2023-07-05,2023-08-22,العتيبية,ترخيص تجاري,طلب ترخيص,المركز الموحد 940,مقبول ومنفذ,48.0,3.0,نعم
MKC-2024353,2023-07-05,2023-07-09,النوارية,شكوى إنارة شوارع,شكوى,تطبيق بلدي,مغلق - تم الحل,4.0,4.0,نعم
MKC-2027570,2023-07-05,2023-09-03,المسفلة,ترخيص بناء,طلب ترخيص,المركز الموحد 940,مقبول ومنفذ,60.0,4.0,نعم
MKC-2028062,2023-07-05,2023-07-11,بطحاء قريش,شكوى باعة متجولين,شكوى,مكتب خدمة العملاء,مغلق - تم الحل,6.0,3.0,نعم
MKC-2028556,2023-07-05,2023-07-11,المسفلة,شكوى باعة متجولين,شكوى,حساب X (تويتر),مغلق - تم الحل,6.0,4.0,نعم
MKC-2023737,2023-07-05,2023-07-09,العزيزية,شكوى نظافة عامة,شكوى,المركز الموحد 940,مغلق - تم الحل,4.0,4.0,نعم
MKC-2023067,2023-07-05,2023-08-07,الشرائع,طلب صيانة حديقة/ملعب,طلب صيانة,تطبيق بلدي,مقبول ومنفذ,33.0,3.0,نعم
MKC-2024552,2023-07-05,2023-07-10,جرول,شكوى نظافة عامة,شكوى,حساب X (تويتر),مغلق - تم الحل,5.0,4.0,نعم
MKC-2024870,2023-07-05,2023-07-24,العزيزية,ترخيص لافتات إعلانية,طلب ترخيص,المركز الموحد 940,مقبول ومنفذ,19.0,3.0,نعم
MKC-2024025,2023-07-05,2023-08-15,الزاهر,ترخيص بناء,طلب ترخيص,المركز الموحد 940,محول لجهة أخرى,41.0,,نعم
MKC-2028629,2023-07-05,2023-07-12,أجياد,شكوى باعة متجولين,شكوى,المركز الموحد 940,مغلق - تم الحل,7.0,3.0,نعم
MKC-2026140,2023-07-05,2023-07-19,العزيزية,شكوى مخالفة بناء,شكوى,المركز الموحد 940,مغلق - تم الحل,14.0,4.0,نعم
MKC-2027386,2023-07-05,2023-07-28,العزيزية,شكوى مخالفة بناء,شكوى,تطبيق بلدي,محول لجهة أخرى,23.0,,نعم
MKC-2028497,2023-07-06,2023-07-26,الششة,شكوى مركبات مهملة,شكوى,تطبيق بلدي,مقبول ومنفذ,20.0,4.0,نعم
MKC-2028242,2023-07-06,2023-09-01,الجميزة,ترخيص بناء,طلب ترخيص,تطبيق بلدي,مقبول ومنفذ,57.0,3.0,نعم
MKC-2027984,2023-07-06,2023-07-09,الشرائع,شكوى نظافة عامة,شكوى,تطبيق بلدي,مغلق - تم الحل,3.0,5.0,نعم
MKC-2023112,2023-07-06,2023-07-18,العزيزية,شكوى إنارة شوارع,شكوى,المركز الموحد 940,محول لجهة أخرى,12.0,,نعم
MKC-2023475,2023-07-06,2023-08-24,النسيم,شكوى مخالفة بناء,شكوى,مكتب فرعي بالحي,مغلق - تم الحل,49.0,3.0,نعم
MKC-2023592,2023-07-06,2023-08-04,بطحاء قريش,طلب صيانة حديقة/ملعب,طلب صيانة,تطبيق بلدي,مقبول ومنفذ,29.0,3.0,نعم
MKC-2028121,2023-07-06,2023-07-28,العتيبية,شكوى مركبات مهملة,شكوى,مكتب خدمة العملاء,مغلق - تم الحل,22.0,3.0,نعم
MKC-2024670,2023-07-06,2023-08-12,العزيزية,ترخيص تجاري,طلب ترخيص,المركز الموحد 940,مقبول ومنفذ,37.0,3.0,نعم
MKC-2026915,2023-07-06,2023-08-03,النسيم,ترخيص تجاري,طلب ترخيص,تطبيق بلدي,مرفوض,28.0,,نعم
MKC-2026569,2023-07-06,2023-07-17,الزاهر,تجديد رخصة تجارية,طلب ترخيص,تطبيق بلدي,مقبول ومنفذ,11.0,2.0,نعم
MKC-2026572,2023-07-06,2023-07-09,الزاهر,شكوى نظافة عامة,شكوى,تطبيق بلدي,مرفوض,3.0,,نعم
MKC-2028526,2023-07-06,2023-07-08,بطحاء قريش,شكوى نظافة عامة,شكوى,المركز الموحد 940,مغلق - تم الحل,2.0,4.0,نعم
MKC-2027103,2023-07-06,2023-07-10,العزيزية,شكوى إشغال طريق,شكوى,تطبيق بلدي,مقبول ومنفذ,4.0,3.0,نعم
MKC-2027420,2023-07-06,2023-07-16,الكعكية,شكوى إشغال طريق,شكوى,تطبيق بلدي,محول لجهة أخرى,10.0,,نعم
MKC-2025372,2023-07-06,2023-07-17,الزاهر,ترخيص لافتات إعلانية,طلب ترخيص,تطبيق بلدي,محول لجهة أخرى,11.0,,نعم
MKC-2027671,2023-07-06,2023-08-12,جرول,شكوى مخالفة بناء,شكوى,تطبيق بلدي,مغلق - تم الحل,37.0,3.0,نعم
MKC-2028288,2023-07-06,2023-07-23,أجياد,ترخيص تجاري,طلب ترخيص,المركز الموحد 940,مرفوض,17.0,,نعم
MKC-2026748,2023-07-07,2023-08-06,النسيم,ترخيص بناء,طلب ترخيص,تطبيق بلدي,مقبول ومنفذ,30.0,2.0,نعم
MKC-2026257,2023-07-07,2023-07-14,الششة,شكوى نظافة عامة,شكوى,المركز الموحد 940,مغلق - تم الحل,7.0,4.0,نعم
MKC-2028959,2023-07-07,2023-08-27,الزاهر,ترخيص تجاري,طلب ترخيص,مكتب خدمة العملاء,مقبول ومنفذ,51.0,3.0,نعم
MKC-2025144,2023-07-07,2023-07-16,العزيزية,شكوى نظافة عامة,شكوى,مكتب خدمة العملاء,مغلق - تم الحل,9.0,3.0,نعم
MKC-2026652,2023-07-07,2023-07-14,الرصيفة,طلب صيانة حديقة/ملعب,طلب صيانة,مكتب خدمة العملاء,مقبول ومنفذ,7.0,4.0,نعم
MKC-2023199,2023-07-07,2023-07-25,الهجرة,طلب صيانة حديقة/ملعب,طلب صيانة,حساب X (تويتر),مرفوض,18.0,,نعم
MKC-2026468,2023-07-07,2023-07-31,الرصيفة,شكوى مخالفة بناء,شكوى,مكتب خدمة العملاء,مغلق - تم الحل,24.0,2.0,نعم
MKC-2025992,2023-07-07,2023-07-16,الهجرة,شكوى إشغال طريق,شكوى,تطبيق بلدي,محول لجهة أخرى,9.0,,نعم
MKC-2027083,2023-07-07,2023-08-20,النوارية,ترخيص تجاري,طلب ترخيص,تطبيق بلدي,مقبول ومنفذ,44.0,2.0,نعم
MKC-2023262,2023-07-07,2023-07-15,الكعكية,شكوى إنارة شوارع,شكوى,المركز الموحد 940,مغلق - تم الحل,8.0,4.0,نعم
MKC-2027430,2023-07-07,2023-07-23,الجميزة,شكوى إشغال طريق,شكوى,المركز الموحد 940,مقبول ومنفذ,16.0,5.0,نعم
MKC-2025293,2023-07-07,2023-07-15,العزيزية,شكوى باعة متجولين,شكوى,المركز الموحد 940,مقبول ومنفذ,8.0,4.0,نعم
MKC-2028932,2023-07-07,2023-07-11,الرصيفة,شكوى نظافة عامة,شكوى,تطبيق بلدي,مغلق - تم الحل,4.0,4.0,نعم
MKC-2024530,2023-07-07,2023-07-25,الشوقية,شكوى مركبات مهملة,شكوى,تطبيق بلدي,مغلق - تم الحل,18.0,3.0,نعم
MKC-2024791,2023-07-07,2023-07-13,أجياد,تجديد رخصة تجارية,طلب ترخيص,تطبيق بلدي,مقبول ومنفذ,6.0,3.0,نعم
MKC-2027780,2023-07-07,2023-08-03,الزاهر,ترخيص تجاري,طلب ترخيص,تطبيق بلدي,محول لجهة أخرى,27.0,,نعم
MKC-2027648,2023-07-07,2023-07-12,بطحاء قريش,شكوى نظافة عامة,شكوى,مكتب خدمة العملاء,مغلق - تم الحل,5.0,4.0,نعم
MKC-2027982,2023-07-08,2023-07-12,العزيزية,شكوى صرف صحي,شكوى,مكتب فرعي بالحي,مغلق - تم الحل,4.0,5.0,نعم
MKC-2024970,2023-07-08,2023-08-06,الزاهر,شكوى مركبات مهملة,شكوى,المركز الموحد 940,محول لجهة أخرى,29.0,,نعم
MKC-2026159,2023-07-08,2023-07-18,الشوقية,شكوى نظافة عامة,شكوى,حساب X (تويتر),مغلق - تم الحل,10.0,4.0,نعم
MKC-2028396,2023-07-08,,العزيزية,شكوى مخالفة بناء,شكوى,المركز الموحد 940,قيد المعالجة,,,نعم
MKC-2026802,2023-07-08,2023-08-07,بطحاء قريش,طلب صيانة حديقة/ملعب,طلب صيانة,تطبيق بلدي,مرفوض,30.0,,نعم
MKC-2028490,2023-07-08,2023-07-23,العزيزية,شكوى مخالفة بناء,شكوى,تطبيق بلدي,محول لجهة أخرى,15.0,,نعم
MKC-2026896,2023-07-08,2023-07-24,الرصيفة,شكوى مخالفة بناء,شكوى,تطبيق بلدي,مغلق - تم الحل,16.0,5.0,نعم
MKC-2023730,2023-07-08,2023-07-27,بطحاء قريش,طلب صيانة حديقة/ملعب,طلب صيانة,مكتب خدمة العملاء,مقبول ومنفذ,19.0,4.0,نعم
MKC-2024403,2023-07-08,2023-08-25,جرول,شكوى مخالفة بناء,شكوى,المركز الموحد 940,محول لجهة أخرى,48.0,,نعم
MKC-2028880,2023-07-08,2023-09-09,أجياد,ترخيص بناء,طلب ترخيص,المركز الموحد 940,مقبول ومنفذ,63.0,3.0,نعم
MKC-2028621,2023-07-08,2023-07-23,العتيبية,تجديد رخصة تجارية,طلب ترخيص,المركز الموحد 940,مقبول ومنفذ,15.0,3.0,نعم
MKC-2023043,2023-07-08,2023-07-13,الشوقية,شكوى باعة متجولين,شكوى,حساب X (تويتر),مغلق - تم الحل,5.0,4.0,نعم
MKC-2026319,2023-07-08,2023-08-14,الكعكية,ترخيص بناء,طلب ترخيص,مكتب خدمة العملاء,مقبول ومنفذ,37.0,3.0,نعم
MKC-2023529,2023-07-08,2023-07-16,الزاهر,شكوى نظافة عامة,شكوى,حساب X (تويتر),محول لجهة أخرى,8.0,,نعم
MKC-2028963,2023-07-08,2023-07-09,النسيم,شكوى باعة متجولين,شكوى,مكتب فرعي بالحي,محول لجهة أخرى,1.0,,نعم
MKC-2024548,2023-07-09,2023-07-23,النسيم,شكوى مركبات مهملة,شكوى,مكتب فرعي بالحي,مغلق - تم الحل,14.0,5.0,نعم
MKC-2027794,2023-07-09,2023-08-05,العزيزية,طلب صيانة حديقة/ملعب,طلب صيانة,تطبيق بلدي,مقبول ومنفذ,27.0,3.0,نعم
MKC-2023183,2023-07-09,2023-07-11,أجياد,شكوى باعة متجولين,شكوى,مكتب خدمة العملاء,محول لجهة أخرى,2.0,,نعم
MKC-2027357,2023-07-09,2023-07-17,المسفلة,شكوى نظافة عامة,شكوى,المركز الموحد 940,مغلق - تم الحل,8.0,4.0,نعم
MKC-2028369,2023-07-09,2023-08-13,الرصيفة,شكوى مخالفة بناء,شكوى,مكتب خدمة العملاء,مغلق - تم الحل,35.0,4.0,نعم
MKC-2025763,2023-07-09,2023-07-19,العزيزية,تجديد رخصة تجارية,طلب ترخيص,حساب X (تويتر),مرفوض,10.0,,نعم
MKC-2023373,2023-07-09,2023-07-15,الحجون,شكوى نظافة عامة,شكوى,تطبيق بلدي,مغلق - تم الحل,6.0,4.0,نعم
MKC-2024216,2023-07-09,2023-07-24,الكعكية,تجديد رخصة تجارية,طلب ترخيص,المركز الموحد 940,مقبول ومنفذ,15.0,2.0,نعم
MKC-2023506,2023-07-09,2023-08-05,الرصيفة,شكوى مخالفة بناء,شكوى,مكتب فرعي بالحي,مقبول ومنفذ,27.0,2.0,نعم
MKC-2025136,2023-07-09,2023-07-21,النسيم,ترخيص لافتات إعلانية,طلب ترخيص,المركز الموحد 940,محول لجهة أخرى,12.0,,نعم
MKC-2026364,2023-07-09,2023-08-08,المسفلة,ترخيص تجاري,طلب ترخيص,حساب X (تويتر),محول لجهة أخرى,30.0,,نعم
MKC-2027441,2023-07-09,2023-07-12,الهجرة,شكوى نظافة عامة,شكوى,المركز الموحد 940,محول لجهة أخرى,3.0,,نعم
MKC-2023516,2023-07-09,2023-07-26,الششة,شكوى إنارة شوارع,شكوى,المركز الموحد 940,مغلق - تم الحل,17.0,4.0,نعم
MKC-2024581,2023-07-09,2023-07-27,النوارية,ترخيص بناء,طلب ترخيص,مكتب خدمة العملاء,مقبول ومنفذ,18.0,4.0,نعم
MKC-2026024,2023-07-09,,النوارية,شكوى صرف صحي,شكوى,مكتب خدمة العملاء,قيد المعالجة,,,نعم
MKC-2025219,2023-07-09,2023-08-04,الجميزة,ترخيص بناء,طلب ترخيص,المركز الموحد 940,مرفوض,26.0,,نعم
MKC-2027022,2023-07-09,2023-08-14,الهجرة,طلب صيانة حديقة/ملعب,طلب صيانة,مكتب خدمة العملاء,محول لجهة أخرى,36.0,,نعم
MKC-2027036,2023-07-09,2023-07-24,العزيزية,شكوى صرف صحي,شكوى,تطبيق بلدي,مقبول ومنفذ,15.0,4.0,نعم
MKC-2026960,2023-07-09,2023-07-13,الزاهر,شكوى صرف صحي,شكوى,تطبيق بلدي,مغلق - تم الحل,4.0,3.0,نعم
MKC-2024135,2023-07-10,2023-07-20,العتيبية,شكوى إشغال طريق,شكوى,مكتب فرعي بالحي,محول لجهة أخرى,10.0,,نعم
MKC-2023483,2023-07-10,2023-07-29,الششة,شكوى إنارة شوارع,شكوى,مكتب خدمة العملاء,مقبول ومنفذ,19.0,4.0,نعم
MKC-2027786,2023-07-10,2023-07-21,العتيبية,شكوى إشغال طريق,شكوى,مكتب خدمة العملاء,مغلق - تم الحل,11.0,3.0,نعم
MKC-2023493,2023-07-10,2023-07-18,بطحاء قريش,شكوى نظافة عامة,شكوى,مكتب خدمة العملاء,مرفوض,8.0,,نعم
MKC-2023801,2023-07-10,2023-07-16,المسفلة,ترخيص لافتات إعلانية,طلب ترخيص,المركز الموحد 940,مقبول ومنفذ,6.0,2.0,نعم
MKC-2023276,2023-07-10,2023-08-11,العزيزية,شكوى مخالفة بناء,شكوى,المركز الموحد 940,مقبول ومنفذ,32.0,4.0,نعم
MKC-2025862,2023-07-10,,الجميزة,شكوى نظافة عامة,شكوى,مكتب فرعي بالحي,قيد المعالجة,,,نعم
MKC-2026085,2023-07-10,2023-09-18,الزاهر,ترخيص بناء,طلب ترخيص,تطبيق بلدي,مرفوض,70.0,,نعم
MKC-2023168,2023-07-10,2023-07-27,العزيزية,شكوى مخالفة بناء,شكوى,مكتب فرعي بالحي,مرفوض,17.0,,نعم
MKC-2028042,2023-07-10,2023-07-23,النسيم,ترخيص لافتات إعلانية,طلب ترخيص,مكتب خدمة العملاء,قيد المعالجة,13.0,,نعم
MKC-2023787,2023-07-10,2023-07-13,الششة,شكوى إشغال طريق,شكوى,تطبيق بلدي,مقبول ومنفذ,3.0,5.0,نعم
MKC-2026360,2023-07-10,2023-07-15,الكعكية,طلب صيانة حديقة/ملعب,طلب صيانة,تطبيق بلدي,مقبول ومنفذ,5.0,5.0,نعم
MKC-2023792,2023-07-10,2023-07-22,العزيزية,تجديد رخصة تجارية,طلب ترخيص,تطبيق بلدي,مقبول ومنفذ,12.0,3.0,نعم
MKC-2027967,2023-07-10,2023-07-27,الشرائع,شكوى إنارة شوارع,شكوى,المركز الموحد 940,مغلق - تم الحل,17.0,2.0,نعم
MKC-2027730,2023-07-10,2023-09-21,النسيم,ترخيص بناء,طلب ترخيص,حساب X (تويتر),مقبول ومنفذ,73.0,3.0,نعم
MKC-2024894,2023-07-10,2023-07-23,أجياد,شكوى إنارة شوارع,شكوى,تطبيق بلدي,مغلق - تم الحل,13.0,5.0,نعم
MKC-2027531,2023-07-10,2023-07-29,الحجون,شكوى مخالفة بناء,شكوى,حساب X (تويتر),مقبول ومنفذ,19.0,4.0,نعم
MKC-2027118,2023-07-10,2023-07-18,أجياد,شكوى نظافة عامة,شكوى,حساب X (تويتر),مغلق - تم الحل,8.0,3.0,نعم
MKC-2027972,2023-07-10,,الحجون,شكوى مركبات مهملة,شكوى,المركز الموحد 940,قيد المعالجة,,,نعم
MKC-2026654,2023-07-10,2023-07-15,الزاهر,شكوى صرف صحي,شكوى,تطبيق بلدي,محول لجهة أخرى,5.0,,نعم
MKC-2025548,2023-07-11,2023-07-15,الششة,شكوى إشغال طريق,شكوى,تطبيق بلدي,محول لجهة أخرى,4.0,,لا
MKC-2024007,2023-07-11,2023-07-16,أجياد,شكوى إشغال طريق,شكوى,المركز الموحد 940,محول لجهة أخرى,5.0,,لا
MKC-2028142,2023-07-11,2023-08-05,الجميزة,شكوى مخالفة بناء,شكوى,تطبيق بلدي,مغلق - تم الحل,25.0,3.0,لا
MKC-2023877,2023-07-11,2023-07-14,الشوقية,شكوى إنارة شوارع,شكوى,مكتب خدمة العملاء,محول لجهة أخرى,3.0,,لا
MKC-2026301,2023-07-11,2023-07-12,المسفلة,شكوى صرف صحي,شكوى,تطبيق بلدي,مغلق - تم الحل,1.0,4.0,لا
MKC-2025853,2023-07-12,2023-07-26,النوارية,ترخيص تجاري,طلب ترخيص,تطبيق بلدي,مقبول ومنفذ,14.0,3.0,لا
MKC-2024241,2023-07-12,2023-07-13,جرول,شكوى إنارة شوارع,شكوى,مكتب خدمة العملاء,مغلق - تم الحل,1.0,4.0,لا
MKC-2024064,2023-07-12,2023-07-18,الرصيفة,تجديد رخصة تجارية,طلب ترخيص,المركز الموحد 940,مقبول ومنفذ,6.0,4.0,لا
MKC-2024275,2023-07-12,2023-07-18,العزيزية,شكوى نظافة عامة,شكوى,حساب X (تويتر),مقبول ومنفذ,6.0,4.0,لا
MKC-2025237,2023-07-12,2023-07-30,الكعكية,شكوى مخالفة بناء,شكوى,المركز الموحد 940,مغلق - تم الحل,18.0,4.0,لا
MKC-2024293,2023-07-12,2023-07-15,العزيزية,شكوى نظافة عامة,شكوى,مكتب خدمة العملاء,مقبول ومنفذ,3.0,4.0,لا
MKC-2026618,2023-07-12,2023-07-20,الشرائع,شكوى مركبات مهملة,شكوى,مكتب خدمة العملاء,محول لجهة أخرى,8.0,,لا
MKC-2024877,2023-07-12,2023-07-17,الكعكية,شكوى باعة متجولين,شكوى,حساب X (تويتر),مرفوض,5.0,,لا
MKC-2027381,2023-07-12,2023-07-15,الجميزة,شكوى إشغال طريق,شكوى,مكتب خدمة العملاء,مقبول ومنفذ,3.0,4.0,لا
MKC-2024463,2023-07-12,2023-07-14,الهجرة,شكوى نظافة عامة,شكوى,المركز الموحد 940,مغلق - تم الحل,2.0,3.0,لا
MKC-2025966,2023-07-12,2023-07-16,جرول,شكوى نظافة عامة,شكوى,تطبيق بلدي,مغلق - تم الحل,4.0,5.0,لا
MKC-2023974,2023-07-13,2023-07-15,العتيبية,شكوى نظافة عامة,شكوى,حساب X (تويتر),مغلق - تم الحل,2.0,4.0,لا
MKC-2026676,2023-07-13,2023-08-26,الشوقية,ترخيص بناء,طلب ترخيص,تطبيق بلدي,محول لجهة أخرى,44.0,,لا
MKC-2026239,2023-07-13,2023-07-23,الحجون,تجديد رخصة تجارية,طلب ترخيص,مكتب خدمة العملاء,مرفوض,10.0,,لا
MKC-2027110,2023-07-13,2023-07-20,الكعكية,تجديد رخصة تجارية,طلب ترخيص,مكتب خدمة العملاء,قيد المعالجة,7.0,,لا
MKC-2025936,2023-07-13,2023-07-19,الشوقية,ترخيص لافتات إعلانية,طلب ترخيص,مكتب خدمة العملاء,مقبول ومنفذ,6.0,4.0,لا
MKC-2027605,2023-07-13,2023-08-01,العزيزية,شكوى مركبات مهملة,شكوى,تطبيق بلدي,مرفوض,19.0,,لا
MKC-2027509,2023-07-13,2023-07-21,العزيزية,شكوى إنارة شوارع,شكوى,مكتب خدمة العملاء,محول لجهة أخرى,8.0,,لا
MKC-2028027,2023-07-13,2023-07-19,الشوقية,شكوى إشغال طريق,شكوى,تطبيق بلدي,محول لجهة أخرى,6.0,,لا
MKC-2024145,2023-07-13,2023-07-19,الشوقية,شكوى إشغال طريق,شكوى,تطبيق بلدي,محول لجهة أخرى,6.0,,لا
MKC-2025433,2023-07-14,2023-07-26,الشوقية,طلب صيانة حديقة/ملعب,طلب صيانة,تطبيق بلدي,مرفوض,12.0,,لا
MKC-2028727,2023-07-14,2023-07-27,العزيزية,شكوى مركبات مهملة,شكوى,تطبيق بلدي,محول لجهة أخرى,13.0,,لا
MKC-2026574,2023-07-14,2023-07-21,جرول,شكوى صرف صحي,شكوى,تطبيق بلدي,محول لجهة أخرى,7.0,,لا
MKC-2027095,2023-07-14,2023-07-19,العزيزية,شكوى مركبات مهملة,شكوى,تطبيق بلدي,مغلق - تم الحل,5.0,4.0,لا
MKC-2024075,2023-07-14,2023-07-30,العتيبية,ترخيص بناء,طلب ترخيص,المركز الموحد 940,مقبول ومنفذ,16.0,5.0,لا
MKC-2026437,2023-07-14,2023-07-26,الزاهر,شكوى إنارة شوارع,شكوى,مكتب فرعي بالحي,مغلق - تم الحل,12.0,4.0,لا
MKC-2027614,2023-07-14,2023-07-16,جرول,شكوى إنارة شوارع,شكوى,المركز الموحد 940,مغلق - تم الحل,2.0,5.0,لا
MKC-2025204,2023-07-14,2023-07-28,الكعكية,شكوى مخالفة بناء,شكوى,مكتب فرعي بالحي,مغلق - تم الحل,14.0,3.0,لا
MKC-2023751,2023-07-14,2023-07-24,المسفلة,ترخيص تجاري,طلب ترخيص,تطبيق بلدي,مقبول ومنفذ,10.0,5.0,لا
MKC-2023701,2023-07-14,2023-07-24,الششة,شكوى إنارة شوارع,شكوى,تطبيق بلدي,مغلق - تم الحل,10.0,2.0,لا
MKC-2025054,2023-07-15,2023-08-07,النوارية,ترخيص بناء,طلب ترخيص,مكتب فرعي بالحي,مقبول ومنفذ,23.0,4.0,لا
MKC-2026278,2023-07-15,2023-07-30,الهجرة,ترخيص بناء,طلب ترخيص,المركز الموحد 940,مرفوض,15.0,,لا
MKC-2027914,2023-07-15,2023-08-08,الشرائع,شكوى مخالفة بناء,شكوى,تطبيق بلدي,مغلق - تم الحل,24.0,4.0,لا
MKC-2028582,2023-07-15,2023-07-23,المسفلة,شكوى إنارة شوارع,شكوى,مكتب فرعي بالحي,محول لجهة أخرى,8.0,,لا
MKC-2026865,2023-07-15,2023-07-29,الزاهر,شكوى مخالفة بناء,شكوى,تطبيق بلدي,محول لجهة أخرى,14.0,,لا
MKC-2024262,2023-07-15,2023-07-27,الشوقية,شكوى مركبات مهملة,شكوى,المركز الموحد 940,مرفوض,12.0,,لا
MKC-2028493,2023-07-15,2023-08-29,العزيزية,ترخيص بناء,طلب ترخيص,تطبيق بلدي,مرفوض,45.0,,لا
MKC-2026993,2023-07-15,2023-07-19,بطحاء قريش,شكوى نظافة عامة,شكوى,مكتب فرعي بالحي,مرفوض,4.0,,لا
MKC-2025305,2023-07-16,2023-08-20,الشوقية,ترخيص بناء,طلب ترخيص,تطبيق بلدي,مغلق - تم الحل,35.0,3.0,لا
MKC-2028156,2023-07-16,2023-07-28,الكعكية,ترخيص بناء,طلب ترخيص,تطبيق بلدي,مقبول ومنفذ,12.0,5.0,لا
MKC-2026791,2023-07-16,2023-07-24,النسيم,شكوى مخالفة بناء,شكوى,مكتب خدمة العملاء,مرفوض,8.0,,لا
MKC-2023693,2023-07-16,2023-07-28,الكعكية,ترخيص تجاري,طلب ترخيص,تطبيق بلدي,مقبول ومنفذ,12.0,4.0,لا
MKC-2025946,2023-07-16,2023-07-27,الرصيفة,ترخيص تجاري,طلب ترخيص,مكتب خدمة العملاء,مقبول ومنفذ,11.0,3.0,لا
MKC-2024846,2023-07-17,2023-07-21,الزاهر,شكوى نظافة عامة,شكوى,مكتب خدمة العملاء,محول لجهة أخرى,4.0,,لا
MKC-2027632,2023-07-17,2023-08-07,الجميزة,طلب صيانة حديقة/ملعب,طلب صيانة,حساب X (تويتر),مرفوض,21.0,,لا
MKC-2028397,2023-07-17,2023-07-22,الشوقية,شكوى نظافة عامة,شكوى,مكتب فرعي بالحي,مرفوض,5.0,,لا
MKC-2026018,2023-07-17,2023-08-04,النوارية,شكوى مخالفة بناء,شكوى,تطبيق بلدي,محول لجهة أخرى,18.0,,لا
MKC-2028574,2023-07-17,2023-08-02,المسفلة,ترخيص بناء,طلب ترخيص,المركز الموحد 940,مرفوض,16.0,,لا
MKC-2023032,2023-07-17,2023-08-02,النوارية,ترخيص تجاري,طلب ترخيص,المركز الموحد 940,مقبول ومنفذ,16.0,4.0,لا
MKC-2024045,2023-07-17,,الحجون,ترخيص بناء,طلب ترخيص,تطبيق بلدي,قيد المعالجة,,,لا
MKC-2023315,2023-07-18,2023-08-01,الششة,شكوى مخالفة بناء,شكوى,تطبيق بلدي,محول لجهة أخرى,14.0,,لا
MKC-2026611,2023-07-18,2023-08-04,الشرائع,ترخيص بناء,طلب ترخيص,تطبيق بلدي,مقبول ومنفذ,17.0,4.0,لا
MKC-2027462,2023-07-18,2023-07-26,الزاهر,شكوى إشغال طريق,شكوى,المركز الموحد 940,مقبول ومنفذ,8.0,5.0,لا
MKC-2026761,2023-07-18,2023-07-26,الششة,تجديد رخصة تجارية,طلب ترخيص,تطبيق بلدي,مغلق - تم الحل,8.0,4.0,لا
MKC-2028513,2023-07-18,2023-07-20,العزيزية,شكوى باعة متجولين,شكوى,تطبيق بلدي,محول لجهة أخرى,2.0,,لا
MKC-2025371,2023-07-18,2023-07-23,الهجرة,شكوى باعة متجولين,شكوى,مكتب خدمة العملاء,مغلق - تم الحل,5.0,5.0,لا
MKC-2025127,2023-07-19,2023-08-04,العزيزية,طلب صيانة حديقة/ملعب,طلب صيانة,المركز الموحد 940,مقبول ومنفذ,16.0,3.0,لا
MKC-2025168,2023-07-19,,الششة,شكوى صرف صحي,شكوى,المركز الموحد 940,قيد المعالجة,,,لا
MKC-2026591,2023-07-19,2023-07-24,الجميزة,شكوى إشغال طريق,شكوى,تطبيق بلدي,مغلق - تم الحل,5.0,4.0,لا
MKC-2023322,2023-07-19,2023-08-11,أجياد,طلب صيانة حديقة/ملعب,طلب صيانة,تطبيق بلدي,مرفوض,23.0,,لا
MKC-2028266,2023-07-19,2023-08-10,الجميزة,شكوى مخالفة بناء,شكوى,تطبيق بلدي,محول لجهة أخرى,22.0,,لا
MKC-2026448,2023-07-19,2023-07-20,الرصيفة,شكوى نظافة عامة,شكوى,حساب X (تويتر),مغلق - تم الحل,1.0,4.0,لا
MKC-2028319,2023-07-19,2023-08-01,الشوقية,شكوى مركبات مهملة,شكوى,تطبيق بلدي,مرفوض,13.0,,لا
MKC-2026827,2023-07-19,2023-07-23,الزاهر,شكوى إنارة شوارع,شكوى,مكتب خدمة العملاء,مقبول ومنفذ,4.0,5.0,لا
MKC-2026436,2023-07-20,2023-08-08,الكعكية,شكوى مركبات مهملة,شكوى,مكتب فرعي بالحي,مغلق - تم الحل,19.0,4.0,لا
MKC-2025806,2023-07-20,2023-07-26,المسفلة,شكوى إنارة شوارع,شكوى,تطبيق بلدي,محول لجهة أخرى,6.0,,لا
MKC-2024287,2023-07-20,2023-07-29,النسيم,شكوى إشغال طريق,شكوى,مكتب فرعي بالحي,مغلق - تم الحل,9.0,3.0,لا
MKC-2025883,2023-07-20,2023-07-26,الجميزة,شكوى إنارة شوارع,شكوى,تطبيق بلدي,محول لجهة أخرى,6.0,,لا
MKC-2026353,2023-07-20,2023-08-06,المسفلة,شكوى مخالفة بناء,شكوى,المركز الموحد 940,مغلق - تم الحل,17.0,4.0,لا
MKC-2025408,2023-07-20,2023-07-29,الهجرة,شكوى إنارة شوارع,شكوى,مكتب خدمة العملاء,مغلق - تم الحل,9.0,4.0,لا
MKC-2027627,2023-07-21,2023-08-06,العزيزية,ترخيص بناء,طلب ترخيص,المركز الموحد 940,مقبول ومنفذ,16.0,3.0,لا
MKC-2024324,2023-07-21,2023-08-04,العزيزية,شكوى مخالفة بناء,شكوى,المركز الموحد 940,مقبول ومنفذ,14.0,4.0,لا
MKC-2026544,2023-07-21,2023-08-03,الرصيفة,شكوى إنارة شوارع,شكوى,تطبيق بلدي,مغلق - تم الحل,13.0,5.0,لا
MKC-2023126,2023-07-21,2023-07-31,الشرائع,شكوى مخالفة بناء,شكوى,المركز الموحد 940,مقبول ومنفذ,10.0,5.0,لا
MKC-2026365,2023-07-21,2023-07-30,الشرائع,ترخيص تجاري,طلب ترخيص,تطبيق بلدي,مقبول ومنفذ,9.0,3.0,لا
MKC-2024885,2023-07-21,,جرول,طلب صيانة حديقة/ملعب,طلب صيانة,تطبيق بلدي,قيد المعالجة,,,لا
MKC-2024786,2023-07-21,2023-07-24,الشوقية,شكوى نظافة عامة,شكوى,تطبيق بلدي,مرفوض,3.0,,لا
MKC-2023756,2023-07-21,2023-07-30,العزيزية,شكوى إنارة شوارع,شكوى,المركز الموحد 940,مغلق - تم الحل,9.0,4.0,لا
MKC-2026219,2023-07-21,2023-07-27,جرول,شكوى إنارة شوارع,شكوى,تطبيق بلدي,مغلق - تم الحل,6.0,4.0,لا
MKC-2028144,2023-07-22,2023-09-02,العزيزية,ترخيص بناء,طلب ترخيص,مكتب فرعي بالحي,محول لجهة أخرى,42.0,,لا
MKC-2026122,2023-07-22,2023-08-01,الششة,شكوى مركبات مهملة,شكوى,تطبيق بلدي,مغلق - تم الحل,10.0,4.0,لا
MKC-2027598,2023-07-22,2023-08-09,العزيزية,شكوى مركبات مهملة,شكوى,مكتب خدمة العملاء,مرفوض,18.0,,لا
MKC-2026706,2023-07-22,2023-07-26,الكعكية,شكوى إنارة شوارع,شكوى,تطبيق بلدي,محول لجهة أخرى,4.0,,لا
MKC-2026106,2023-07-22,2023-08-02,الزاهر,ترخيص بناء,طلب ترخيص,المركز الموحد 940,محول لجهة أخرى,11.0,,لا
MKC-2028169,2023-07-22,2023-07-29,الكعكية,شكوى مركبات مهملة,شكوى,مكتب فرعي بالحي,محول لجهة أخرى,7.0,,لا
MKC-2026155,2023-07-22,2023-07-31,الشرائع,شكوى إشغال طريق,شكوى,تطبيق بلدي,مقبول ومنفذ,9.0,5.0,لا
MKC-2028412,2023-07-22,2023-08-11,المسفلة,طلب صيانة حديقة/ملعب,طلب صيانة,المركز الموحد 940,مرفوض,20.0,,لا
MKC-2023146,2023-07-22,2023-07-24,الجميزة,شكوى نظافة عامة,شكوى,المركز الموحد 940,مقبول ومنفذ,2.0,4.0,لا
MKC-2027985,2023-07-23,,أجياد,شكوى إنارة شوارع,شكوى,تطبيق بلدي,قيد المعالجة,,,لا
MKC-2023746,2023-07-23,2023-07-25,المسفلة,شكوى إشغال طريق,شكوى,مكتب خدمة العملاء,مغلق - تم الحل,2.0,2.0,لا
MKC-2027834,2023-07-23,2023-08-08,النوارية,شكوى مركبات مهملة,شكوى,المركز الموحد 940,مغلق - تم الحل,16.0,5.0,لا
MKC-2028841,2023-07-23,2023-07-29,الزاهر,شكوى نظافة عامة,شكوى,مكتب خدمة العملاء,محول لجهة أخرى,6.0,,لا
MKC-2028832,2023-07-23,2023-08-02,النسيم,طلب صيانة حديقة/ملعب,طلب صيانة,مكتب خدمة العملاء,قيد المعالجة,10.0,,لا
MKC-2026121,2023-07-23,2023-07-25,المسفلة,شكوى نظافة عامة,شكوى,تطبيق بلدي,مغلق - تم الحل,2.0,3.0,لا
MKC-2028290,2023-07-23,2023-07-25,المسفلة,شكوى نظافة عامة,شكوى,مكتب فرعي بالحي,مغلق - تم الحل,2.0,4.0,لا
MKC-2024760,2023-07-23,2023-07-28,جرول,شكوى نظافة عامة,شكوى,تطبيق بلدي,مغلق - تم الحل,5.0,5.0,لا
MKC-2028865,2023-07-23,2023-08-02,الششة,شكوى إشغال طريق,شكوى,حساب X (تويتر),مقبول ومنفذ,10.0,3.0,لا
MKC-2028557,2023-07-23,2023-07-26,الشرائع,شكوى نظافة عامة,شكوى,المركز الموحد 940,مغلق - تم الحل,3.0,5.0,لا
MKC-2024079,2023-07-24,2023-07-29,الشرائع,شكوى نظافة عامة,شكوى,تطبيق بلدي,مغلق - تم الحل,5.0,3.0,لا
MKC-2023368,2023-07-24,2023-08-04,العتيبية,شكوى إنارة شوارع,شكوى,مكتب خدمة العملاء,محول لجهة أخرى,11.0,,لا
MKC-2023514,2023-07-24,2023-07-27,الكعكية,شكوى إشغال طريق,شكوى,المركز الموحد 940,مرفوض,3.0,,لا
MKC-2024884,2023-07-24,2023-08-01,النسيم,شكوى إشغال طريق,شكوى,تطبيق بلدي,مغلق - تم الحل,8.0,4.0,لا
MKC-2025733,2023-07-24,2023-07-26,العزيزية,شكوى إنارة شوارع,شكوى,المركز الموحد 940,مغلق - تم الحل,2.0,3.0,لا
MKC-2027222,2023-07-25,2023-08-13,النوارية,شكوى مخالفة بناء,شكوى,مكتب خدمة العملاء,مغلق - تم الحل,19.0,4.0,لا
MKC-2024997,2023-07-25,2023-08-20,الزاهر,ترخيص تجاري,طلب ترخيص,تطبيق بلدي,محول لجهة أخرى,26.0,,لا
MKC-2025586,2023-07-25,2023-07-30,الزاهر,تجديد رخصة تجارية,طلب ترخيص,حساب X (تويتر),مقبول ومنفذ,5.0,4.0,لا
MKC-2027455,2023-07-25,2023-07-28,الزاهر,شكوى نظافة عامة,شكوى,تطبيق بلدي,محول لجهة أخرى,3.0,,لا
MKC-2024101,2023-07-26,,الرصيفة,شكوى باعة متجولين,شكوى,مكتب خدمة العملاء,قيد المعالجة,,,لا
MKC-2025049,2023-07-26,2023-07-28,الزاهر,شكوى إنارة شوارع,شكوى,تطبيق بلدي,مقبول ومنفذ,2.0,4.0,لا
MKC-2028303,2023-07-26,,العزيزية,ترخيص تجاري,طلب ترخيص,المركز الموحد 940,قيد المعالجة,,,لا
MKC-2025955,2023-07-26,2023-07-28,النسيم,شكوى إشغال طريق,شكوى,تطبيق بلدي,مغلق - تم الحل,2.0,5.0,لا
MKC-2026767,2023-07-27,2023-08-23,الرصيفة,ترخيص تجاري,طلب ترخيص,تطبيق بلدي,مقبول ومنفذ,27.0,5.0,لا
MKC-2026445,2023-07-27,2023-07-30,الكعكية,شكوى إشغال طريق,شكوى,تطبيق بلدي,مغلق - تم الحل,3.0,4.0,لا
MKC-2028983,2023-07-27,,العزيزية,شكوى إشغال طريق,شكوى,تطبيق بلدي,قيد المعالجة,,,لا
MKC-2027725,2023-07-27,2023-07-29,الحجون,شكوى نظافة عامة,شكوى,تطبيق بلدي,مرفوض,2.0,,لا
MKC-2024716,2023-07-27,2023-08-01,الكعكية,شكوى باعة متجولين,شكوى,تطبيق بلدي,محول لجهة أخرى,5.0,,لا
MKC-2026076,2023-07-28,2023-08-01,أجياد,شكوى إشغال طريق,شكوى,مكتب فرعي بالحي,مغلق - تم الحل,4.0,5.0,لا
MKC-2023570,2023-07-28,2023-08-24,الرصيفة,ترخيص بناء,طلب ترخيص,مكتب خدمة العملاء,محول لجهة أخرى,27.0,,لا
MKC-2025483,2023-07-28,2023-08-22,المسفلة,ترخيص تجاري,طلب ترخيص,تطبيق بلدي,مقبول ومنفذ,25.0,5.0,لا
MKC-2025282,2023-07-29,2023-08-03,الزاهر,شكوى إشغال طريق,شكوى,تطبيق بلدي,مغلق - تم الحل,5.0,5.0,لا
MKC-2025126,2023-07-29,2023-08-04,الشرائع,شكوى إشغال طريق,شكوى,مكتب خدمة العملاء,محول لجهة أخرى,6.0,,لا
MKC-2025469,2023-07-29,2023-08-15,الحجون,شكوى مركبات مهملة,شكوى,حساب X (تويتر),مقبول ومنفذ,17.0,3.0,لا
MKC-2026264,2023-07-29,2023-08-01,العتيبية,شكوى نظافة عامة,شكوى,مكتب خدمة العملاء,مغلق - تم الحل,3.0,4.0,لا
MKC-2025230,2023-07-29,2023-08-07,النسيم,شكوى إشغال طريق,شكوى,مكتب خدمة العملاء,مغلق - تم الحل,9.0,4.0,لا
MKC-2023587,2023-07-29,2023-08-05,العزيزية,شكوى إشغال طريق,شكوى,مكتب خدمة العملاء,مغلق - تم الحل,7.0,4.0,لا
MKC-2023890,2023-07-29,2023-08-28,النوارية,ترخيص تجاري,طلب ترخيص,مكتب فرعي بالحي,مقبول ومنفذ,30.0,3.0,لا
MKC-2026998,2023-07-29,,الهجرة,ترخيص بناء,طلب ترخيص,مكتب خدمة العملاء,قيد المعالجة,,,لا
MKC-2023949,2023-07-29,2023-08-05,الششة,شكوى نظافة عامة,شكوى,تطبيق بلدي,مغلق - تم الحل,7.0,4.0,لا
MKC-2024992,2023-07-30,2023-08-02,أجياد,شكوى إنارة شوارع,شكوى,تطبيق بلدي,مقبول ومنفذ,3.0,3.0,لا
MKC-2026340,2023-07-30,2023-09-07,الشوقية,ترخيص بناء,طلب ترخيص,تطبيق بلدي,مقبول ومنفذ,39.0,3.0,لا
MKC-2028340,2023-07-30,2023-08-04,العتيبية,شكوى باعة متجولين,شكوى,المركز الموحد 940,مغلق - تم الحل,5.0,4.0,لا
MKC-2023579,2023-07-30,2023-08-07,الشرائع,شكوى مركبات مهملة,شكوى,حساب X (تويتر),مغلق - تم الحل,8.0,5.0,لا
MKC-2027883,2023-07-30,2023-08-05,النسيم,شكوى إنارة شوارع,شكوى,حساب X (تويتر),محول لجهة أخرى,6.0,,لا
MKC-2027667,2023-07-30,2023-08-08,الهجرة,شكوى إشغال طريق,شكوى,مكتب خدمة العملاء,مغلق - تم الحل,9.0,4.0,لا
MKC-2027636,2023-07-30,2023-08-10,الزاهر,شكوى مخالفة بناء,شكوى,تطبيق بلدي,محول لجهة أخرى,11.0,,لا
MKC-2027250,2023-07-30,2023-08-23,أجياد,ترخيص تجاري,طلب ترخيص,حساب X (تويتر),مقبول ومنفذ,24.0,4.0,لا
MKC-2025542,2023-07-30,2023-08-24,الشوقية,طلب صيانة حديقة/ملعب,طلب صيانة,تطبيق بلدي,مرفوض,25.0,,لا
MKC-2023986,2023-07-31,2023-08-07,العزيزية,شكوى صرف صحي,شكوى,المركز الموحد 940,مغلق - تم الحل,7.0,4.0,لا
MKC-2025108,2023-07-31,2023-08-23,الزاهر,شكوى مخالفة بناء,شكوى,تطبيق بلدي,مغلق - تم الحل,23.0,3.0,لا
MKC-2025679,2023-07-31,,العزيزية,ترخيص تجاري,طلب ترخيص,تطبيق بلدي,قيد المعالجة,,,لا
MKC-2027925,2023-07-31,,الشوقية,شكوى مركبات مهملة,شكوى,تطبيق بلدي,قيد المعالجة,,,لا
MKC-2027702,2023-08-01,2023-08-02,الرصيفة,شكوى باعة متجولين,شكوى,تطبيق بلدي,محول لجهة أخرى,1.0,,لا
MKC-2024036,2023-08-01,2023-08-06,الشوقية,شكوى إنارة شوارع,شكوى,مكتب خدمة العملاء,مغلق - تم الحل,5.0,5.0,لا
MKC-2026421,2023-08-01,2023-08-18,الزاهر,ترخيص تجاري,طلب ترخيص,حساب X (تويتر),مقبول ومنفذ,17.0,4.0,لا
MKC-2026936,2023-08-01,2023-08-26,النسيم,شكوى مخالفة بناء,شكوى,المركز الموحد 940,مغلق - تم الحل,25.0,3.0,لا
MKC-2023664,2023-08-01,2023-08-07,الشرائع,شكوى نظافة عامة,شكوى,تطبيق بلدي,مغلق - تم الحل,6.0,4.0,لا
MKC-2025095,2023-08-01,2023-08-05,الرصيفة,شكوى مخالفة بناء,شكوى,مكتب فرعي بالحي,مغلق - تم الحل,4.0,4.0,لا
MKC-2025627,2023-08-01,2023-08-13,العزيزية,شكوى مخالفة بناء,شكوى,تطبيق بلدي,مغلق - تم الحل,12.0,3.0,لا
MKC-2023988,2023-08-01,2023-08-03,الشوقية,شكوى إنارة شوارع,شكوى,حساب X (تويتر),مقبول ومنفذ,2.0,4.0,لا
MKC-2024014,2023-08-01,2023-08-09,العتيبية,شكوى إشغال طريق,شكوى,تطبيق بلدي,مغلق - تم الحل,8.0,3.0,لا
MKC-2028071,2023-08-02,2023-08-12,الحجون,شكوى إشغال طريق,شكوى,المركز الموحد 940,محول لجهة أخرى,10.0,,لا
MKC-2026755,2023-08-02,2023-08-05,أجياد,شكوى نظافة عامة,شكوى,مكتب فرعي بالحي,مقبول ومنفذ,3.0,3.0,لا
MKC-2023685,2023-08-02,2023-08-08,العزيزية,شكوى نظافة عامة,شكوى,المركز الموحد 940,محول لجهة أخرى,6.0,,لا
MKC-2028329,2023-08-02,2023-08-11,العزيزية,تجديد رخصة تجارية,طلب ترخيص,مكتب خدمة العملاء,مقبول ومنفذ,9.0,3.0,لا
MKC-2028530,2023-08-02,2023-08-27,بطحاء قريش,شكوى مخالفة بناء,شكوى,تطبيق بلدي,مغلق - تم الحل,25.0,5.0,لا
MKC-2027732,2023-08-02,2023-08-03,الشرائع,شكوى إشغال طريق,شكوى,تطبيق بلدي,مقبول ومنفذ,1.0,3.0,لا
MKC-2026863,2023-08-02,2023-08-26,جرول,شكوى مخالفة بناء,شكوى,حساب X (تويتر),محول لجهة أخرى,24.0,,لا
MKC-2028092,2023-08-02,2023-08-15,جرول,شكوى مخالفة بناء,شكوى,تطبيق بلدي,مقبول ومنفذ,13.0,4.0,لا
MKC-2026552,2023-08-02,2023-08-11,الكعكية,شكوى إشغال طريق,شكوى,مكتب خدمة العملاء,مرفوض,9.0,,لا
MKC-2028197,2023-08-03,2023-08-05,جرول,شكوى نظافة عامة,شكوى,المركز الموحد 940,مغلق - تم الحل,2.0,5.0,لا
MKC-2024586,2023-08-03,2023-08-08,الكعكية,شكوى صرف صحي,شكوى,المركز الموحد 940,محول لجهة أخرى,5.0,,لا
MKC-2026964,2023-08-03,2023-08-05,الشوقية,شكوى إنارة شوارع,شكوى,تطبيق بلدي,محول لجهة أخرى,2.0,,لا
MKC-2027307,2023-08-03,2023-09-06,الجميزة,ترخيص بناء,طلب ترخيص,تطبيق بلدي,مقبول ومنفذ,34.0,3.0,لا
MKC-2028977,2023-08-03,2023-08-19,النوارية,ترخيص تجاري,طلب ترخيص,تطبيق بلدي,مقبول ومنفذ,16.0,4.0,لا
MKC-2027716,2023-08-03,2023-08-22,العزيزية,ترخيص بناء,طلب ترخيص,المركز الموحد 940,مرفوض,19.0,,لا
MKC-2028314,2023-08-03,2023-09-01,العزيزية,ترخيص بناء,طلب ترخيص,تطبيق بلدي,مقبول ومنفذ,29.0,3.0,لا
MKC-2025032,2023-08-03,2023-09-01,النوارية,ترخيص تجاري,طلب ترخيص,مكتب فرعي بالحي,مرفوض,29.0,,لا
MKC-2024369,2023-08-03,2023-08-12,الشرائع,شكوى مركبات مهملة,شكوى,تطبيق بلدي,مغلق - تم الحل,9.0,3.0,لا
MKC-2026922,2023-08-04,2023-09-02,الشرائع,ترخيص بناء,طلب ترخيص,حساب X (تويتر),مقبول ومنفذ,29.0,3.0,لا
MKC-2024778,2023-08-04,2023-08-15,العتيبية,ترخيص تجاري,طلب ترخيص,تطبيق بلدي,مرفوض,11.0,,لا
MKC-2026246,2023-08-04,2023-08-08,الشرائع,شكوى مخالفة بناء,شكوى,المركز الموحد 940,مغلق - تم الحل,4.0,5.0,لا
MKC-2024294,2023-08-04,2023-08-08,العزيزية,تجديد رخصة تجارية,طلب ترخيص,مكتب خدمة العملاء,مقبول ومنفذ,4.0,3.0,لا
MKC-2026361,2023-08-04,2023-08-06,الشوقية,شكوى نظافة عامة,شكوى,المركز الموحد 940,محول لجهة أخرى,2.0,,لا
MKC-2026673,2023-08-04,2023-09-04,النوارية,ترخيص بناء,طلب ترخيص,المركز الموحد 940,مقبول ومنفذ,31.0,4.0,لا
MKC-2025249,2023-08-04,2023-08-29,الحجون,ترخيص تجاري,طلب ترخيص,المركز الموحد 940,مقبول ومنفذ,25.0,4.0,لا
MKC-2027709,2023-08-05,2023-08-07,النوارية,تجديد رخصة تجارية,طلب ترخيص,مكتب خدمة العملاء,مقبول ومنفذ,2.0,4.0,لا
MKC-2028950,2023-08-05,2023-08-09,الكعكية,شكوى نظافة عامة,شكوى,مكتب خدمة العملاء,مغلق - تم الحل,4.0,4.0,لا
MKC-2023795,2023-08-05,2023-08-18,النسيم,طلب صيانة حديقة/ملعب,طلب صيانة,مكتب خدمة العملاء,قيد المعالجة,13.0,,لا
MKC-2028533,2023-08-05,2023-08-07,العزيزية,شكوى إنارة شوارع,شكوى,مكتب فرعي بالحي,مغلق - تم الحل,2.0,5.0,لا
MKC-2023617,2023-08-05,2023-08-27,النسيم,ترخيص بناء,طلب ترخيص,تطبيق بلدي,مرفوض,22.0,,لا
MKC-2023133,2023-08-05,2023-08-12,العتيبية,شكوى صرف صحي,شكوى,مكتب فرعي بالحي,مغلق - تم الحل,7.0,5.0,لا
MKC-2028312,2023-08-05,2023-08-10,المسفلة,شكوى نظافة عامة,شكوى,تطبيق بلدي,محول لجهة أخرى,5.0,,لا
MKC-2026686,2023-08-06,2023-09-10,جرول,ترخيص بناء,طلب ترخيص,مكتب خدمة العملاء,مقبول ومنفذ,35.0,3.0,لا
MKC-2023655,2023-08-06,2023-08-17,الكعكية,طلب صيانة حديقة/ملعب,طلب صيانة,حساب X (تويتر),مرفوض,11.0,,لا
MKC-2027685,2023-08-06,2023-08-10,الكعكية,طلب صيانة حديقة/ملعب,طلب صيانة,تطبيق بلدي,محول لجهة أخرى,4.0,,لا
MKC-2024726,2023-08-06,2023-08-22,المسفلة,طلب صيانة حديقة/ملعب,طلب صيانة,تطبيق بلدي,مقبول ومنفذ,16.0,4.0,لا
MKC-2024498,2023-08-06,2023-08-10,الشرائع,تجديد رخصة تجارية,طلب ترخيص,تطبيق بلدي,مقبول ومنفذ,4.0,5.0,لا
MKC-2024454,2023-08-06,2023-08-10,النسيم,شكوى باعة متجولين,شكوى,المركز الموحد 940,مغلق - تم الحل,4.0,4.0,لا
MKC-2025087,2023-08-07,2023-08-14,الكعكية,تجديد رخصة تجارية,طلب ترخيص,تطبيق بلدي,مقبول ومنفذ,7.0,4.0,لا
MKC-2026788,2023-08-07,2023-08-11,الهجرة,شكوى إشغال طريق,شكوى,مكتب خدمة العملاء,مغلق - تم الحل,4.0,4.0,لا
MKC-2026646,2023-08-08,2023-09-01,الهجرة,طلب صيانة حديقة/ملعب,طلب صيانة,المركز الموحد 940,مقبول ومنفذ,24.0,4.0,لا
MKC-2027303,2023-08-08,2023-08-16,بطحاء قريش,شكوى مخالفة بناء,شكوى,تطبيق بلدي,محول لجهة أخرى,8.0,,لا
MKC-2024754,2023-08-08,2023-08-10,الحجون,شكوى مركبات مهملة,شكوى,مكتب خدمة العملاء,مغلق - تم الحل,2.0,5.0,لا
MKC-2028078,2023-08-08,2023-08-25,العزيزية,طلب صيانة حديقة/ملعب,طلب صيانة,مكتب خدمة العملاء,محول لجهة أخرى,17.0,,لا
MKC-2028482,2023-08-08,2023-08-24,الكعكية,ترخيص تجاري,طلب ترخيص,تطبيق بلدي,مقبول ومنفذ,16.0,2.0,لا
MKC-2028552,2023-08-08,2023-08-12,الشوقية,شكوى باعة متجولين,شكوى,تطبيق بلدي,مرفوض,4.0,,لا
MKC-2025609,2023-08-09,2023-08-22,جرول,طلب صيانة حديقة/ملعب,طلب صيانة,حساب X (تويتر),مقبول ومنفذ,13.0,4.0,لا
MKC-2026335,2023-08-09,2023-08-23,النسيم,شكوى مركبات مهملة,شكوى,تطبيق بلدي,مغلق - تم الحل,14.0,4.0,لا
MKC-2028768,2023-08-09,,الرصيفة,شكوى نظافة عامة,شكوى,مكتب خدمة العملاء,قيد المعالجة,,,لا
MKC-2025783,2023-08-09,2023-08-26,الرصيفة,ترخيص بناء,طلب ترخيص,المركز الموحد 940,مرفوض,17.0,,لا
MKC-2028818,2023-08-09,2023-08-17,العزيزية,شكوى مخالفة بناء,شكوى,مكتب خدمة العملاء,محول لجهة أخرى,8.0,,لا
MKC-2024926,2023-08-10,2023-08-14,بطحاء قريش,طلب صيانة حديقة/ملعب,طلب صيانة,مكتب فرعي بالحي,مقبول ومنفذ,4.0,4.0,لا
MKC-2026290,2023-08-10,2023-08-17,الرصيفة,طلب صيانة حديقة/ملعب,طلب صيانة,تطبيق بلدي,مرفوض,7.0,,لا
MKC-2028447,2023-08-10,2023-08-19,جرول,تجديد رخصة تجارية,طلب ترخيص,المركز الموحد 940,مقبول ومنفذ,9.0,2.0,لا
MKC-2024702,2023-08-10,2023-08-19,الكعكية,شكوى إشغال طريق,شكوى,تطبيق بلدي,محول لجهة أخرى,9.0,,لا
MKC-2025314,2023-08-10,2023-08-12,النسيم,شكوى باعة متجولين,شكوى,حساب X (تويتر),محول لجهة أخرى,2.0,,لا
MKC-2026210,2023-08-10,2023-08-16,الرصيفة,طلب صيانة حديقة/ملعب,طلب صيانة,المركز الموحد 940,محول لجهة أخرى,6.0,,لا
MKC-2025174,2023-08-10,2023-08-14,العزيزية,شكوى باعة متجولين,شكوى,حساب X (تويتر),مغلق - تم الحل,4.0,4.0,لا
MKC-2026152,2023-08-11,2023-08-31,جرول,ترخيص تجاري,طلب ترخيص,مكتب خدمة العملاء,مقبول ومنفذ,20.0,5.0,لا
MKC-2025797,2023-08-11,2023-08-24,العزيزية,ترخيص لافتات إعلانية,طلب ترخيص,حساب X (تويتر),مرفوض,13.0,,لا
MKC-2027998,2023-08-11,2023-08-22,الكعكية,شكوى إنارة شوارع,شكوى,تطبيق بلدي,مغلق - تم الحل,11.0,4.0,لا
MKC-2024140,2023-08-11,2023-08-25,الزاهر,طلب صيانة حديقة/ملعب,طلب صيانة,تطبيق بلدي,مقبول ومنفذ,14.0,5.0,لا
MKC-2028419,2023-08-11,2023-08-13,العزيزية,شكوى نظافة عامة,شكوى,تطبيق بلدي,مغلق - تم الحل,2.0,4.0,لا
MKC-2028406,2023-08-12,2023-08-23,الزاهر,شكوى مركبات مهملة,شكوى,حساب X (تويتر),مغلق - تم الحل,11.0,4.0,لا
MKC-2025775,2023-08-12,2023-09-08,الرصيفة,ترخيص بناء,طلب ترخيص,مكتب خدمة العملاء,مقبول ومنفذ,27.0,3.0,لا
MKC-2026216,2023-08-12,2023-09-01,العتيبية,شكوى مخالفة بناء,شكوى,مكتب فرعي بالحي,مغلق - تم الحل,20.0,3.0,لا
MKC-2023021,2023-08-12,2023-08-17,أجياد,شكوى إنارة شوارع,شكوى,مكتب خدمة العملاء,قيد المعالجة,5.0,,لا
MKC-2025722,2023-08-13,2023-08-17,الحجون,شكوى صرف صحي,شكوى,مكتب فرعي بالحي,مغلق - تم الحل,4.0,4.0,لا
MKC-2027281,2023-08-13,2023-08-19,الحجون,شكوى نظافة عامة,شكوى,مكتب خدمة العملاء,مغلق - تم الحل,6.0,4.0,لا
MKC-2026238,2023-08-13,2023-08-17,الزاهر,شكوى نظافة عامة,شكوى,تطبيق بلدي,مغلق - تم الحل,4.0,4.0,لا
MKC-2027031,2023-08-13,2023-08-27,الكعكية,ترخيص بناء,طلب ترخيص,حساب X (تويتر),مقبول ومنفذ,14.0,3.0,لا
MKC-2027993,2023-08-13,2023-08-21,الشوقية,تجديد رخصة تجارية,طلب ترخيص,مكتب خدمة العملاء,مقبول ومنفذ,8.0,4.0,لا
MKC-2027544,2023-08-13,2023-09-11,الرصيفة,شكوى مخالفة بناء,شكوى,مكتب خدمة العملاء,محول لجهة أخرى,29.0,,لا
MKC-2025086,2023-08-13,2023-09-07,جرول,ترخيص تجاري,طلب ترخيص,المركز الموحد 940,مقبول ومنفذ,25.0,2.0,لا
MKC-2025220,2023-08-13,2023-08-21,الجميزة,شكوى إشغال طريق,شكوى,تطبيق بلدي,مغلق - تم الحل,8.0,3.0,لا
MKC-2027001,2023-08-14,2023-08-17,الششة,شكوى نظافة عامة,شكوى,مكتب فرعي بالحي,مغلق - تم الحل,3.0,4.0,لا
MKC-2027211,2023-08-14,2023-08-20,جرول,شكوى مركبات مهملة,شكوى,تطبيق بلدي,مرفوض,6.0,,لا
MKC-2026355,2023-08-14,2023-08-27,العتيبية,شكوى مركبات مهملة,شكوى,مكتب خدمة العملاء,مغلق - تم الحل,13.0,4.0,لا
MKC-2028334,2023-08-15,2023-08-26,أجياد,ترخيص بناء,طلب ترخيص,تطبيق بلدي,مقبول ومنفذ,11.0,3.0,لا
MKC-2024244,2023-08-15,2023-08-18,الرصيفة,تجديد رخصة تجارية,طلب ترخيص,مكتب خدمة العملاء,مقبول ومنفذ,3.0,4.0,لا
MKC-2027495,2023-08-15,2023-08-29,الشوقية,ترخيص لافتات إعلانية,طلب ترخيص,تطبيق بلدي,مرفوض,14.0,,لا
MKC-2028067,2023-08-15,2023-08-22,العتيبية,تجديد رخصة تجارية,طلب ترخيص,المركز الموحد 940,مرفوض,7.0,,لا
MKC-2024526,2023-08-15,2023-09-07,العتيبية,ترخيص تجاري,طلب ترخيص,تطبيق بلدي,محول لجهة أخرى,23.0,,لا
MKC-2028430,2023-08-15,,الزاهر,شكوى مخالفة بناء,شكوى,مكتب خدمة العملاء,قيد المعالجة,,,لا
MKC-2025392,2023-08-16,2023-09-04,جرول,طلب صيانة حديقة/ملعب,طلب صيانة,تطبيق بلدي,مقبول ومنفذ,19.0,4.0,لا
MKC-2024280,2023-08-16,2023-08-20,أجياد,شكوى نظافة عامة,شكوى,مكتب فرعي بالحي,محول لجهة أخرى,4.0,,لا
MKC-2027394,2023-08-16,,المسفلة,شكوى نظافة عامة,شكوى,حساب X (تويتر),قيد المعالجة,,,لا
MKC-2028766,2023-08-16,2023-08-19,الششة,شكوى نظافة عامة,شكوى,تطبيق بلدي,مقبول ومنفذ,3.0,5.0,لا
MKC-2024923,2023-08-17,2023-08-26,الرصيفة,شكوى إشغال طريق,شكوى,مكتب فرعي بالحي,محول لجهة أخرى,9.0,,لا
MKC-2026670,2023-08-17,2023-08-26,جرول,تجديد رخصة تجارية,طلب ترخيص,تطبيق بلدي,مرفوض,9.0,,لا
MKC-2028653,2023-08-17,2023-08-24,الهجرة,تجديد رخصة تجارية,طلب ترخيص,مكتب فرعي بالحي,محول لجهة أخرى,7.0,,لا
MKC-2025090,2023-08-18,2023-08-19,الرصيفة,شكوى نظافة عامة,شكوى,تطبيق بلدي,مغلق - تم الحل,1.0,3.0,لا
MKC-2023498,2023-08-18,2023-08-24,الهجرة,شكوى إشغال طريق,شكوى,تطبيق بلدي,مرفوض,6.0,,لا
MKC-2024542,2023-08-18,2023-09-10,الزاهر,ترخيص بناء,طلب ترخيص,حساب X (تويتر),مقبول ومنفذ,23.0,3.0,لا
MKC-2024242,2023-08-18,2023-09-11,الرصيفة,شكوى مخالفة بناء,شكوى,مكتب فرعي بالحي,مغلق - تم الحل,24.0,3.0,لا
MKC-2027958,2023-08-18,2023-08-22,الشرائع,شكوى باعة متجولين,شكوى,تطبيق بلدي,مغلق - تم الحل,4.0,5.0,لا
MKC-2025744,2023-08-18,2023-08-21,النوارية,تجديد رخصة تجارية,طلب ترخيص,مكتب خدمة العملاء,مقبول ومنفذ,3.0,5.0,لا
MKC-2028672,2023-08-19,2023-09-11,جرول,ترخيص بناء,طلب ترخيص,المركز الموحد 940,محول لجهة أخرى,23.0,,لا
MKC-2023785,2023-08-19,2023-09-09,الكعكية,طلب صيانة حديقة/ملعب,طلب صيانة,مكتب خدمة العملاء,مقبول ومنفذ,21.0,5.0,لا
MKC-2024424,2023-08-19,2023-09-03,العزيزية,طلب صيانة حديقة/ملعب,طلب صيانة,مكتب خدمة العملاء,محول لجهة أخرى,15.0,,لا
MKC-2023096,2023-08-19,,العتيبية,ترخيص تجاري,طلب ترخيص,المركز الموحد 940,قيد المعالجة,,,لا
MKC-2028505,2023-08-19,2023-08-24,الجميزة,شكوى باعة متجولين,شكوى,مكتب خدمة العملاء,مغلق - تم الحل,5.0,2.0,لا
MKC-2027879,2023-08-20,,العزيزية,شكوى نظافة عامة,شكوى,تطبيق بلدي,قيد المعالجة,,,لا
MKC-2028093,2023-08-21,2023-08-26,الششة,تجديد رخصة تجارية,طلب ترخيص,مكتب فرعي بالحي,مقبول ومنفذ,5.0,5.0,لا
MKC-2027936,2023-08-21,2023-09-03,الشوقية,ترخيص لافتات إعلانية,طلب ترخيص,تطبيق بلدي,قيد المعالجة,13.0,,لا
MKC-2027573,2023-08-21,2023-09-03,الجميزة,شكوى مخالفة بناء,شكوى,تطبيق بلدي,مغلق - تم الحل,13.0,4.0,لا
MKC-2028561,2023-08-21,2023-08-26,بطحاء قريش,شكوى صرف صحي,شكوى,تطبيق بلدي,مغلق - تم الحل,5.0,4.0,لا
MKC-2028358,2023-08-21,2023-09-13,النوارية,شكوى مخالفة بناء,شكوى,مكتب خدمة العملاء,مقبول ومنفذ,23.0,4.0,لا
MKC-2026177,2023-08-21,2023-09-12,الحجون,ترخيص تجاري,طلب ترخيص,المركز الموحد 940,مرفوض,22.0,,لا
MKC-2023372,2023-08-21,2023-08-30,الزاهر,شكوى إنارة شوارع,شكوى,تطبيق بلدي,مغلق - تم الحل,9.0,4.0,لا
MKC-2026443,2023-08-21,2023-08-22,جرول,شكوى باعة متجولين,شكوى,تطبيق بلدي,مغلق - تم الحل,1.0,3.0,لا
MKC-2027752,2023-08-21,2023-09-23,جرول,ترخيص بناء,طلب ترخيص,تطبيق بلدي,محول لجهة أخرى,33.0,,لا
MKC-2023679,2023-08-22,2023-08-28,الزاهر,شكوى صرف صحي,شكوى,مكتب خدمة العملاء,مغلق - تم الحل,6.0,3.0,لا
MKC-2025928,2023-08-22,2023-08-26,الرصيفة,شكوى نظافة عامة,شكوى,تطبيق بلدي,مغلق - تم الحل,4.0,3.0,لا
MKC-2023525,2023-08-22,2023-08-26,الشرائع,شكوى باعة متجولين,شكوى,مكتب خدمة العملاء,مغلق - تم الحل,4.0,3.0,لا
MKC-2026616,2023-08-22,2023-08-25,جرول,شكوى باعة متجولين,شكوى,تطبيق بلدي,محول لجهة أخرى,3.0,,لا
MKC-2025374,2023-08-22,2023-10-02,الهجرة,ترخيص بناء,طلب ترخيص,تطبيق بلدي,مرفوض,41.0,,لا
MKC-2027539,2023-08-23,2023-08-30,جرول,شكوى مركبات مهملة,شكوى,المركز الموحد 940,مرفوض,7.0,,لا
MKC-2028166,2023-08-23,2023-08-26,الهجرة,شكوى باعة متجولين,شكوى,مكتب فرعي بالحي,مقبول ومنفذ,3.0,4.0,لا
MKC-2028824,2023-08-23,2023-08-28,الرصيفة,تجديد رخصة تجارية,طلب ترخيص,المركز الموحد 940,مقبول ومنفذ,5.0,4.0,لا
MKC-2028483,2023-08-23,2023-09-06,العزيزية,شكوى إنارة شوارع,شكوى,المركز الموحد 940,مغلق - تم الحل,14.0,4.0,لا
MKC-2027048,2023-08-23,2023-09-20,أجياد,ترخيص تجاري,طلب ترخيص,مكتب خدمة العملاء,مرفوض,28.0,,لا
MKC-2026334,2023-08-23,2023-09-04,بطحاء قريش,شكوى إنارة شوارع,شكوى,المركز الموحد 940,مغلق - تم الحل,12.0,3.0,لا
MKC-2023568,2023-08-23,2023-08-25,النسيم,شكوى إشغال طريق,شكوى,تطبيق بلدي,مغلق - تم الحل,2.0,5.0,لا
MKC-2026852,2023-08-23,2023-09-21,العزيزية,ترخيص تجاري,طلب ترخيص,تطبيق بلدي,مقبول ومنفذ,29.0,2.0,لا
MKC-2028985,2023-08-23,2023-08-26,جرول,شكوى مخالفة بناء,شكوى,تطبيق بلدي,محول لجهة أخرى,3.0,,لا
MKC-2024027,2023-08-23,2023-08-26,العزيزية,شكوى إنارة شوارع,شكوى,مكتب خدمة العملاء,مغلق - تم الحل,3.0,4.0,لا
MKC-2023314,2023-08-23,,الششة,تجديد رخصة تجارية,طلب ترخيص,مكتب خدمة العملاء,قيد المعالجة,,,لا
MKC-2025368,2023-08-23,2023-08-27,الشوقية,تجديد رخصة تجارية,طلب ترخيص,حساب X (تويتر),مقبول ومنفذ,4.0,3.0,لا
MKC-2024177,2023-08-24,2023-09-13,الجميزة,طلب صيانة حديقة/ملعب,طلب صيانة,تطبيق بلدي,مقبول ومنفذ,20.0,5.0,لا
MKC-2023313,2023-08-24,2023-09-02,أجياد,شكوى إشغال طريق,شكوى,تطبيق بلدي,مقبول ومنفذ,9.0,4.0,لا
MKC-2025238,2023-08-25,2023-09-09,العتيبية,شكوى مخالفة بناء,شكوى,تطبيق بلدي,مرفوض,15.0,,لا
MKC-2025522,2023-08-25,2023-08-26,النسيم,شكوى إشغال طريق,شكوى,تطبيق بلدي,مغلق - تم الحل,1.0,4.0,لا
MKC-2024973,2023-08-25,2023-09-10,الهجرة,ترخيص بناء,طلب ترخيص,المركز الموحد 940,مقبول ومنفذ,16.0,4.0,لا
MKC-2025242,2023-08-25,,بطحاء قريش,شكوى إشغال طريق,شكوى,المركز الموحد 940,قيد المعالجة,,,لا
MKC-2028948,2023-08-25,2023-08-31,الحجون,شكوى نظافة عامة,شكوى,مكتب فرعي بالحي,محول لجهة أخرى,6.0,,لا
MKC-2025474,2023-08-25,2023-08-29,أجياد,طلب صيانة حديقة/ملعب,طلب صيانة,حساب X (تويتر),مقبول ومنفذ,4.0,3.0,لا
MKC-2028264,2023-08-25,2023-09-26,الكعكية,ترخيص بناء,طلب ترخيص,مكتب خدمة العملاء,مرفوض,32.0,,لا
MKC-2024553,2023-08-26,2023-09-03,الشرائع,تجديد رخصة تجارية,طلب ترخيص,المركز الموحد 940,مرفوض,8.0,,لا
MKC-2028538,2023-08-26,2023-09-01,الزاهر,شكوى مخالفة بناء,شكوى,مكتب خدمة العملاء,محول لجهة أخرى,6.0,,لا
MKC-2025337,2023-08-26,2023-09-07,الرصيفة,شكوى مخالفة بناء,شكوى,تطبيق بلدي,مغلق - تم الحل,12.0,3.0,لا
MKC-2027080,2023-08-26,2023-09-08,المسفلة,شكوى مركبات مهملة,شكوى,مكتب خدمة العملاء,محول لجهة أخرى,13.0,,لا
MKC-2028679,2023-08-26,2023-08-31,جرول,شكوى صرف صحي,شكوى,المركز الموحد 940,مغلق - تم الحل,5.0,4.0,لا
MKC-2024347,2023-08-26,2023-09-01,الحجون,شكوى مخالفة بناء,شكوى,حساب X (تويتر),محول لجهة أخرى,6.0,,لا
MKC-2023931,2023-08-27,2023-09-07,العتيبية,شكوى إنارة شوارع,شكوى,مكتب خدمة العملاء,محول لجهة أخرى,11.0,,لا
MKC-2023165,2023-08-27,2023-09-12,الشوقية,ترخيص تجاري,طلب ترخيص,المركز الموحد 940,مرفوض,16.0,,لا
MKC-2023010,2023-08-27,2023-09-12,الشرائع,ترخيص بناء,طلب ترخيص,تطبيق بلدي,مقبول ومنفذ,16.0,4.0,لا
MKC-2026870,2023-08-27,2023-09-24,الشوقية,شكوى مخالفة بناء,شكوى,المركز الموحد 940,مغلق - تم الحل,28.0,4.0,لا
MKC-2023033,2023-08-27,2023-09-09,الرصيفة,ترخيص تجاري,طلب ترخيص,المركز الموحد 940,مقبول ومنفذ,13.0,3.0,لا
MKC-2027410,2023-08-27,2023-09-07,الشرائع,طلب صيانة حديقة/ملعب,طلب صيانة,المركز الموحد 940,مقبول ومنفذ,11.0,5.0,لا
MKC-2027966,2023-08-27,2023-09-01,الكعكية,شكوى إشغال طريق,شكوى,المركز الموحد 940,مغلق - تم الحل,5.0,4.0,لا
MKC-2024502,2023-08-27,2023-08-29,أجياد,شكوى إنارة شوارع,شكوى,تطبيق بلدي,مقبول ومنفذ,2.0,4.0,لا
MKC-2023521,2023-08-28,2023-09-11,العزيزية,طلب صيانة حديقة/ملعب,طلب صيانة,مكتب خدمة العملاء,مقبول ومنفذ,14.0,5.0,لا
MKC-2024626,2023-08-28,2023-09-18,الحجون,ترخيص بناء,طلب ترخيص,مكتب خدمة العملاء,مقبول ومنفذ,21.0,4.0,لا
MKC-2027433,2023-08-28,2023-09-05,الشوقية,تجديد رخصة تجارية,طلب ترخيص,مكتب خدمة العملاء,مغلق - تم الحل,8.0,4.0,لا
MKC-2026984,2023-08-28,2023-08-29,الرصيفة,شكوى نظافة عامة,شكوى,مكتب فرعي بالحي,مغلق - تم الحل,1.0,4.0,لا
MKC-2025838,2023-08-28,2023-09-04,الكعكية,تجديد رخصة تجارية,طلب ترخيص,تطبيق بلدي,مقبول ومنفذ,7.0,3.0,لا
MKC-2028681,2023-08-29,2023-10-02,العتيبية,ترخيص بناء,طلب ترخيص,تطبيق بلدي,مقبول ومنفذ,34.0,4.0,لا
MKC-2023633,2023-08-29,2023-09-02,الشرائع,شكوى نظافة عامة,شكوى,حساب X (تويتر),مغلق - تم الحل,4.0,3.0,لا
MKC-2024326,2023-08-29,2023-09-26,جرول,ترخيص بناء,طلب ترخيص,مكتب خدمة العملاء,مقبول ومنفذ,28.0,3.0,لا
MKC-2025478,2023-08-29,2023-09-04,جرول,شكوى صرف صحي,شكوى,تطبيق بلدي,مقبول ومنفذ,6.0,4.0,لا
MKC-2023248,2023-08-30,2023-09-19,الششة,ترخيص تجاري,طلب ترخيص,تطبيق بلدي,مرفوض,20.0,,لا
MKC-2024339,2023-08-30,2023-09-04,النسيم,ترخيص لافتات إعلانية,طلب ترخيص,مكتب خدمة العملاء,مرفوض,5.0,,لا
MKC-2026064,2023-08-30,2023-09-25,النسيم,شكوى مخالفة بناء,شكوى,مكتب خدمة العملاء,مغلق - تم الحل,26.0,4.0,لا
MKC-2026904,2023-08-30,2023-09-04,جرول,شكوى باعة متجولين,شكوى,المركز الموحد 940,مقبول ومنفذ,5.0,5.0,لا
MKC-2023186,2023-08-30,2023-09-14,العتيبية,طلب صيانة حديقة/ملعب,طلب صيانة,المركز الموحد 940,مقبول ومنفذ,15.0,3.0,لا
MKC-2023287,2023-08-30,2023-09-03,العزيزية,شكوى نظافة عامة,شكوى,تطبيق بلدي,محول لجهة أخرى,4.0,,لا
MKC-2027703,2023-08-30,2023-09-09,جرول,تجديد رخصة تجارية,طلب ترخيص,مكتب خدمة العملاء,مقبول ومنفذ,10.0,3.0,لا
MKC-2025019,2023-08-30,2023-09-05,بطحاء قريش,شكوى نظافة عامة,شكوى,المركز الموحد 940,مغلق - تم الحل,6.0,5.0,لا
MKC-2027407,2023-08-31,2023-09-17,العزيزية,شكوى مخالفة بناء,شكوى,تطبيق بلدي,مغلق - تم الحل,17.0,3.0,لا
MKC-2028216,2023-08-31,2023-09-04,العتيبية,شكوى باعة متجولين,شكوى,مكتب خدمة العملاء,مغلق - تم الحل,4.0,4.0,لا
MKC-2025545,2023-08-31,2023-10-14,الحجون,ترخيص بناء,طلب ترخيص,حساب X (تويتر),مقبول ومنفذ,44.0,3.0,لا
MKC-2028643,2023-08-31,2023-09-08,الجميزة,تجديد رخصة تجارية,طلب ترخيص,مكتب فرعي بالحي,محول لجهة أخرى,8.0,,لا
MKC-2025331,2023-09-01,2023-09-04,الرصيفة,شكوى نظافة عامة,شكوى,المركز الموحد 940,مغلق - تم الحل,3.0,5.0,لا
MKC-2028995,2023-09-01,2023-09-03,النسيم,شكوى نظافة عامة,شكوى,تطبيق بلدي,مقبول ومنفذ,2.0,3.0,لا
MKC-2024361,2023-09-01,2023-09-04,الشرائع,شكوى نظافة عامة,شكوى,مكتب خدمة العملاء,مغلق - تم الحل,3.0,5.0,لا
MKC-2026139,2023-09-01,2023-09-20,الكعكية,ترخيص بناء,طلب ترخيص,حساب X (تويتر),مرفوض,19.0,,لا
MKC-2023384,2023-09-01,2023-09-12,الكعكية,شكوى صرف صحي,شكوى,المركز الموحد 940,مغلق - تم الحل,11.0,3.0,لا
MKC-2025849,2023-09-01,2023-10-06,الزاهر,ترخيص بناء,طلب ترخيص,تطبيق بلدي,مقبول ومنفذ,35.0,3.0,لا
MKC-2023873,2023-09-02,2023-09-11,الشوقية,تجديد رخصة تجارية,طلب ترخيص,تطبيق بلدي,مقبول ومنفذ,9.0,5.0,لا
MKC-2025537,2023-09-02,2023-09-18,الزاهر,ترخيص تجاري,طلب ترخيص,تطبيق بلدي,مرفوض,16.0,,لا
MKC-2028840,2023-09-02,2023-09-06,الحجون,تجديد رخصة تجارية,طلب ترخيص,تطبيق بلدي,مرفوض,4.0,,لا
MKC-2025027,2023-09-02,2023-09-11,أجياد,شكوى إنارة شوارع,شكوى,المركز الموحد 940,محول لجهة أخرى,9.0,,لا
MKC-2023885,2023-09-02,2023-09-04,المسفلة,شكوى باعة متجولين,شكوى,مكتب خدمة العملاء,مقبول ومنفذ,2.0,4.0,لا
MKC-2028987,2023-09-03,2023-09-06,العزيزية,شكوى صرف صحي,شكوى,مكتب فرعي بالحي,مقبول ومنفذ,3.0,4.0,لا
MKC-2028283,2023-09-03,2023-10-01,الرصيفة,ترخيص تجاري,طلب ترخيص,مكتب خدمة العملاء,مقبول ومنفذ,28.0,3.0,لا
MKC-2024295,2023-09-03,2023-09-05,الهجرة,شكوى نظافة عامة,شكوى,تطبيق بلدي,مغلق - تم الحل,2.0,5.0,لا
MKC-2026029,2023-09-03,2023-09-09,الرصيفة,ترخيص لافتات إعلانية,طلب ترخيص,تطبيق بلدي,مقبول ومنفذ,6.0,4.0,لا
MKC-2024613,2023-09-03,2023-10-09,النوارية,ترخيص بناء,طلب ترخيص,حساب X (تويتر),مقبول ومنفذ,36.0,2.0,لا
MKC-2025252,2023-09-03,2023-09-07,جرول,شكوى مركبات مهملة,شكوى,حساب X (تويتر),مقبول ومنفذ,4.0,4.0,لا
MKC-2027038,2023-09-03,2023-09-18,أجياد,طلب صيانة حديقة/ملعب,طلب صيانة,تطبيق بلدي,مغلق - تم الحل,15.0,3.0,لا
MKC-2025124,2023-09-03,,النوارية,ترخيص تجاري,طلب ترخيص,تطبيق بلدي,قيد المعالجة,,,لا
MKC-2024459,2023-09-03,2023-09-15,الحجون,ترخيص تجاري,طلب ترخيص,تطبيق بلدي,مقبول ومنفذ,12.0,5.0,لا
MKC-2024981,2023-09-03,2023-09-09,الجميزة,شكوى إشغال طريق,شكوى,تطبيق بلدي,محول لجهة أخرى,6.0,,لا
MKC-2025904,2023-09-04,2023-09-06,العزيزية,شكوى إشغال طريق,شكوى,المركز الموحد 940,مغلق - تم الحل,2.0,3.0,لا
MKC-2026668,2023-09-04,2023-09-07,العزيزية,شكوى نظافة عامة,شكوى,تطبيق بلدي,مغلق - تم الحل,3.0,5.0,لا
MKC-2023858,2023-09-04,2023-09-14,الزاهر,شكوى صرف صحي,شكوى,المركز الموحد 940,مقبول ومنفذ,10.0,4.0,لا
MKC-2027425,2023-09-04,2023-09-13,الحجون,تجديد رخصة تجارية,طلب ترخيص,تطبيق بلدي,مرفوض,9.0,,لا
MKC-2026040,2023-09-04,2023-10-17,الكعكية,ترخيص بناء,طلب ترخيص,تطبيق بلدي,مقبول ومنفذ,43.0,4.0,لا
MKC-2023316,2023-09-04,2023-09-23,العتيبية,شكوى مركبات مهملة,شكوى,تطبيق بلدي,مغلق - تم الحل,19.0,5.0,لا
MKC-2023093,2023-09-05,2023-09-12,الجميزة,شكوى صرف صحي,شكوى,المركز الموحد 940,مقبول ومنفذ,7.0,3.0,لا
MKC-2028739,2023-09-05,2023-09-13,الكعكية,شكوى إنارة شوارع,شكوى,تطبيق بلدي,مغلق - تم الحل,8.0,4.0,لا
MKC-2025850,2023-09-05,2023-09-08,النسيم,شكوى إشغال طريق,شكوى,حساب X (تويتر),مغلق - تم الحل,3.0,5.0,لا
MKC-2024271,2023-09-05,2023-09-07,جرول,تجديد رخصة تجارية,طلب ترخيص,حساب X (تويتر),مقبول ومنفذ,2.0,4.0,لا
MKC-2026523,2023-09-05,2023-10-08,العزيزية,ترخيص بناء,طلب ترخيص,مكتب خدمة العملاء,محول لجهة أخرى,33.0,,لا
MKC-2025691,2023-09-06,2023-09-16,الكعكية,شكوى صرف صحي,شكوى,تطبيق بلدي,مقبول ومنفذ,10.0,4.0,لا
MKC-2027446,2023-09-06,,العزيزية,شكوى مركبات مهملة,شكوى,المركز الموحد 940,قيد المعالجة,,,لا
MKC-2026689,2023-09-06,2023-09-11,العزيزية,تجديد رخصة تجارية,طلب ترخيص,تطبيق بلدي,مرفوض,5.0,,لا
MKC-2028274,2023-09-06,2023-09-13,النسيم,شكوى نظافة عامة,شكوى,تطبيق بلدي,مغلق - تم الحل,7.0,3.0,لا
MKC-2028751,2023-09-07,2023-09-24,الرصيفة,طلب صيانة حديقة/ملعب,طلب صيانة,تطبيق بلدي,مقبول ومنفذ,17.0,5.0,لا
MKC-2024711,2023-09-07,2023-09-15,الششة,شكوى إنارة شوارع,شكوى,تطبيق بلدي,مغلق - تم الحل,8.0,4.0,لا
MKC-2023378,2023-09-07,2023-09-10,العتيبية,شكوى نظافة عامة,شكوى,تطبيق بلدي,مغلق - تم الحل,3.0,5.0,لا
MKC-2027143,2023-09-07,2023-09-15,الزاهر,تجديد رخصة تجارية,طلب ترخيص,المركز الموحد 940,محول لجهة أخرى,8.0,,لا
MKC-2025485,2023-09-07,2023-09-13,الحجون,شكوى نظافة عامة,شكوى,المركز الموحد 940,مغلق - تم الحل,6.0,4.0,لا
MKC-2025900,2023-09-08,2023-09-11,الكعكية,تجديد رخصة تجارية,طلب ترخيص,مكتب فرعي بالحي,مرفوض,3.0,,لا
MKC-2027236,2023-09-08,2023-09-24,أجياد,شكوى مخالفة بناء,شكوى,تطبيق بلدي,مغلق - تم الحل,16.0,2.0,لا
MKC-2028402,2023-09-08,2023-09-10,النسيم,تجديد رخصة تجارية,طلب ترخيص,حساب X (تويتر),مرفوض,2.0,,لا
MKC-2024213,2023-09-09,2023-09-14,الشرائع,شكوى باعة متجولين,شكوى,تطبيق بلدي,مغلق - تم الحل,5.0,4.0,لا
MKC-2025789,2023-09-09,2023-09-28,الزاهر,شكوى مخالفة بناء,شكوى,تطبيق بلدي,مغلق - تم الحل,19.0,4.0,لا
MKC-2028970,2023-09-09,2023-09-23,الشرائع,ترخيص بناء,طلب ترخيص,المركز الموحد 940,مقبول ومنفذ,14.0,5.0,لا
MKC-2028181,2023-09-09,2023-10-03,جرول,طلب صيانة حديقة/ملعب,طلب صيانة,تطبيق بلدي,مرفوض,24.0,,لا
MKC-2028581,2023-09-09,2023-10-03,الشرائع,طلب صيانة حديقة/ملعب,طلب صيانة,المركز الموحد 940,مقبول ومنفذ,24.0,4.0,لا
MKC-2027123,2023-09-09,2023-09-13,النسيم,شكوى نظافة عامة,شكوى,مكتب خدمة العملاء,مرفوض,4.0,,لا
MKC-2025125,2023-09-09,2023-09-13,العزيزية,شكوى نظافة عامة,شكوى,تطبيق بلدي,مغلق - تم الحل,4.0,4.0,لا
MKC-2023306,2023-09-09,2023-09-23,الشوقية,شكوى مخالفة بناء,شكوى,تطبيق بلدي,مقبول ومنفذ,14.0,3.0,لا
MKC-2025312,2023-09-09,2023-09-22,الهجرة,ترخيص لافتات إعلانية,طلب ترخيص,المركز الموحد 940,مقبول ومنفذ,13.0,4.0,لا
MKC-2023733,2023-09-09,2023-09-18,الجميزة,شكوى إشغال طريق,شكوى,حساب X (تويتر),مغلق - تم الحل,9.0,4.0,لا
MKC-2028420,2023-09-09,2023-09-11,أجياد,شكوى باعة متجولين,شكوى,تطبيق بلدي,مغلق - تم الحل,2.0,4.0,لا
MKC-2026913,2023-09-10,2023-09-25,الكعكية,شكوى مخالفة بناء,شكوى,تطبيق بلدي,مرفوض,15.0,,لا
MKC-2024423,2023-09-10,2023-09-24,المسفلة,شكوى مخالفة بناء,شكوى,تطبيق بلدي,مغلق - تم الحل,14.0,3.0,لا
MKC-2025244,2023-09-10,2023-09-16,الهجرة,شكوى إشغال طريق,شكوى,حساب X (تويتر),محول لجهة أخرى,6.0,,لا
MKC-2028391,2023-09-11,2023-09-16,النوارية,شكوى باعة متجولين,شكوى,مكتب فرعي بالحي,محول لجهة أخرى,5.0,,لا
MKC-2027912,2023-09-11,2023-10-05,العتيبية,شكوى مخالفة بناء,شكوى,المركز الموحد 940,مقبول ومنفذ,24.0,4.0,لا
MKC-2027878,2023-09-11,2023-09-26,الزاهر,طلب صيانة حديقة/ملعب,طلب صيانة,مكتب خدمة العملاء,مقبول ومنفذ,15.0,4.0,لا
MKC-2026575,2023-09-11,2023-09-28,العتيبية,شكوى مخالفة بناء,شكوى,تطبيق بلدي,محول لجهة أخرى,17.0,,لا
MKC-2023046,2023-09-11,2023-09-14,النوارية,شكوى إشغال طريق,شكوى,المركز الموحد 940,محول لجهة أخرى,3.0,,لا
MKC-2026195,2023-09-12,2023-09-24,العزيزية,ترخيص لافتات إعلانية,طلب ترخيص,مكتب خدمة العملاء,مقبول ومنفذ,12.0,5.0,لا
MKC-2025702,2023-09-12,2023-09-18,الهجرة,تجديد رخصة تجارية,طلب ترخيص,المركز الموحد 940,مقبول ومنفذ,6.0,4.0,لا
MKC-2025248,2023-09-12,2023-09-23,الرصيفة,ترخيص بناء,طلب ترخيص,مكتب خدمة العملاء,مرفوض,11.0,,لا
MKC-2023532,2023-09-12,2023-10-06,الشرائع,طلب صيانة حديقة/ملعب,طلب صيانة,تطبيق بلدي,مقبول ومنفذ,24.0,3.0,لا
MKC-2027920,2023-09-13,2023-09-21,الششة,شكوى إشغال طريق,شكوى,مكتب خدمة العملاء,مغلق - تم الحل,8.0,4.0,لا
MKC-2026647,2023-09-13,2023-10-06,بطحاء قريش,ترخيص بناء,طلب ترخيص,تطبيق بلدي,مقبول ومنفذ,23.0,4.0,لا
MKC-2024299,2023-09-13,2023-09-29,الرصيفة,شكوى مركبات مهملة,شكوى,المركز الموحد 940,مغلق - تم الحل,16.0,3.0,لا
MKC-2025074,2023-09-13,2023-09-15,الحجون,شكوى إشغال طريق,شكوى,حساب X (تويتر),مقبول ومنفذ,2.0,5.0,لا
MKC-2026586,2023-09-14,2023-09-16,الشوقية,شكوى صرف صحي,شكوى,مكتب فرعي بالحي,محول لجهة أخرى,2.0,,لا
MKC-2024107,2023-09-14,2023-09-25,أجياد,شكوى صرف صحي,شكوى,تطبيق بلدي,مغلق - تم الحل,11.0,5.0,لا
MKC-2026815,2023-09-14,2023-09-16,الششة,شكوى نظافة عامة,شكوى,تطبيق بلدي,محول لجهة أخرى,2.0,,لا
MKC-2027140,2023-09-14,2023-09-15,النوارية,شكوى إشغال طريق,شكوى,المركز الموحد 940,مقبول ومنفذ,1.0,5.0,لا
MKC-2026097,2023-09-14,2023-09-19,الزاهر,شكوى نظافة عامة,شكوى,تطبيق بلدي,محول لجهة أخرى,5.0,,لا
MKC-2026853,2023-09-14,2023-09-15,الكعكية,شكوى باعة متجولين,شكوى,حساب X (تويتر),مغلق - تم الحل,1.0,3.0,لا
MKC-2024545,2023-09-15,,العزيزية,ترخيص بناء,طلب ترخيص,تطبيق بلدي,قيد المعالجة,,,لا
MKC-2028640,2023-09-15,2023-09-18,جرول,شكوى إنارة شوارع,شكوى,المركز الموحد 940,مغلق - تم الحل,3.0,4.0,لا
MKC-2026498,2023-09-15,2023-10-01,الجميزة,ترخيص تجاري,طلب ترخيص,تطبيق بلدي,مقبول ومنفذ,16.0,4.0,لا
MKC-2025080,2023-09-15,2023-09-17,العزيزية,شكوى إشغال طريق,شكوى,مكتب خدمة العملاء,مغلق - تم الحل,2.0,5.0,لا
MKC-2024286,2023-09-15,2023-09-23,النسيم,ترخيص تجاري,طلب ترخيص,تطبيق بلدي,مغلق - تم الحل,8.0,3.0,لا
MKC-2024425,2023-09-15,,الهجرة,شكوى مركبات مهملة,شكوى,حساب X (تويتر),قيد المعالجة,,,لا
MKC-2027070,2023-09-16,2023-10-22,العزيزية,ترخيص بناء,طلب ترخيص,مكتب خدمة العملاء,مقبول ومنفذ,36.0,4.0,لا
MKC-2024191,2023-09-16,2023-09-17,العزيزية,شكوى باعة متجولين,شكوى,مكتب فرعي بالحي,محول لجهة أخرى,1.0,,لا
MKC-2023675,2023-09-16,2023-10-17,الزاهر,ترخيص بناء,طلب ترخيص,حساب X (تويتر),مقبول ومنفذ,31.0,2.0,لا
MKC-2024005,2023-09-16,2023-09-20,الشرائع,شكوى إشغال طريق,شكوى,حساب X (تويتر),مقبول ومنفذ,4.0,5.0,لا
MKC-2024310,2023-09-16,2023-09-22,جرول,شكوى صرف صحي,شكوى,تطبيق بلدي,مقبول ومنفذ,6.0,4.0,لا
MKC-2027035,2023-09-16,2023-09-26,الشوقية,شكوى صرف صحي,شكوى,المركز الموحد 940,مقبول ومنفذ,10.0,5.0,لا
MKC-2025162,2023-09-16,2023-09-24,الكعكية,شكوى صرف صحي,شكوى,مكتب خدمة العملاء,مغلق - تم الحل,8.0,4.0,لا
MKC-2026349,2023-09-16,2023-09-24,النسيم,تجديد رخصة تجارية,طلب ترخيص,المركز الموحد 940,مقبول ومنفذ,8.0,5.0,لا
MKC-2023546,2023-09-16,2023-09-18,الزاهر,شكوى إنارة شوارع,شكوى,مكتب خدمة العملاء,قيد المعالجة,2.0,,لا
MKC-2025662,2023-09-17,2023-09-21,الشرائع,شكوى صرف صحي,شكوى,مكتب فرعي بالحي,مغلق - تم الحل,4.0,4.0,لا
MKC-2023886,2023-09-17,2023-09-26,الزاهر,ترخيص لافتات إعلانية,طلب ترخيص,تطبيق بلدي,مقبول ومنفذ,9.0,3.0,لا
MKC-2025025,2023-09-17,2023-09-21,الكعكية,تجديد رخصة تجارية,طلب ترخيص,حساب X (تويتر),مغلق - تم الحل,4.0,4.0,لا
MKC-2023738,2023-09-17,2023-09-24,الكعكية,شكوى نظافة عامة,شكوى,تطبيق بلدي,محول لجهة أخرى,7.0,,لا
MKC-2025698,2023-09-17,2023-10-07,الهجرة,شكوى مركبات مهملة,شكوى,تطبيق بلدي,محول لجهة أخرى,20.0,,لا
MKC-2026020,2023-09-17,2023-09-25,الرصيفة,شكوى إشغال طريق,شكوى,مكتب فرعي بالحي,محول لجهة أخرى,8.0,,لا
MKC-2025728,2023-09-17,2023-09-22,الشرائع,شكوى نظافة عامة,شكوى,حساب X (تويتر),محول لجهة أخرى,5.0,,لا
MKC-2028937,2023-09-17,2023-09-20,الهجرة,شكوى باعة متجولين,شكوى,تطبيق بلدي,مغلق - تم الحل,3.0,5.0,لا
MKC-2027888,2023-09-17,2023-09-24,الرصيفة,شكوى إشغال طريق,شكوى,مكتب خدمة العملاء,مرفوض,7.0,,لا
MKC-2023275,2023-09-17,2023-09-23,الشوقية,شكوى نظافة عامة,شكوى,حساب X (تويتر),محول لجهة أخرى,6.0,,لا
MKC-2023846,2023-09-18,2023-09-21,العزيزية,شكوى نظافة عامة,شكوى,مكتب خدمة العملاء,مرفوض,3.0,,لا
MKC-2023876,2023-09-18,2023-10-01,العزيزية,شكوى إنارة شوارع,شكوى,المركز الموحد 940,مغلق - تم الحل,13.0,4.0,لا
MKC-2024170,2023-09-18,2023-10-11,الششة,ترخيص بناء,طلب ترخيص,المركز الموحد 940,مقبول ومنفذ,23.0,4.0,لا
MKC-2025656,2023-09-18,,الشرائع,شكوى صرف صحي,شكوى,تطبيق بلدي,قيد المعالجة,,,لا
MKC-2027058,2023-09-18,2023-09-22,بطحاء قريش,شكوى نظافة عامة,شكوى,مكتب خدمة العملاء,محول لجهة أخرى,4.0,,لا
MKC-2024689,2023-09-18,2023-09-22,الشرائع,تجديد رخصة تجارية,طلب ترخيص,مكتب فرعي بالحي,مقبول ومنفذ,4.0,5.0,لا
MKC-2024624,2023-09-18,2023-09-21,العزيزية,تجديد رخصة تجارية,طلب ترخيص,مكتب خدمة العملاء,مرفوض,3.0,,لا
MKC-2027844,2023-09-18,2023-09-25,الزاهر,شكوى نظافة عامة,شكوى,حساب X (تويتر),مغلق - تم الحل,7.0,5.0,لا
MKC-2025565,2023-09-19,2023-10-07,الزاهر,ترخيص تجاري,طلب ترخيص,تطبيق بلدي,محول لجهة أخرى,18.0,,لا
MKC-2024729,2023-09-19,2023-09-27,الكعكية,شكوى مخالفة بناء,شكوى,تطبيق بلدي,محول لجهة أخرى,8.0,,لا
MKC-2026914,2023-09-19,2023-09-22,النوارية,شكوى باعة متجولين,شكوى,مكتب خدمة العملاء,محول لجهة أخرى,3.0,,لا
MKC-2027163,2023-09-19,2023-10-01,الرصيفة,شكوى مخالفة بناء,شكوى,تطبيق بلدي,محول لجهة أخرى,12.0,,لا
MKC-2028315,2023-09-19,2023-10-07,العزيزية,شكوى مركبات مهملة,شكوى,تطبيق بلدي,محول لجهة أخرى,18.0,,لا
MKC-2028799,2023-09-19,2023-09-21,أجياد,شكوى باعة متجولين,شكوى,المركز الموحد 940,مغلق - تم الحل,2.0,4.0,لا
MKC-2026959,2023-09-19,2023-09-21,الرصيفة,شكوى نظافة عامة,شكوى,تطبيق بلدي,مغلق - تم الحل,2.0,4.0,لا
MKC-2023832,2023-09-19,2023-09-23,أجياد,ترخيص لافتات إعلانية,طلب ترخيص,تطبيق بلدي,مرفوض,4.0,,لا
MKC-2027599,2023-09-20,2023-09-22,العزيزية,شكوى نظافة عامة,شكوى,مكتب خدمة العملاء,مغلق - تم الحل,2.0,3.0,لا
MKC-2023219,2023-09-20,2023-09-22,الهجرة,شكوى نظافة عامة,شكوى,تطبيق بلدي,مغلق - تم الحل,2.0,5.0,لا
MKC-2023659,2023-09-20,2023-09-23,المسفلة,شكوى باعة متجولين,شكوى,تطبيق بلدي,مغلق - تم الحل,3.0,4.0,لا
MKC-2024399,2023-09-20,2023-09-24,المسفلة,شكوى باعة متجولين,شكوى,مكتب فرعي بالحي,مغلق - تم الحل,4.0,4.0,لا
MKC-2027505,2023-09-20,2023-10-31,الجميزة,ترخيص بناء,طلب ترخيص,تطبيق بلدي,محول لجهة أخرى,41.0,,لا
MKC-2027319,2023-09-20,2023-10-02,الرصيفة,ترخيص تجاري,طلب ترخيص,مكتب خدمة العملاء,محول لجهة أخرى,12.0,,لا
MKC-2024272,2023-09-20,2023-09-23,الزاهر,تجديد رخصة تجارية,طلب ترخيص,حساب X (تويتر),مقبول ومنفذ,3.0,5.0,لا
MKC-2027771,2023-09-20,2023-09-25,الهجرة,طلب صيانة حديقة/ملعب,طلب صيانة,مكتب فرعي بالحي,مقبول ومنفذ,5.0,5.0,لا
MKC-2025661,2023-09-20,2023-09-27,بطحاء قريش,شكوى مخالفة بناء,شكوى,تطبيق بلدي,مغلق - تم الحل,7.0,5.0,لا
MKC-2023583,2023-09-21,2023-11-03,الرصيفة,ترخيص بناء,طلب ترخيص,تطبيق بلدي,مرفوض,43.0,,لا
MKC-2024186,2023-09-21,2023-09-30,الهجرة,شكوى إشغال طريق,شكوى,مكتب خدمة العملاء,مقبول ومنفذ,9.0,4.0,لا
MKC-2025672,2023-09-21,2023-09-27,الشوقية,شكوى نظافة عامة,شكوى,مكتب خدمة العملاء,مغلق - تم الحل,6.0,4.0,لا
MKC-2028043,2023-09-21,2023-09-25,الشرائع,شكوى باعة متجولين,شكوى,مكتب خدمة العملاء,مقبول ومنفذ,4.0,5.0,لا
MKC-2024066,2023-09-22,2023-10-18,العزيزية,ترخيص تجاري,طلب ترخيص,حساب X (تويتر),مرفوض,26.0,,لا
MKC-2024658,2023-09-22,2023-10-03,العزيزية,شكوى مركبات مهملة,شكوى,مكتب خدمة العملاء,مغلق - تم الحل,11.0,3.0,لا
MKC-2027696,2023-09-23,2023-09-25,الششة,شكوى مركبات مهملة,شكوى,تطبيق بلدي,مغلق - تم الحل,2.0,5.0,لا
MKC-2024069,2023-09-23,2023-10-03,النسيم,شكوى مخالفة بناء,شكوى,تطبيق بلدي,مغلق - تم الحل,10.0,3.0,لا
MKC-2023977,2023-09-23,2023-11-02,الجميزة,ترخيص بناء,طلب ترخيص,تطبيق بلدي,مقبول ومنفذ,40.0,3.0,لا
MKC-2026897,2023-09-23,2023-10-02,الزاهر,تجديد رخصة تجارية,طلب ترخيص,تطبيق بلدي,مقبول ومنفذ,9.0,5.0,لا
MKC-2027694,2023-09-23,2023-09-30,الزاهر,شكوى إشغال طريق,شكوى,حساب X (تويتر),قيد المعالجة,7.0,,لا
MKC-2028507,2023-09-23,2023-09-25,العزيزية,شكوى نظافة عامة,شكوى,تطبيق بلدي,مغلق - تم الحل,2.0,4.0,لا
MKC-2024582,2023-09-24,2023-09-30,أجياد,ترخيص لافتات إعلانية,طلب ترخيص,المركز الموحد 940,محول لجهة أخرى,6.0,,لا
MKC-2025877,2023-09-24,2023-10-01,الهجرة,تجديد رخصة تجارية,طلب ترخيص,حساب X (تويتر),مرفوض,7.0,,لا
MKC-2023650,2023-09-24,2023-10-04,الجميزة,شكوى إنارة شوارع,شكوى,تطبيق بلدي,محول لجهة أخرى,10.0,,لا
MKC-2026582,2023-09-24,2023-09-30,النسيم,طلب صيانة حديقة/ملعب,طلب صيانة,حساب X (تويتر),مقبول ومنفذ,6.0,2.0,لا
MKC-2024261,2023-09-24,2023-10-11,الشرائع,ترخيص بناء,طلب ترخيص,مكتب خدمة العملاء,مرفوض,17.0,,لا
MKC-2025589,2023-09-25,2023-10-03,الجميزة,شكوى إنارة شوارع,شكوى,مكتب خدمة العملاء,مغلق - تم الحل,8.0,4.0,لا
MKC-2024655,2023-09-25,,الرصيفة,شكوى مخالفة بناء,شكوى,حساب X (تويتر),قيد المعالجة,,,لا
MKC-2025491,2023-09-25,2023-10-07,العزيزية,ترخيص بناء,طلب ترخيص,تطبيق بلدي,مقبول ومنفذ,12.0,5.0,لا
MKC-2026423,2023-09-25,2023-09-29,النوارية,شكوى نظافة عامة,شكوى,مكتب فرعي بالحي,مقبول ومنفذ,4.0,5.0,لا
MKC-2024593,2023-09-25,2023-09-28,الحجون,شكوى إنارة شوارع,شكوى,تطبيق بلدي,محول لجهة أخرى,3.0,,لا
MKC-2028009,2023-09-25,2023-09-28,أجياد,تجديد رخصة تجارية,طلب ترخيص,المركز الموحد 940,مقبول ومنفذ,3.0,5.0,لا
MKC-2027825,2023-09-25,2023-09-28,أجياد,شكوى صرف صحي,شكوى,حساب X (تويتر),مغلق - تم الحل,3.0,4.0,لا
MKC-2027295,2023-09-25,2023-10-18,المسفلة,ترخيص تجاري,طلب ترخيص,مكتب فرعي بالحي,مغلق - تم الحل,23.0,4.0,لا
MKC-2024636,2023-09-26,2023-10-19,النسيم,ترخيص بناء,طلب ترخيص,تطبيق بلدي,مرفوض,23.0,,لا
MKC-2025322,2023-09-26,2023-10-15,العزيزية,ترخيص تجاري,طلب ترخيص,تطبيق بلدي,مقبول ومنفذ,19.0,4.0,لا
MKC-2023470,2023-09-26,2023-09-30,الزاهر,شكوى نظافة عامة,شكوى,المركز الموحد 940,مقبول ومنفذ,4.0,3.0,لا
MKC-2024029,2023-09-26,2023-10-06,الزاهر,شكوى إنارة شوارع,شكوى,المركز الموحد 940,مغلق - تم الحل,10.0,5.0,لا
MKC-2028214,2023-09-27,2023-10-08,الزاهر,شكوى صرف صحي,شكوى,تطبيق بلدي,مقبول ومنفذ,11.0,3.0,لا
MKC-2028233,2023-09-27,2023-10-04,العزيزية,ترخيص تجاري,طلب ترخيص,حساب X (تويتر),مقبول ومنفذ,7.0,5.0,لا
MKC-2027276,2023-09-27,2023-10-01,الكعكية,شكوى إشغال طريق,شكوى,تطبيق بلدي,مغلق - تم الحل,4.0,5.0,لا
MKC-2027167,2023-09-27,2023-09-28,الزاهر,شكوى إشغال طريق,شكوى,تطبيق بلدي,مقبول ومنفذ,1.0,4.0,لا
MKC-2025447,2023-09-27,2023-09-28,العزيزية,شكوى نظافة عامة,شكوى,تطبيق بلدي,قيد المعالجة,1.0,,لا
MKC-2023932,2023-09-27,2023-09-30,العتيبية,شكوى مخالفة بناء,شكوى,مكتب فرعي بالحي,مغلق - تم الحل,3.0,4.0,لا
MKC-2024372,2023-09-27,2023-10-05,العزيزية,تجديد رخصة تجارية,طلب ترخيص,مكتب فرعي بالحي,مقبول ومنفذ,8.0,5.0,لا
MKC-2028232,2023-09-28,2023-10-06,الششة,شكوى صرف صحي,شكوى,تطبيق بلدي,مغلق - تم الحل,8.0,4.0,لا
MKC-2028318,2023-09-29,2023-10-27,الجميزة,ترخيص بناء,طلب ترخيص,مكتب خدمة العملاء,مغلق - تم الحل,28.0,3.0,لا
MKC-2026326,2023-09-29,2023-10-12,الشرائع,شكوى إنارة شوارع,شكوى,المركز الموحد 940,مغلق - تم الحل,13.0,5.0,لا
MKC-2027075,2023-09-29,2023-10-03,النسيم,شكوى نظافة عامة,شكوى,مكتب خدمة العملاء,محول لجهة أخرى,4.0,,لا
MKC-2023081,2023-09-29,2023-10-05,النوارية,شكوى إشغال طريق,شكوى,مكتب خدمة العملاء,مقبول ومنفذ,6.0,5.0,لا
MKC-2025597,2023-09-29,,المسفلة,ترخيص تجاري,طلب ترخيص,المركز الموحد 940,قيد المعالجة,,,لا
MKC-2024570,2023-09-29,2023-10-02,الكعكية,تجديد رخصة تجارية,طلب ترخيص,مكتب خدمة العملاء,مرفوض,3.0,,لا
MKC-2024037,2023-09-30,2023-10-09,العزيزية,تجديد رخصة تجارية,طلب ترخيص,تطبيق بلدي,مغلق - تم الحل,9.0,4.0,لا
MKC-2027665,2023-09-30,2023-10-14,الكعكية,ترخيص تجاري,طلب ترخيص,تطبيق بلدي,مقبول ومنفذ,14.0,4.0,لا
MKC-2024882,2023-09-30,2023-10-04,أجياد,شكوى باعة متجولين,شكوى,تطبيق بلدي,مقبول ومنفذ,4.0,4.0,لا
MKC-2023669,2023-09-30,2023-10-18,أجياد,شكوى مخالفة بناء,شكوى,تطبيق بلدي,محول لجهة أخرى,18.0,,لا
MKC-2023843,2023-09-30,2023-10-08,الشوقية,ترخيص لافتات إعلانية,طلب ترخيص,مكتب خدمة العملاء,مرفوض,8.0,,لا
MKC-2027919,2023-09-30,2023-10-05,الششة,شكوى مركبات مهملة,شكوى,مكتب فرعي بالحي,محول لجهة أخرى,5.0,,لا
MKC-2024281,2023-10-01,2023-10-05,العزيزية,شكوى نظافة عامة,شكوى,حساب X (تويتر),محول لجهة أخرى,4.0,,لا
MKC-2027806,2023-10-01,2023-10-05,الزاهر,تجديد رخصة تجارية,طلب ترخيص,المركز الموحد 940,مقبول ومنفذ,4.0,4.0,لا
MKC-2024808,2023-10-01,2023-10-18,العزيزية,شكوى مخالفة بناء,شكوى,مكتب فرعي بالحي,مقبول ومنفذ,17.0,3.0,لا
MKC-2023480,2023-10-01,2023-10-10,الزاهر,شكوى إشغال طريق,شكوى,تطبيق بلدي,مغلق - تم الحل,9.0,4.0,لا
MKC-2026473,2023-10-01,2023-10-19,جرول,ترخيص بناء,طلب ترخيص,مكتب فرعي بالحي,محول لجهة أخرى,18.0,,لا
MKC-2023880,2023-10-01,2023-10-17,الرصيفة,ترخيص تجاري,طلب ترخيص,تطبيق بلدي,مقبول ومنفذ,16.0,3.0,لا
MKC-2023071,2023-10-01,2023-10-07,الرصيفة,شكوى نظافة عامة,شكوى,المركز الموحد 940,مقبول ومنفذ,6.0,4.0,لا
MKC-2028819,2023-10-02,2023-10-03,أجياد,شكوى نظافة عامة,شكوى,حساب X (تويتر),مغلق - تم الحل,1.0,5.0,لا
MKC-2024095,2023-10-02,2023-10-14,جرول,شكوى مخالفة بناء,شكوى,تطبيق بلدي,مغلق - تم الحل,12.0,4.0,لا
MKC-2026066,2023-10-02,2023-10-05,أجياد,شكوى باعة متجولين,شكوى,المركز الموحد 940,مغلق - تم الحل,3.0,4.0,لا
MKC-2027729,2023-10-02,2023-10-19,بطحاء قريش,ترخيص بناء,طلب ترخيص,تطبيق بلدي,محول لجهة أخرى,17.0,,لا
MKC-2025723,2023-10-02,2023-10-27,الشوقية,شكوى مخالفة بناء,شكوى,المركز الموحد 940,قيد المعالجة,25.0,,لا
MKC-2025866,2023-10-02,2023-10-08,الشوقية,شكوى إشغال طريق,شكوى,المركز الموحد 940,مغلق - تم الحل,6.0,4.0,لا
MKC-2024629,2023-10-02,2023-10-17,المسفلة,ترخيص بناء,طلب ترخيص,مكتب خدمة العملاء,محول لجهة أخرى,15.0,,لا
MKC-2025600,2023-10-03,2023-10-13,الحجون,شكوى إنارة شوارع,شكوى,مكتب فرعي بالحي,مغلق - تم الحل,10.0,4.0,لا
MKC-2023625,2023-10-03,2023-11-08,النسيم,ترخيص بناء,طلب ترخيص,مكتب خدمة العملاء,مقبول ومنفذ,36.0,1.0,لا
MKC-2027824,2023-10-03,2023-10-05,جرول,شكوى صرف صحي,شكوى,تطبيق بلدي,مقبول ومنفذ,2.0,3.0,لا
MKC-2027506,2023-10-03,2023-10-14,الشوقية,شكوى إنارة شوارع,شكوى,مكتب خدمة العملاء,مغلق - تم الحل,11.0,4.0,لا
MKC-2028395,2023-10-03,2023-10-08,الحجون,شكوى نظافة عامة,شكوى,تطبيق بلدي,مرفوض,5.0,,لا
MKC-2023479,2023-10-04,2023-10-12,الرصيفة,شكوى مركبات مهملة,شكوى,مكتب فرعي بالحي,مغلق - تم الحل,8.0,4.0,لا
MKC-2028090,2023-10-04,2023-10-11,الزاهر,شكوى إشغال طريق,شكوى,مكتب خدمة العملاء,مغلق - تم الحل,7.0,4.0,لا
MKC-2023247,2023-10-04,2023-10-10,الكعكية,ترخيص تجاري,طلب ترخيص,حساب X (تويتر),محول لجهة أخرى,6.0,,لا
MKC-2024848,2023-10-04,2023-11-02,الزاهر,ترخيص بناء,طلب ترخيص,المركز الموحد 940,محول لجهة أخرى,29.0,,لا
MKC-2026875,2023-10-04,2023-10-27,العزيزية,ترخيص تجاري,طلب ترخيص,مكتب خدمة العملاء,محول لجهة أخرى,23.0,,لا
MKC-2024707,2023-10-04,2023-10-12,الرصيفة,شكوى إشغال طريق,شكوى,تطبيق بلدي,محول لجهة أخرى,8.0,,لا
MKC-2027975,2023-10-04,2023-10-05,الرصيفة,شكوى نظافة عامة,شكوى,المركز الموحد 940,مغلق - تم الحل,1.0,5.0,لا
MKC-2028488,2023-10-04,2023-10-26,الرصيفة,ترخيص بناء,طلب ترخيص,تطبيق بلدي,مغلق - تم الحل,22.0,4.0,لا
MKC-2024635,2023-10-04,2023-10-07,العزيزية,تجديد رخصة تجارية,طلب ترخيص,المركز الموحد 940,قيد المعالجة,3.0,,لا
MKC-2027827,2023-10-05,2023-10-17,أجياد,شكوى إنارة شوارع,شكوى,تطبيق بلدي,مغلق - تم الحل,12.0,4.0,لا
MKC-2023943,2023-10-05,2023-10-12,الزاهر,شكوى إشغال طريق,شكوى,حساب X (تويتر),مغلق - تم الحل,7.0,4.0,لا
MKC-2028765,2023-10-05,2023-10-15,الكعكية,ترخيص تجاري,طلب ترخيص,المركز الموحد 940,مقبول ومنفذ,10.0,5.0,لا
MKC-2027521,2023-10-05,2023-10-19,العتيبية,شكوى مركبات مهملة,شكوى,تطبيق بلدي,مغلق - تم الحل,14.0,3.0,لا
MKC-2028085,2023-10-05,2023-10-11,أجياد,شكوى صرف صحي,شكوى,مكتب فرعي بالحي,مقبول ومنفذ,6.0,5.0,لا
MKC-2028597,2023-10-05,,العتيبية,شكوى إنارة شوارع,شكوى,مكتب فرعي بالحي,قيد المعالجة,,,لا
MKC-2026832,2023-10-05,,النوارية,ترخيص تجاري,طلب ترخيص,مكتب فرعي بالحي,قيد المعالجة,,,لا
MKC-2024942,2023-10-05,2023-10-06,العتيبية,شكوى نظافة عامة,شكوى,مكتب خدمة العملاء,محول لجهة أخرى,1.0,,لا
MKC-2028800,2023-10-05,2023-10-09,بطحاء قريش,شكوى إنارة شوارع,شكوى,تطبيق بلدي,مرفوض,4.0,,لا
MKC-2025176,2023-10-05,2023-10-19,الهجرة,طلب صيانة حديقة/ملعب,طلب صيانة,المركز الموحد 940,مقبول ومنفذ,14.0,5.0,لا
MKC-2027461,2023-10-06,2023-10-14,الشوقية,ترخيص لافتات إعلانية,طلب ترخيص,تطبيق بلدي,مقبول ومنفذ,8.0,5.0,لا
MKC-2025014,2023-10-06,2023-10-09,جرول,شكوى باعة متجولين,شكوى,مكتب فرعي بالحي,مغلق - تم الحل,3.0,4.0,لا
MKC-2028705,2023-10-06,,الحجون,ترخيص تجاري,طلب ترخيص,تطبيق بلدي,قيد المعالجة,,,لا
MKC-2025860,2023-10-06,2023-10-09,الهجرة,شكوى باعة متجولين,شكوى,تطبيق بلدي,محول لجهة أخرى,3.0,,لا
MKC-2025864,2023-10-06,2023-10-18,العزيزية,شكوى إنارة شوارع,شكوى,تطبيق بلدي,محول لجهة أخرى,12.0,,لا
MKC-2023791,2023-10-06,2023-10-15,النسيم,تجديد رخصة تجارية,طلب ترخيص,مكتب خدمة العملاء,مقبول ومنفذ,9.0,4.0,لا
MKC-2025158,2023-10-06,2023-10-12,العتيبية,طلب صيانة حديقة/ملعب,طلب صيانة,المركز الموحد 940,مرفوض,6.0,,لا
MKC-2026500,2023-10-06,,العزيزية,شكوى إنارة شوارع,شكوى,المركز الموحد 940,قيد المعالجة,,,لا
MKC-2027149,2023-10-07,2023-10-12,الششة,شكوى إنارة شوارع,شكوى,تطبيق بلدي,مغلق - تم الحل,5.0,5.0,لا
MKC-2025222,2023-10-07,2023-10-09,الرصيفة,شكوى نظافة عامة,شكوى,تطبيق بلدي,مغلق - تم الحل,2.0,4.0,لا
MKC-2023123,2023-10-07,2023-10-08,بطحاء قريش,شكوى نظافة عامة,شكوى,المركز الموحد 940,مقبول ومنفذ,1.0,4.0,لا
MKC-2026633,2023-10-07,2023-10-14,النسيم,شكوى نظافة عامة,شكوى,مكتب فرعي بالحي,مغلق - تم الحل,7.0,3.0,لا
MKC-2027756,2023-10-07,2023-10-25,الزاهر,ترخيص تجاري,طلب ترخيص,تطبيق بلدي,مقبول ومنفذ,18.0,5.0,لا
MKC-2026798,2023-10-07,,الشوقية,شكوى إشغال طريق,شكوى,مكتب فرعي بالحي,قيد المعالجة,,,لا
MKC-2028163,2023-10-07,2023-10-10,جرول,شكوى باعة متجولين,شكوى,حساب X (تويتر),مغلق - تم الحل,3.0,5.0,لا
MKC-2026205,2023-10-08,2023-10-28,العزيزية,شكوى مخالفة بناء,شكوى,حساب X (تويتر),مغلق - تم الحل,20.0,4.0,لا
MKC-2028357,2023-10-08,2023-10-11,المسفلة,شكوى نظافة عامة,شكوى,حساب X (تويتر),مغلق - تم الحل,3.0,5.0,لا
MKC-2026657,2023-10-08,2023-10-11,العزيزية,شكوى نظافة عامة,شكوى,تطبيق بلدي,مقبول ومنفذ,3.0,4.0,لا
MKC-2028087,2023-10-08,2023-10-23,العزيزية,طلب صيانة حديقة/ملعب,طلب صيانة,تطبيق بلدي,محول لجهة أخرى,15.0,,لا
MKC-2024961,2023-10-08,2023-10-12,النسيم,شكوى نظافة عامة,شكوى,مكتب خدمة العملاء,مغلق - تم الحل,4.0,5.0,لا
MKC-2023311,2023-10-08,2023-10-11,الششة,شكوى إشغال طريق,شكوى,تطبيق بلدي,مرفوض,3.0,,لا
MKC-2027654,2023-10-08,2023-10-19,بطحاء قريش,شكوى صرف صحي,شكوى,تطبيق بلدي,مغلق - تم الحل,11.0,4.0,لا
MKC-2025412,2023-10-08,2023-10-09,أجياد,شكوى إشغال طريق,شكوى,مكتب خدمة العملاء,مقبول ومنفذ,1.0,3.0,لا
MKC-2028082,2023-10-08,2023-10-21,الششة,طلب صيانة حديقة/ملعب,طلب صيانة,تطبيق بلدي,مقبول ومنفذ,13.0,5.0,لا
MKC-2023739,2023-10-08,2023-10-13,النسيم,شكوى مخالفة بناء,شكوى,تطبيق بلدي,مغلق - تم الحل,5.0,4.0,لا
MKC-2023285,2023-10-08,2023-11-01,المسفلة,شكوى مخالفة بناء,شكوى,مكتب فرعي بالحي,محول لجهة أخرى,24.0,,لا
MKC-2024144,2023-10-08,2023-10-12,بطحاء قريش,تجديد رخصة تجارية,طلب ترخيص,تطبيق بلدي,مقبول ومنفذ,4.0,5.0,لا
MKC-2025170,2023-10-09,2023-10-17,بطحاء قريش,شكوى إشغال طريق,شكوى,تطبيق بلدي,مغلق - تم الحل,8.0,3.0,لا
MKC-2025945,2023-10-09,2023-10-19,الهجرة,شكوى صرف صحي,شكوى,تطبيق بلدي,مقبول ومنفذ,10.0,3.0,لا
MKC-2024348,2023-10-09,2023-10-18,الزاهر,ترخيص تجاري,طلب ترخيص,مكتب فرعي بالحي,مقبول ومنفذ,9.0,3.0,لا
MKC-2024034,2023-10-10,2023-10-29,العزيزية,شكوى مركبات مهملة,شكوى,المركز الموحد 940,مقبول ومنفذ,19.0,4.0,لا
MKC-2024209,2023-10-10,2023-10-25,العتيبية,ترخيص لافتات إعلانية,طلب ترخيص,تطبيق بلدي,مقبول ومنفذ,15.0,5.0,لا
MKC-2025367,2023-10-10,2023-10-18,العتيبية,ترخيص تجاري,طلب ترخيص,المركز الموحد 940,مرفوض,8.0,,لا
MKC-2026879,2023-10-10,2023-10-22,الرصيفة,شكوى مخالفة بناء,شكوى,تطبيق بلدي,مغلق - تم الحل,12.0,4.0,لا
MKC-2023485,2023-10-10,2023-10-20,الحجون,شكوى صرف صحي,شكوى,تطبيق بلدي,مغلق - تم الحل,10.0,2.0,لا
MKC-2023365,2023-10-10,2023-10-12,الهجرة,تجديد رخصة تجارية,طلب ترخيص,مكتب خدمة العملاء,محول لجهة أخرى,2.0,,لا
MKC-2023838,2023-10-10,2023-10-29,الشوقية,شكوى مخالفة بناء,شكوى,تطبيق بلدي,مغلق - تم الحل,19.0,5.0,لا
MKC-2028660,2023-10-10,2023-10-18,الشرائع,شكوى صرف صحي,شكوى,المركز الموحد 940,مغلق - تم الحل,8.0,4.0,لا
MKC-2023231,2023-10-10,2023-10-14,المسفلة,شكوى باعة متجولين,شكوى,مكتب خدمة العملاء,مغلق - تم الحل,4.0,5.0,لا
MKC-2026665,2023-10-11,2023-10-25,بطحاء قريش,ترخيص لافتات إعلانية,طلب ترخيص,تطبيق بلدي,مقبول ومنفذ,14.0,4.0,لا
MKC-2025280,2023-10-11,2023-10-17,الشوقية,تجديد رخصة تجارية,طلب ترخيص,تطبيق بلدي,محول لجهة أخرى,6.0,,لا
MKC-2027072,2023-10-11,2023-10-20,جرول,شكوى إشغال طريق,شكوى,تطبيق بلدي,مقبول ومنفذ,9.0,4.0,لا
MKC-2025511,2023-10-11,2023-11-06,الزاهر,شكوى مخالفة بناء,شكوى,مكتب خدمة العملاء,محول لجهة أخرى,26.0,,لا
MKC-2025651,2023-10-11,2023-11-07,العزيزية,ترخيص بناء,طلب ترخيص,مكتب فرعي بالحي,مقبول ومنفذ,27.0,3.0,لا
MKC-2023686,2023-10-11,2023-10-21,الكعكية,ترخيص تجاري,طلب ترخيص,مكتب خدمة العملاء,محول لجهة أخرى,10.0,,لا
MKC-2025899,2023-10-11,2023-10-14,الكعكية,شكوى إنارة شوارع,شكوى,مكتب فرعي بالحي,محول لجهة أخرى,3.0,,لا
MKC-2025033,2023-10-12,2023-10-30,العتيبية,ترخيص بناء,طلب ترخيص,مكتب خدمة العملاء,محول لجهة أخرى,18.0,,لا
MKC-2028684,2023-10-12,2023-11-10,الرصيفة,ترخيص تجاري,طلب ترخيص,مكتب فرعي بالحي,مقبول ومنفذ,29.0,2.0,لا
MKC-2027460,2023-10-12,2023-10-15,الششة,شكوى باعة متجولين,شكوى,تطبيق بلدي,مغلق - تم الحل,3.0,5.0,لا
MKC-2028632,2023-10-12,2023-10-28,الزاهر,شكوى مخالفة بناء,شكوى,تطبيق بلدي,مغلق - تم الحل,16.0,5.0,لا
MKC-2026287,2023-10-12,2023-10-19,الحجون,شكوى إشغال طريق,شكوى,مكتب خدمة العملاء,مغلق - تم الحل,7.0,4.0,لا
MKC-2028630,2023-10-12,2023-10-16,العزيزية,شكوى نظافة عامة,شكوى,مكتب خدمة العملاء,مرفوض,4.0,,لا
MKC-2025625,2023-10-13,2023-10-14,الرصيفة,شكوى إشغال طريق,شكوى,تطبيق بلدي,محول لجهة أخرى,1.0,,لا
MKC-2028051,2023-10-13,2023-10-18,المسفلة,طلب صيانة حديقة/ملعب,طلب صيانة,مكتب خدمة العملاء,مقبول ومنفذ,5.0,2.0,لا
MKC-2024480,2023-10-13,2023-10-19,العزيزية,شكوى نظافة عامة,شكوى,تطبيق بلدي,مرفوض,6.0,,لا
MKC-2028257,2023-10-14,2023-10-16,النسيم,شكوى باعة متجولين,شكوى,مكتب خدمة العملاء,محول لجهة أخرى,2.0,,لا
MKC-2027266,2023-10-14,2023-10-22,النسيم,ترخيص تجاري,طلب ترخيص,مكتب فرعي بالحي,مقبول ومنفذ,8.0,4.0,لا
MKC-2024124,2023-10-14,2023-10-25,العتيبية,شكوى صرف صحي,شكوى,المركز الموحد 940,مغلق - تم الحل,11.0,5.0,لا
MKC-2026991,2023-10-14,,بطحاء قريش,ترخيص بناء,طلب ترخيص,تطبيق بلدي,قيد المعالجة,,,لا
MKC-2024237,2023-10-14,2023-10-26,الجميزة,شكوى إنارة شوارع,شكوى,مكتب فرعي بالحي,مغلق - تم الحل,12.0,3.0,لا
MKC-2025064,2023-10-14,2023-10-22,الجميزة,شكوى إنارة شوارع,شكوى,تطبيق بلدي,مرفوض,8.0,,لا
MKC-2026695,2023-10-14,2023-10-17,العتيبية,شكوى إشغال طريق,شكوى,تطبيق بلدي,مغلق - تم الحل,3.0,4.0,لا
MKC-2024111,2023-10-14,2023-10-19,جرول,تجديد رخصة تجارية,طلب ترخيص,تطبيق بلدي,مقبول ومنفذ,5.0,5.0,لا
MKC-2024137,2023-10-15,2023-10-16,النسيم,شكوى إنارة شوارع,شكوى,تطبيق بلدي,مغلق - تم الحل,1.0,4.0,لا
MKC-2026850,2023-10-15,2023-10-20,العزيزية,شكوى باعة متجولين,شكوى,المركز الموحد 940,مغلق - تم الحل,5.0,4.0,لا
MKC-2026375,2023-10-15,2023-10-26,الكعكية,شكوى مركبات مهملة,شكوى,مكتب خدمة العملاء,مغلق - تم الحل,11.0,3.0,لا
MKC-2026950,2023-10-16,2023-10-23,الشوقية,شكوى مركبات مهملة,شكوى,تطبيق بلدي,مغلق - تم الحل,7.0,3.0,لا
MKC-2028310,2023-10-16,2023-10-29,النسيم,ترخيص تجاري,طلب ترخيص,تطبيق بلدي,مغلق - تم الحل,13.0,3.0,لا
MKC-2024503,2023-10-16,2023-10-17,جرول,شكوى باعة متجولين,شكوى,تطبيق بلدي,مغلق - تم الحل,1.0,2.0,لا
MKC-2025163,2023-10-16,2023-10-24,جرول,شكوى صرف صحي,شكوى,مكتب خدمة العملاء,مغلق - تم الحل,8.0,3.0,لا
MKC-2023249,2023-10-16,2023-10-22,الكعكية,شكوى نظافة عامة,شكوى,تطبيق بلدي,قيد المعالجة,6.0,,لا
MKC-2025167,2023-10-16,2023-10-20,النسيم,شكوى باعة متجولين,شكوى,تطبيق بلدي,مغلق - تم الحل,4.0,3.0,لا
MKC-2026682,2023-10-16,2023-10-20,الكعكية,تجديد رخصة تجارية,طلب ترخيص,تطبيق بلدي,قيد المعالجة,4.0,,لا
MKC-2024346,2023-10-16,2023-10-27,العزيزية,شكوى صرف صحي,شكوى,مكتب خدمة العملاء,محول لجهة أخرى,11.0,,لا
MKC-2027841,2023-10-16,2023-10-31,الرصيفة,شكوى مركبات مهملة,شكوى,مكتب فرعي بالحي,مغلق - تم الحل,15.0,3.0,لا
MKC-2026130,2023-10-17,2023-10-20,الشوقية,شكوى نظافة عامة,شكوى,تطبيق بلدي,مرفوض,3.0,,لا
MKC-2025354,2023-10-17,2023-10-24,الحجون,ترخيص لافتات إعلانية,طلب ترخيص,حساب X (تويتر),مغلق - تم الحل,7.0,3.0,لا
MKC-2028258,2023-10-17,2023-10-28,الشوقية,ترخيص تجاري,طلب ترخيص,المركز الموحد 940,محول لجهة أخرى,11.0,,لا
MKC-2028433,2023-10-17,2023-10-20,جرول,شكوى باعة متجولين,شكوى,حساب X (تويتر),محول لجهة أخرى,3.0,,لا
MKC-2028590,2023-10-17,2023-10-31,الحجون,ترخيص لافتات إعلانية,طلب ترخيص,مكتب خدمة العملاء,مقبول ومنفذ,14.0,4.0,لا
MKC-2027132,2023-10-18,2023-11-01,الكعكية,ترخيص لافتات إعلانية,طلب ترخيص,حساب X (تويتر),مقبول ومنفذ,14.0,4.0,لا
MKC-2027814,2023-10-18,2023-10-21,النسيم,تجديد رخصة تجارية,طلب ترخيص,مكتب خدمة العملاء,مقبول ومنفذ,3.0,4.0,لا
MKC-2028366,2023-10-18,2023-10-22,العزيزية,شكوى صرف صحي,شكوى,المركز الموحد 940,مغلق - تم الحل,4.0,5.0,لا
MKC-2024494,2023-10-18,2023-10-23,الحجون,شكوى مخالفة بناء,شكوى,مكتب فرعي بالحي,مغلق - تم الحل,5.0,4.0,لا
MKC-2023476,2023-10-18,2023-10-20,المسفلة,شكوى إشغال طريق,شكوى,تطبيق بلدي,محول لجهة أخرى,2.0,,لا
MKC-2026816,2023-10-18,2023-11-01,العزيزية,ترخيص تجاري,طلب ترخيص,مكتب فرعي بالحي,مرفوض,14.0,,لا
MKC-2027707,2023-10-18,2023-10-22,الشوقية,شكوى باعة متجولين,شكوى,تطبيق بلدي,مغلق - تم الحل,4.0,3.0,لا
MKC-2024379,2023-10-19,2023-11-12,الكعكية,شكوى مخالفة بناء,شكوى,تطبيق بلدي,مرفوض,24.0,,لا
MKC-2027843,2023-10-19,2023-10-25,الششة,تجديد رخصة تجارية,طلب ترخيص,تطبيق بلدي,محول لجهة أخرى,6.0,,لا
MKC-2025334,2023-10-19,2023-11-30,الرصيفة,ترخيص بناء,طلب ترخيص,تطبيق بلدي,مرفوض,42.0,,لا
MKC-2025635,2023-10-19,2023-10-29,المسفلة,ترخيص لافتات إعلانية,طلب ترخيص,تطبيق بلدي,مرفوض,10.0,,لا
MKC-2025259,2023-10-19,2023-10-27,الزاهر,شكوى إشغال طريق,شكوى,المركز الموحد 940,مغلق - تم الحل,8.0,4.0,لا
MKC-2028608,2023-10-19,2023-10-22,أجياد,شكوى إشغال طريق,شكوى,حساب X (تويتر),محول لجهة أخرى,3.0,,لا
MKC-2028522,2023-10-20,2023-11-14,الجميزة,شكوى مخالفة بناء,شكوى,تطبيق بلدي,مرفوض,25.0,,لا
MKC-2026699,2023-10-20,2023-10-23,الششة,شكوى إشغال طريق,شكوى,مكتب خدمة العملاء,محول لجهة أخرى,3.0,,لا
MKC-2028954,2023-10-20,2023-10-24,العتيبية,شكوى مخالفة بناء,شكوى,المركز الموحد 940,محول لجهة أخرى,4.0,,لا
MKC-2024608,2023-10-20,2023-10-22,الكعكية,شكوى نظافة عامة,شكوى,مكتب فرعي بالحي,مقبول ومنفذ,2.0,4.0,لا
MKC-2023747,2023-10-21,2023-11-08,الزاهر,ترخيص بناء,طلب ترخيص,مكتب خدمة العملاء,مقبول ومنفذ,18.0,2.0,لا
MKC-2027516,2023-10-21,2023-10-25,الشوقية,شكوى نظافة عامة,شكوى,تطبيق بلدي,محول لجهة أخرى,4.0,,لا
MKC-2026723,2023-10-21,2023-11-09,الهجرة,ترخيص تجاري,طلب ترخيص,مكتب فرعي بالحي,مقبول ومنفذ,19.0,3.0,لا
MKC-2026919,2023-10-21,2023-11-15,العزيزية,ترخيص تجاري,طلب ترخيص,تطبيق بلدي,مرفوض,25.0,,لا
MKC-2025851,2023-10-21,2023-10-30,العزيزية,شكوى صرف صحي,شكوى,تطبيق بلدي,مقبول ومنفذ,9.0,4.0,لا
MKC-2026814,2023-10-21,2023-10-26,أجياد,شكوى إشغال طريق,شكوى,تطبيق بلدي,مغلق - تم الحل,5.0,5.0,لا
MKC-2027776,2023-10-21,2023-11-07,العزيزية,طلب صيانة حديقة/ملعب,طلب صيانة,تطبيق بلدي,محول لجهة أخرى,17.0,,لا
MKC-2024380,2023-10-21,2023-10-26,العزيزية,شكوى نظافة عامة,شكوى,تطبيق بلدي,مغلق - تم الحل,5.0,4.0,لا
MKC-2025307,2023-10-21,2023-11-20,أجياد,شكوى مخالفة بناء,شكوى,مكتب خدمة العملاء,مرفوض,30.0,,لا
MKC-2023496,2023-10-21,2023-10-29,بطحاء قريش,تجديد رخصة تجارية,طلب ترخيص,المركز الموحد 940,مقبول ومنفذ,8.0,5.0,لا
MKC-2026475,2023-10-22,2023-11-14,الحجون,شكوى مخالفة بناء,شكوى,تطبيق بلدي,مغلق - تم الحل,23.0,3.0,لا
MKC-2024609,2023-10-22,2023-10-25,النسيم,ترخيص لافتات إعلانية,طلب ترخيص,تطبيق بلدي,محول لجهة أخرى,3.0,,لا
MKC-2026968,2023-10-22,2023-11-28,الرصيفة,ترخيص بناء,طلب ترخيص,المركز الموحد 940,مقبول ومنفذ,37.0,4.0,لا
MKC-2027369,2023-10-22,2023-11-09,العزيزية,ترخيص بناء,طلب ترخيص,تطبيق بلدي,مقبول ومنفذ,18.0,4.0,لا
MKC-2024282,2023-10-22,2023-11-07,الزاهر,طلب صيانة حديقة/ملعب,طلب صيانة,تطبيق بلدي,مقبول ومنفذ,16.0,3.0,لا
MKC-2026525,2023-10-22,2023-11-01,الزاهر,ترخيص لافتات إعلانية,طلب ترخيص,تطبيق بلدي,مقبول ومنفذ,10.0,5.0,لا
MKC-2023118,2023-10-22,2023-10-29,الحجون,شكوى إنارة شوارع,شكوى,مكتب خدمة العملاء,مغلق - تم الحل,7.0,3.0,لا
MKC-2025857,2023-10-22,2023-11-20,الشرائع,ترخيص بناء,طلب ترخيص,حساب X (تويتر),محول لجهة أخرى,29.0,,لا
MKC-2024837,2023-10-22,2023-11-02,الزاهر,ترخيص تجاري,طلب ترخيص,حساب X (تويتر),مرفوض,11.0,,لا
MKC-2028122,2023-10-22,2023-10-24,الزاهر,شكوى باعة متجولين,شكوى,مكتب خدمة العملاء,محول لجهة أخرى,2.0,,لا
MKC-2023721,2023-10-23,2023-10-26,جرول,شكوى نظافة عامة,شكوى,تطبيق بلدي,مغلق - تم الحل,3.0,4.0,لا
MKC-2025841,2023-10-23,2023-11-01,الشرائع,ترخيص تجاري,طلب ترخيص,تطبيق بلدي,مقبول ومنفذ,9.0,4.0,لا
MKC-2026289,2023-10-23,2023-11-10,الششة,طلب صيانة حديقة/ملعب,طلب صيانة,تطبيق بلدي,مقبول ومنفذ,18.0,3.0,لا
MKC-2027870,2023-10-23,2023-11-19,المسفلة,شكوى مخالفة بناء,شكوى,تطبيق بلدي,مغلق - تم الحل,27.0,3.0,لا
MKC-2027596,2023-10-24,2023-11-03,الزاهر,شكوى إنارة شوارع,شكوى,تطبيق بلدي,محول لجهة أخرى,10.0,,لا
MKC-2025818,2023-10-24,2023-10-28,العزيزية,شكوى باعة متجولين,شكوى,مكتب فرعي بالحي,محول لجهة أخرى,4.0,,لا
MKC-2023549,2023-10-24,2023-10-30,الزاهر,شكوى نظافة عامة,شكوى,تطبيق بلدي,مغلق - تم الحل,6.0,5.0,لا
MKC-2026321,2023-10-24,2023-11-10,جرول,شكوى مركبات مهملة,شكوى,المركز الموحد 940,مغلق - تم الحل,17.0,4.0,لا
MKC-2025141,2023-10-24,2023-10-31,بطحاء قريش,شكوى نظافة عامة,شكوى,تطبيق بلدي,محول لجهة أخرى,7.0,,لا
MKC-2023961,2023-10-24,2023-10-27,الشوقية,شكوى باعة متجولين,شكوى,المركز الموحد 940,محول لجهة أخرى,3.0,,لا
MKC-2028648,2023-10-24,2023-10-26,أجياد,شكوى نظافة عامة,شكوى,المركز الموحد 940,محول لجهة أخرى,2.0,,لا
MKC-2028394,2023-10-24,2023-11-03,الهجرة,طلب صيانة حديقة/ملعب,طلب صيانة,المركز الموحد 940,محول لجهة أخرى,10.0,,لا
MKC-2027148,2023-10-25,2023-11-15,الشرائع,ترخيص تجاري,طلب ترخيص,مكتب خدمة العملاء,محول لجهة أخرى,21.0,,لا
MKC-2023176,2023-10-25,2023-10-31,الشوقية,شكوى نظافة عامة,شكوى,المركز الموحد 940,مقبول ومنفذ,6.0,5.0,لا
MKC-2028026,2023-10-25,2023-11-13,الرصيفة,ترخيص بناء,طلب ترخيص,تطبيق بلدي,مرفوض,19.0,,لا
MKC-2024466,2023-10-25,2023-11-02,العزيزية,تجديد رخصة تجارية,طلب ترخيص,مكتب خدمة العملاء,مرفوض,8.0,,لا
MKC-2025304,2023-10-26,2023-11-13,الشوقية,شكوى مخالفة بناء,شكوى,تطبيق بلدي,مغلق - تم الحل,18.0,4.0,لا
MKC-2024158,2023-10-26,2023-11-11,النسيم,ترخيص بناء,طلب ترخيص,المركز الموحد 940,مقبول ومنفذ,16.0,5.0,لا
MKC-2024476,2023-10-26,2023-10-30,الشوقية,تجديد رخصة تجارية,طلب ترخيص,تطبيق بلدي,مقبول ومنفذ,4.0,5.0,لا
MKC-2027808,2023-10-26,2023-10-29,أجياد,شكوى باعة متجولين,شكوى,تطبيق بلدي,مغلق - تم الحل,3.0,3.0,لا
MKC-2027800,2023-10-26,2023-11-03,أجياد,تجديد رخصة تجارية,طلب ترخيص,المركز الموحد 940,مقبول ومنفذ,8.0,4.0,لا
MKC-2023069,2023-10-26,2023-11-05,الهجرة,شكوى مخالفة بناء,شكوى,حساب X (تويتر),مغلق - تم الحل,10.0,5.0,لا
MKC-2023995,2023-10-27,2023-11-12,الزاهر,ترخيص تجاري,طلب ترخيص,المركز الموحد 940,مغلق - تم الحل,16.0,5.0,لا
MKC-2028238,2023-10-27,2023-11-04,الزاهر,ترخيص لافتات إعلانية,طلب ترخيص,حساب X (تويتر),مرفوض,8.0,,لا
MKC-2024457,2023-10-27,2023-11-25,الجميزة,ترخيص تجاري,طلب ترخيص,مكتب خدمة العملاء,محول لجهة أخرى,29.0,,لا
MKC-2023377,2023-10-27,2023-11-05,بطحاء قريش,شكوى صرف صحي,شكوى,تطبيق بلدي,مقبول ومنفذ,9.0,5.0,لا
MKC-2026857,2023-10-27,2023-11-05,جرول,شكوى مركبات مهملة,شكوى,تطبيق بلدي,مغلق - تم الحل,9.0,5.0,لا
MKC-2023040,2023-10-27,2023-11-04,العزيزية,شكوى صرف صحي,شكوى,تطبيق بلدي,مغلق - تم الحل,8.0,4.0,لا
MKC-2025438,2023-10-27,2023-10-31,الشوقية,شكوى نظافة عامة,شكوى,مكتب فرعي بالحي,مغلق - تم الحل,4.0,4.0,لا
MKC-2028328,2023-10-27,2023-11-07,الكعكية,شكوى إنارة شوارع,شكوى,مكتب فرعي بالحي,محول لجهة أخرى,11.0,,لا
MKC-2025541,2023-10-27,2023-11-14,الشوقية,ترخيص بناء,طلب ترخيص,مكتب خدمة العملاء,مقبول ومنفذ,18.0,3.0,لا
MKC-2028019,2023-10-27,2023-11-03,العزيزية,شكوى نظافة عامة,شكوى,مكتب خدمة العملاء,مقبول ومنفذ,7.0,4.0,لا
MKC-2027152,2023-10-27,2023-10-28,الشرائع,شكوى إشغال طريق,شكوى,المركز الموحد 940,مغلق - تم الحل,1.0,5.0,لا
MKC-2027764,2023-10-28,2023-10-31,جرول,تجديد رخصة تجارية,طلب ترخيص,مكتب فرعي بالحي,مرفوض,3.0,,لا
MKC-2027395,2023-10-28,2023-11-02,النوارية,شكوى مركبات مهملة,شكوى,المركز الموحد 940,قيد المعالجة,5.0,,لا
MKC-2024551,2023-10-28,2023-11-08,الشرائع,طلب صيانة حديقة/ملعب,طلب صيانة,تطبيق بلدي,محول لجهة أخرى,11.0,,لا
MKC-2023148,2023-10-28,2023-12-08,أجياد,ترخيص بناء,طلب ترخيص,مكتب خدمة العملاء,مرفوض,41.0,,لا
MKC-2023001,2023-10-28,2023-11-01,الحجون,شكوى باعة متجولين,شكوى,حساب X (تويتر),مغلق - تم الحل,4.0,4.0,لا
MKC-2026708,2023-10-28,2023-10-29,النسيم,شكوى إشغال طريق,شكوى,مكتب فرعي بالحي,مقبول ومنفذ,1.0,5.0,لا
MKC-2023708,2023-10-28,2023-10-31,الرصيفة,شكوى نظافة عامة,شكوى,مكتب خدمة العملاء,مغلق - تم الحل,3.0,4.0,لا
MKC-2026599,2023-10-28,2023-10-30,أجياد,شكوى نظافة عامة,شكوى,تطبيق بلدي,مغلق - تم الحل,2.0,3.0,لا
MKC-2025842,2023-10-28,2023-11-03,العزيزية,ترخيص تجاري,طلب ترخيص,تطبيق بلدي,مرفوض,6.0,,لا
MKC-2026835,2023-10-29,2023-11-06,المسفلة,تجديد رخصة تجارية,طلب ترخيص,حساب X (تويتر),محول لجهة أخرى,8.0,,لا
MKC-2026470,2023-10-29,2023-11-12,الهجرة,شكوى إنارة شوارع,شكوى,تطبيق بلدي,مغلق - تم الحل,14.0,4.0,لا
MKC-2024871,2023-10-29,2023-11-06,الشرائع,تجديد رخصة تجارية,طلب ترخيص,حساب X (تويتر),محول لجهة أخرى,8.0,,لا
MKC-2026388,2023-10-29,2023-10-31,النسيم,شكوى باعة متجولين,شكوى,تطبيق بلدي,مقبول ومنفذ,2.0,3.0,لا
MKC-2028005,2023-10-29,2023-11-01,الشوقية,شكوى نظافة عامة,شكوى,مكتب خدمة العملاء,محول لجهة أخرى,3.0,,لا
MKC-2026230,2023-10-29,,الششة,شكوى نظافة عامة,شكوى,مكتب خدمة العملاء,قيد المعالجة,,,لا
MKC-2028126,2023-10-29,2023-11-13,العزيزية,ترخيص تجاري,طلب ترخيص,تطبيق بلدي,مقبول ومنفذ,15.0,3.0,لا
MKC-2024038,2023-10-29,2023-11-05,الهجرة,شكوى نظافة عامة,شكوى,تطبيق بلدي,مغلق - تم الحل,7.0,3.0,لا
MKC-2023609,2023-10-29,2023-11-02,العزيزية,شكوى إنارة شوارع,شكوى,تطبيق بلدي,محول لجهة أخرى,4.0,,لا
MKC-2024929,2023-10-29,2023-11-03,الششة,تجديد رخصة تجارية,طلب ترخيص,تطبيق بلدي,محول لجهة أخرى,5.0,,لا
MKC-2024811,2023-10-30,2023-11-01,العزيزية,شكوى نظافة عامة,شكوى,تطبيق بلدي,مقبول ومنفذ,2.0,3.0,لا
MKC-2028616,2023-10-30,2023-11-06,الششة,شكوى صرف صحي,شكوى,مكتب خدمة العملاء,محول لجهة أخرى,7.0,,لا
MKC-2026369,2023-10-30,2023-11-08,المسفلة,تجديد رخصة تجارية,طلب ترخيص,مكتب فرعي بالحي,مقبول ومنفذ,9.0,3.0,لا
MKC-2026981,2023-10-30,2023-11-22,الزاهر,شكوى مخالفة بناء,شكوى,تطبيق بلدي,مغلق - تم الحل,23.0,3.0,لا
MKC-2025013,2023-10-30,2023-11-04,الشوقية,شكوى نظافة عامة,شكوى,حساب X (تويتر),مقبول ومنفذ,5.0,4.0,لا
MKC-2024677,2023-10-30,2023-11-01,الشوقية,شكوى باعة متجولين,شكوى,مكتب خدمة العملاء,محول لجهة أخرى,2.0,,لا
MKC-2026739,2023-10-30,2023-11-02,الرصيفة,شكوى باعة متجولين,شكوى,تطبيق بلدي,مغلق - تم الحل,3.0,5.0,لا
MKC-2028225,2023-10-31,2023-12-04,الشوقية,ترخيص بناء,طلب ترخيص,مكتب فرعي بالحي,مرفوض,34.0,,لا
MKC-2026480,2023-10-31,,النوارية,شكوى إشغال طريق,شكوى,مكتب خدمة العملاء,قيد المعالجة,,,لا
MKC-2027040,2023-10-31,2023-11-03,العتيبية,تجديد رخصة تجارية,طلب ترخيص,المركز الموحد 940,مقبول ومنفذ,3.0,3.0,لا
MKC-2026061,2023-10-31,2023-11-05,العتيبية,شكوى باعة متجولين,شكوى,تطبيق بلدي,مغلق - تم الحل,5.0,4.0,لا
MKC-2023399,2023-10-31,2023-12-14,بطحاء قريش,ترخيص بناء,طلب ترخيص,تطبيق بلدي,مرفوض,44.0,,لا
MKC-2027892,2023-10-31,2023-11-12,النسيم,ترخيص بناء,طلب ترخيص,حساب X (تويتر),مقبول ومنفذ,12.0,3.0,لا
MKC-2028620,2023-11-01,2023-11-10,العتيبية,شكوى صرف صحي,شكوى,مكتب فرعي بالحي,مغلق - تم الحل,9.0,4.0,لا
MKC-2024906,2023-11-01,2023-11-13,الرصيفة,ترخيص بناء,طلب ترخيص,تطبيق بلدي,مرفوض,12.0,,لا
MKC-2027868,2023-11-01,2023-11-03,الزاهر,شكوى نظافة عامة,شكوى,حساب X (تويتر),مغلق - تم الحل,2.0,5.0,لا
MKC-2028196,2023-11-01,2023-11-05,المسفلة,شكوى إشغال طريق,شكوى,تطبيق بلدي,مرفوض,4.0,,لا
MKC-2028431,2023-11-01,2023-11-23,الهجرة,شكوى مخالفة بناء,شكوى,مكتب فرعي بالحي,مغلق - تم الحل,22.0,4.0,لا
MKC-2023014,2023-11-01,2023-11-09,بطحاء قريش,شكوى إنارة شوارع,شكوى,تطبيق بلدي,محول لجهة أخرى,8.0,,لا
MKC-2025207,2023-11-01,2023-11-26,الكعكية,ترخيص بناء,طلب ترخيص,تطبيق بلدي,محول لجهة أخرى,25.0,,لا
MKC-2027746,2023-11-01,2023-11-21,النوارية,ترخيص تجاري,طلب ترخيص,حساب X (تويتر),قيد المعالجة,20.0,,لا
MKC-2024072,2023-11-02,2023-11-06,العزيزية,شكوى إنارة شوارع,شكوى,المركز الموحد 940,مغلق - تم الحل,4.0,3.0,لا
MKC-2027701,2023-11-02,2023-11-10,الشرائع,شكوى إنارة شوارع,شكوى,المركز الموحد 940,مقبول ومنفذ,8.0,3.0,لا
MKC-2028520,2023-11-02,2023-11-09,المسفلة,تجديد رخصة تجارية,طلب ترخيص,تطبيق بلدي,مقبول ومنفذ,7.0,4.0,لا
MKC-2024905,2023-11-03,2023-11-10,الحجون,شكوى إشغال طريق,شكوى,تطبيق بلدي,مغلق - تم الحل,7.0,5.0,لا
MKC-2025585,2023-11-03,2023-12-11,بطحاء قريش,ترخيص بناء,طلب ترخيص,تطبيق بلدي,مقبول ومنفذ,38.0,4.0,لا
MKC-2025766,2023-11-03,2023-11-12,الزاهر,شكوى إشغال طريق,شكوى,تطبيق بلدي,مغلق - تم الحل,9.0,3.0,لا
MKC-2024400,2023-11-03,2023-11-04,العزيزية,شكوى نظافة عامة,شكوى,تطبيق بلدي,مغلق - تم الحل,1.0,4.0,لا
MKC-2028651,2023-11-03,2023-11-12,العزيزية,طلب صيانة حديقة/ملعب,طلب صيانة,تطبيق بلدي,مقبول ومنفذ,9.0,4.0,لا
MKC-2027296,2023-11-03,2023-11-08,الحجون,شكوى نظافة عامة,شكوى,مكتب خدمة العملاء,مغلق - تم الحل,5.0,5.0,لا
MKC-2028449,2023-11-03,2023-11-07,العزيزية,شكوى نظافة عامة,شكوى,تطبيق بلدي,مغلق - تم الحل,4.0,4.0,لا
MKC-2025046,2023-11-03,,الجميزة,شكوى صرف صحي,شكوى,مكتب فرعي بالحي,قيد المعالجة,,,لا
MKC-2027773,2023-11-04,2023-11-18,الكعكية,ترخيص تجاري,طلب ترخيص,تطبيق بلدي,محول لجهة أخرى,14.0,,لا
MKC-2027618,2023-11-04,,الرصيفة,شكوى إنارة شوارع,شكوى,مكتب خدمة العملاء,قيد المعالجة,,,لا
MKC-2026065,2023-11-04,2023-11-22,المسفلة,شكوى مركبات مهملة,شكوى,حساب X (تويتر),مغلق - تم الحل,18.0,3.0,لا
MKC-2023092,2023-11-04,2023-12-16,العزيزية,ترخيص بناء,طلب ترخيص,تطبيق بلدي,مرفوض,42.0,,لا
MKC-2024889,2023-11-04,2023-11-19,المسفلة,ترخيص تجاري,طلب ترخيص,مكتب خدمة العملاء,مغلق - تم الحل,15.0,4.0,لا
MKC-2025001,2023-11-04,2023-11-10,الششة,شكوى مركبات مهملة,شكوى,تطبيق بلدي,مقبول ومنفذ,6.0,4.0,لا
MKC-2024429,2023-11-04,2023-11-08,النسيم,شكوى مخالفة بناء,شكوى,المركز الموحد 940,مغلق - تم الحل,4.0,4.0,لا
MKC-2026573,2023-11-04,2023-11-10,بطحاء قريش,شكوى نظافة عامة,شكوى,حساب X (تويتر),مرفوض,6.0,,لا
MKC-2025470,2023-11-04,2023-12-02,النوارية,ترخيص تجاري,طلب ترخيص,تطبيق بلدي,مقبول ومنفذ,28.0,4.0,لا
MKC-2026043,2023-11-05,2023-11-13,الرصيفة,شكوى إشغال طريق,شكوى,المركز الموحد 940,مغلق - تم الحل,8.0,3.0,لا
MKC-2024777,2023-11-05,2023-11-07,الشوقية,شكوى باعة متجولين,شكوى,تطبيق بلدي,محول لجهة أخرى,2.0,,لا
MKC-2024807,2023-11-05,2023-11-27,العزيزية,شكوى مخالفة بناء,شكوى,تطبيق بلدي,مرفوض,22.0,,لا
MKC-2026471,2023-11-05,2023-11-13,الهجرة,شكوى إشغال طريق,شكوى,تطبيق بلدي,مغلق - تم الحل,8.0,5.0,لا
MKC-2027720,2023-11-05,2023-11-17,العتيبية,ترخيص بناء,طلب ترخيص,مكتب فرعي بالحي,مرفوض,12.0,,لا
MKC-2027631,2023-11-05,2023-11-08,النوارية,شكوى باعة متجولين,شكوى,تطبيق بلدي,مغلق - تم الحل,3.0,5.0,لا
MKC-2025671,2023-11-05,2023-11-06,الحجون,شكوى إشغال طريق,شكوى,مكتب فرعي بالحي,محول لجهة أخرى,1.0,,لا
MKC-2024539,2023-11-06,2023-11-11,الجميزة,شكوى باعة متجولين,شكوى,المركز الموحد 940,مغلق - تم الحل,5.0,4.0,لا
MKC-2028215,2023-11-06,2023-11-07,الكعكية,شكوى نظافة عامة,شكوى,مكتب خدمة العملاء,محول لجهة أخرى,1.0,,لا
MKC-2027053,2023-11-06,2023-11-07,النسيم,شكوى نظافة عامة,شكوى,المركز الموحد 940,مرفوض,1.0,,لا
MKC-2023545,2023-11-06,2023-11-25,الزاهر,طلب صيانة حديقة/ملعب,طلب صيانة,تطبيق بلدي,مقبول ومنفذ,19.0,3.0,لا
MKC-2027208,2023-11-06,2023-11-14,الهجرة,طلب صيانة حديقة/ملعب,طلب صيانة,المركز الموحد 940,مقبول ومنفذ,8.0,4.0,لا
MKC-2024190,2023-11-06,2023-11-15,أجياد,شكوى إشغال طريق,شكوى,مكتب فرعي بالحي,محول لجهة أخرى,9.0,,لا
MKC-2025071,2023-11-06,2023-11-09,النوارية,شكوى مركبات مهملة,شكوى,مكتب فرعي بالحي,مغلق - تم الحل,3.0,5.0,لا
MKC-2025160,2023-11-06,2023-11-23,الششة,ترخيص تجاري,طلب ترخيص,تطبيق بلدي,مرفوض,17.0,,لا
MKC-2026069,2023-11-06,2023-11-11,جرول,تجديد رخصة تجارية,طلب ترخيص,حساب X (تويتر),مغلق - تم الحل,5.0,4.0,لا
MKC-2023591,2023-11-06,2023-11-11,العزيزية,شكوى إشغال طريق,شكوى,مكتب فرعي بالحي,مغلق - تم الحل,5.0,4.0,لا
MKC-2028291,2023-11-06,2023-12-01,أجياد,ترخيص تجاري,طلب ترخيص,حساب X (تويتر),مقبول ومنفذ,25.0,3.0,لا
MKC-2024749,2023-11-07,2023-11-15,الحجون,شكوى مخالفة بناء,شكوى,المركز الموحد 940,مرفوض,8.0,,لا
MKC-2023944,2023-11-07,2023-11-10,الزاهر,تجديد رخصة تجارية,طلب ترخيص,مكتب خدمة العملاء,محول لجهة أخرى,3.0,,لا
MKC-2027212,2023-11-07,2023-11-09,بطحاء قريش,شكوى نظافة عامة,شكوى,المركز الموحد 940,مرفوض,2.0,,لا
MKC-2023106,2023-11-07,2023-11-20,الششة,ترخيص بناء,طلب ترخيص,تطبيق بلدي,مرفوض,13.0,,لا
MKC-2024019,2023-11-07,2023-11-15,الزاهر,تجديد رخصة تجارية,طلب ترخيص,تطبيق بلدي,مقبول ومنفذ,8.0,5.0,لا
MKC-2026622,2023-11-08,2023-11-27,جرول,ترخيص بناء,طلب ترخيص,مكتب خدمة العملاء,مقبول ومنفذ,19.0,2.0,لا
MKC-2027079,2023-11-08,2023-11-14,أجياد,شكوى إنارة شوارع,شكوى,المركز الموحد 940,مرفوض,6.0,,لا
MKC-2026752,2023-11-08,,أجياد,شكوى مخالفة بناء,شكوى,تطبيق بلدي,قيد المعالجة,,,لا
MKC-2027158,2023-11-08,2023-11-15,العزيزية,تجديد رخصة تجارية,طلب ترخيص,مكتب فرعي بالحي,محول لجهة أخرى,7.0,,لا
MKC-2024288,2023-11-08,,الشرائع,شكوى إشغال طريق,شكوى,تطبيق بلدي,قيد المعالجة,,,لا
MKC-2028105,2023-11-08,2023-11-16,العزيزية,شكوى إشغال طريق,شكوى,تطبيق بلدي,مغلق - تم الحل,8.0,3.0,لا
MKC-2024832,2023-11-08,2023-11-09,النسيم,شكوى نظافة عامة,شكوى,تطبيق بلدي,مغلق - تم الحل,1.0,3.0,لا
MKC-2023009,2023-11-08,2023-11-12,الكعكية,شكوى نظافة عامة,شكوى,حساب X (تويتر),مغلق - تم الحل,4.0,4.0,لا
MKC-2028477,2023-11-08,2023-12-06,الرصيفة,شكوى مخالفة بناء,شكوى,المركز الموحد 940,محول لجهة أخرى,28.0,,لا
MKC-2025588,2023-11-08,2023-11-14,الشوقية,شكوى إنارة شوارع,شكوى,تطبيق بلدي,مغلق - تم الحل,6.0,5.0,لا
MKC-2026460,2023-11-08,2023-11-11,العزيزية,تجديد رخصة تجارية,طلب ترخيص,مكتب فرعي بالحي,مقبول ومنفذ,3.0,4.0,لا
MKC-2026114,2023-11-09,2023-11-15,المسفلة,شكوى نظافة عامة,شكوى,المركز الموحد 940,مقبول ومنفذ,6.0,3.0,لا
MKC-2025831,2023-11-09,2023-11-16,أجياد,شكوى نظافة عامة,شكوى,حساب X (تويتر),محول لجهة أخرى,7.0,,لا
MKC-2028210,2023-11-09,2023-11-16,العزيزية,شكوى نظافة عامة,شكوى,مكتب فرعي بالحي,محول لجهة أخرى,7.0,,لا
MKC-2027687,2023-11-10,2023-11-19,الجميزة,شكوى إشغال طريق,شكوى,تطبيق بلدي,مغلق - تم الحل,9.0,4.0,لا
MKC-2025654,2023-11-10,2023-11-14,الحجون,شكوى صرف صحي,شكوى,المركز الموحد 940,مغلق - تم الحل,4.0,4.0,لا
MKC-2025221,2023-11-10,2023-11-12,الكعكية,شكوى إشغال طريق,شكوى,تطبيق بلدي,مغلق - تم الحل,2.0,4.0,لا
MKC-2025052,2023-11-10,2023-11-30,الشوقية,ترخيص بناء,طلب ترخيص,حساب X (تويتر),مقبول ومنفذ,20.0,5.0,لا
MKC-2027017,2023-11-10,2023-11-28,الشرائع,ترخيص بناء,طلب ترخيص,مكتب فرعي بالحي,مرفوض,18.0,,لا
MKC-2023683,2023-11-10,2023-11-22,جرول,شكوى مركبات مهملة,شكوى,مكتب خدمة العملاء,محول لجهة أخرى,12.0,,لا
MKC-2026997,2023-11-10,2023-11-12,المسفلة,شكوى مركبات مهملة,شكوى,تطبيق بلدي,مقبول ومنفذ,2.0,5.0,لا
MKC-2028072,2023-11-10,,الزاهر,شكوى مركبات مهملة,شكوى,مكتب خدمة العملاء,قيد المعالجة,,,لا
MKC-2023395,2023-11-11,2023-11-16,الشوقية,شكوى صرف صحي,شكوى,المركز الموحد 940,محول لجهة أخرى,5.0,,لا
MKC-2023252,2023-11-11,2023-11-20,الحجون,تجديد رخصة تجارية,طلب ترخيص,مكتب فرعي بالحي,محول لجهة أخرى,9.0,,لا
MKC-2026087,2023-11-11,2023-11-16,الهجرة,شكوى نظافة عامة,شكوى,تطبيق بلدي,محول لجهة أخرى,5.0,,لا
MKC-2026123,2023-11-11,2023-11-15,النوارية,شكوى نظافة عامة,شكوى,المركز الموحد 940,مغلق - تم الحل,4.0,4.0,لا
MKC-2025211,2023-11-12,2023-12-02,الهجرة,طلب صيانة حديقة/ملعب,طلب صيانة,المركز الموحد 940,مرفوض,20.0,,لا
MKC-2028158,2023-11-12,2023-11-21,النسيم,ترخيص لافتات إعلانية,طلب ترخيص,المركز الموحد 940,مقبول ومنفذ,9.0,5.0,لا
MKC-2023782,2023-11-12,2023-11-17,الشوقية,شكوى مخالفة بناء,شكوى,تطبيق بلدي,مغلق - تم الحل,5.0,3.0,لا
MKC-2023728,2023-11-12,2023-11-17,النسيم,شكوى باعة متجولين,شكوى,المركز الموحد 940,مغلق - تم الحل,5.0,4.0,لا
MKC-2027662,2023-11-12,2023-11-16,جرول,شكوى إشغال طريق,شكوى,مكتب فرعي بالحي,مغلق - تم الحل,4.0,2.0,لا
MKC-2027501,2023-11-12,2023-12-04,النسيم,ترخيص تجاري,طلب ترخيص,المركز الموحد 940,مغلق - تم الحل,22.0,4.0,لا
MKC-2028549,2023-11-12,2023-11-15,جرول,شكوى إشغال طريق,شكوى,تطبيق بلدي,مغلق - تم الحل,3.0,5.0,لا
MKC-2026378,2023-11-12,2023-12-14,الهجرة,ترخيص بناء,طلب ترخيص,المركز الموحد 940,مقبول ومنفذ,32.0,3.0,لا
MKC-2024941,2023-11-12,2023-11-29,الشرائع,طلب صيانة حديقة/ملعب,طلب صيانة,مكتب خدمة العملاء,مقبول ومنفذ,17.0,2.0,لا
MKC-2024422,2023-11-13,2023-11-29,العزيزية,شكوى مخالفة بناء,شكوى,تطبيق بلدي,مرفوض,16.0,,لا
MKC-2024089,2023-11-13,2023-11-19,الحجون,ترخيص لافتات إعلانية,طلب ترخيص,المركز الموحد 940,مرفوض,6.0,,لا
MKC-2023110,2023-11-13,2023-11-17,الششة,شكوى نظافة عامة,شكوى,المركز الموحد 940,مغلق - تم الحل,4.0,4.0,لا
MKC-2028951,2023-11-13,2023-11-15,الهجرة,شكوى نظافة عامة,شكوى,المركز الموحد 940,محول لجهة أخرى,2.0,,لا
MKC-2028388,2023-11-13,2023-11-16,بطحاء قريش,شكوى باعة متجولين,شكوى,تطبيق بلدي,مغلق - تم الحل,3.0,5.0,لا
MKC-2025914,2023-11-13,2023-11-22,المسفلة,طلب صيانة حديقة/ملعب,طلب صيانة,المركز الموحد 940,مقبول ومنفذ,9.0,4.0,لا
MKC-2025024,2023-11-13,,أجياد,تجديد رخصة تجارية,طلب ترخيص,مكتب فرعي بالحي,قيد المعالجة,,,لا
MKC-2025602,2023-11-14,2023-12-04,الحجون,شكوى مركبات مهملة,شكوى,مكتب خدمة العملاء,مغلق - تم الحل,20.0,4.0,لا
MKC-2027445,2023-11-15,2023-11-19,الشوقية,شكوى مخالفة بناء,شكوى,حساب X (تويتر),مغلق - تم الحل,4.0,5.0,لا
MKC-2025262,2023-11-15,2023-11-20,الجميزة,تجديد رخصة تجارية,طلب ترخيص,مكتب خدمة العملاء,مقبول ومنفذ,5.0,5.0,لا
MKC-2025859,2023-11-15,,المسفلة,شكوى صرف صحي,شكوى,حساب X (تويتر),قيد المعالجة,,,لا
MKC-2024001,2023-11-15,2023-11-29,الحجون,ترخيص لافتات إعلانية,طلب ترخيص,تطبيق بلدي,مرفوض,14.0,,لا
MKC-2023398,2023-11-15,2023-11-21,الزاهر,شكوى صرف صحي,شكوى,تطبيق بلدي,محول لجهة أخرى,6.0,,لا
MKC-2023457,2023-11-15,2023-11-30,الرصيفة,ترخيص تجاري,طلب ترخيص,تطبيق بلدي,محول لجهة أخرى,15.0,,لا
MKC-2028952,2023-11-15,2023-12-24,الشوقية,ترخيص بناء,طلب ترخيص,المركز الموحد 940,مرفوض,39.0,,لا
MKC-2025871,2023-11-15,2023-11-20,الشرائع,شكوى صرف صحي,شكوى,المركز الموحد 940,مغلق - تم الحل,5.0,3.0,لا
MKC-2024507,2023-11-16,2023-11-25,الزاهر,ترخيص لافتات إعلانية,طلب ترخيص,حساب X (تويتر),مغلق - تم الحل,9.0,4.0,لا
MKC-2027169,2023-11-16,2023-11-20,الزاهر,شكوى باعة متجولين,شكوى,تطبيق بلدي,مغلق - تم الحل,4.0,4.0,لا
MKC-2028203,2023-11-16,2023-11-21,العزيزية,شكوى إنارة شوارع,شكوى,مكتب خدمة العملاء,مغلق - تم الحل,5.0,5.0,لا
MKC-2027480,2023-11-16,2023-11-23,الشوقية,تجديد رخصة تجارية,طلب ترخيص,حساب X (تويتر),مقبول ومنفذ,7.0,5.0,لا
MKC-2023056,2023-11-16,2023-11-23,الجميزة,تجديد رخصة تجارية,طلب ترخيص,تطبيق بلدي,مقبول ومنفذ,7.0,5.0,لا
MKC-2026046,2023-11-17,,النوارية,شكوى مخالفة بناء,شكوى,مكتب خدمة العملاء,قيد المعالجة,,,لا
MKC-2024565,2023-11-17,2023-12-15,الكعكية,ترخيص تجاري,طلب ترخيص,مكتب فرعي بالحي,مقبول ومنفذ,28.0,4.0,لا
MKC-2027503,2023-11-17,2023-11-24,جرول,شكوى مركبات مهملة,شكوى,تطبيق بلدي,مغلق - تم الحل,7.0,5.0,لا
MKC-2028244,2023-11-17,2023-12-02,الشرائع,ترخيص بناء,طلب ترخيص,تطبيق بلدي,مرفوض,15.0,,لا
MKC-2025735,2023-11-17,2023-12-13,العزيزية,شكوى مخالفة بناء,شكوى,تطبيق بلدي,مغلق - تم الحل,26.0,3.0,لا
MKC-2023759,2023-11-17,2023-11-30,النسيم,ترخيص بناء,طلب ترخيص,تطبيق بلدي,مقبول ومنفذ,13.0,4.0,لا
MKC-2024009,2023-11-18,2023-11-26,الكعكية,شكوى إنارة شوارع,شكوى,حساب X (تويتر),مغلق - تم الحل,8.0,4.0,لا
MKC-2023087,2023-11-18,2023-11-21,النوارية,تجديد رخصة تجارية,طلب ترخيص,المركز الموحد 940,مقبول ومنفذ,3.0,4.0,لا
MKC-2024290,2023-11-18,2023-11-21,الحجون,شكوى نظافة عامة,شكوى,مكتب فرعي بالحي,محول لجهة أخرى,3.0,,لا
MKC-2024136,2023-11-18,2023-12-10,الجميزة,طلب صيانة حديقة/ملعب,طلب صيانة,تطبيق بلدي,مرفوض,22.0,,لا
MKC-2024364,2023-11-18,2023-11-22,جرول,تجديد رخصة تجارية,طلب ترخيص,مكتب فرعي بالحي,مقبول ومنفذ,4.0,4.0,لا
MKC-2025510,2023-11-19,2023-11-25,المسفلة,شكوى إنارة شوارع,شكوى,مكتب فرعي بالحي,مرفوض,6.0,,لا
MKC-2028789,2023-11-19,2023-11-22,النسيم,شكوى مركبات مهملة,شكوى,تطبيق بلدي,مغلق - تم الحل,3.0,5.0,لا
MKC-2027803,2023-11-19,2023-11-23,العتيبية,شكوى مركبات مهملة,شكوى,تطبيق بلدي,مغلق - تم الحل,4.0,3.0,لا
MKC-2025370,2023-11-19,2023-11-21,الحجون,شكوى إنارة شوارع,شكوى,تطبيق بلدي,مغلق - تم الحل,2.0,3.0,لا
MKC-2023305,2023-11-19,2023-11-24,أجياد,شكوى نظافة عامة,شكوى,تطبيق بلدي,مقبول ومنفذ,5.0,3.0,لا
MKC-2028844,2023-11-19,2023-11-28,الهجرة,ترخيص تجاري,طلب ترخيص,مكتب فرعي بالحي,مقبول ومنفذ,9.0,3.0,لا
MKC-2027856,2023-11-19,2023-11-29,الهجرة,شكوى مخالفة بناء,شكوى,مكتب فرعي بالحي,محول لجهة أخرى,10.0,,لا
MKC-2025832,2023-11-19,2023-12-09,الكعكية,طلب صيانة حديقة/ملعب,طلب صيانة,حساب X (تويتر),مرفوض,20.0,,لا
MKC-2024976,2023-11-20,2023-12-16,الحجون,شكوى مخالفة بناء,شكوى,مكتب خدمة العملاء,محول لجهة أخرى,26.0,,لا
MKC-2024645,2023-11-20,2023-11-28,الحجون,شكوى مخالفة بناء,شكوى,مكتب خدمة العملاء,محول لجهة أخرى,8.0,,لا
MKC-2024357,2023-11-20,2023-11-23,الكعكية,شكوى نظافة عامة,شكوى,المركز الموحد 940,مقبول ومنفذ,3.0,4.0,لا
MKC-2025558,2023-11-20,,الجميزة,شكوى مركبات مهملة,شكوى,مكتب خدمة العملاء,قيد المعالجة,,,لا
MKC-2027649,2023-11-20,2023-11-24,الشوقية,شكوى صرف صحي,شكوى,حساب X (تويتر),محول لجهة أخرى,4.0,,لا
MKC-2026883,2023-11-20,,جرول,شكوى إنارة شوارع,شكوى,تطبيق بلدي,قيد المعالجة,,,لا
MKC-2028393,2023-11-20,2023-12-14,العزيزية,ترخيص بناء,طلب ترخيص,حساب X (تويتر),مقبول ومنفذ,24.0,1.0,لا
MKC-2027976,2023-11-21,2023-11-23,الحجون,شكوى إشغال طريق,شكوى,حساب X (تويتر),مغلق - تم الحل,2.0,4.0,لا
MKC-2026754,2023-11-21,2023-12-01,الزاهر,شكوى صرف صحي,شكوى,مكتب خدمة العملاء,مرفوض,10.0,,لا
MKC-2025636,2023-11-21,,بطحاء قريش,تجديد رخصة تجارية,طلب ترخيص,تطبيق بلدي,قيد المعالجة,,,لا
MKC-2023623,2023-11-21,2023-11-23,الحجون,شكوى نظافة عامة,شكوى,مكتب فرعي بالحي,محول لجهة أخرى,2.0,,لا
MKC-2025826,2023-11-21,2023-11-27,العزيزية,تجديد رخصة تجارية,طلب ترخيص,تطبيق بلدي,محول لجهة أخرى,6.0,,لا
MKC-2028782,2023-11-21,2023-11-23,النوارية,شكوى إشغال طريق,شكوى,مكتب خدمة العملاء,مقبول ومنفذ,2.0,4.0,لا
MKC-2028904,2023-11-21,2023-11-25,بطحاء قريش,ترخيص لافتات إعلانية,طلب ترخيص,مكتب خدمة العملاء,مرفوض,4.0,,لا
MKC-2027257,2023-11-21,2023-11-26,جرول,شكوى إنارة شوارع,شكوى,تطبيق بلدي,مقبول ومنفذ,5.0,4.0,لا
MKC-2023976,2023-11-21,,الششة,تجديد رخصة تجارية,طلب ترخيص,تطبيق بلدي,قيد المعالجة,,,لا
MKC-2024176,2023-11-21,2023-11-26,الزاهر,شكوى مخالفة بناء,شكوى,المركز الموحد 940,محول لجهة أخرى,5.0,,لا
MKC-2026094,2023-11-22,2023-12-01,العزيزية,ترخيص تجاري,طلب ترخيص,تطبيق بلدي,مقبول ومنفذ,9.0,4.0,لا
MKC-2028920,2023-11-22,2023-12-19,الكعكية,ترخيص تجاري,طلب ترخيص,تطبيق بلدي,مقبول ومنفذ,27.0,3.0,لا
MKC-2023354,2023-11-22,2024-01-05,الشرائع,ترخيص بناء,طلب ترخيص,تطبيق بلدي,مقبول ومنفذ,44.0,4.0,لا
MKC-2027911,2023-11-22,2023-12-01,الشرائع,شكوى إشغال طريق,شكوى,حساب X (تويتر),محول لجهة أخرى,9.0,,لا
MKC-2024321,2023-11-22,2023-12-11,أجياد,شكوى مخالفة بناء,شكوى,مكتب خدمة العملاء,مغلق - تم الحل,19.0,4.0,لا
MKC-2024544,2023-11-23,2023-11-24,الرصيفة,شكوى صرف صحي,شكوى,مكتب خدمة العملاء,مغلق - تم الحل,1.0,4.0,لا
MKC-2025089,2023-11-23,2023-11-27,المسفلة,شكوى إنارة شوارع,شكوى,مكتب فرعي بالحي,محول لجهة أخرى,4.0,,لا
MKC-2027613,2023-11-23,2023-12-16,الرصيفة,ترخيص تجاري,طلب ترخيص,تطبيق بلدي,مقبول ومنفذ,23.0,4.0,لا
MKC-2026987,2023-11-23,,الكعكية,شكوى مخالفة بناء,شكوى,حساب X (تويتر),قيد المعالجة,,,لا
MKC-2025669,2023-11-23,2023-11-28,الشوقية,ترخيص لافتات إعلانية,طلب ترخيص,مكتب خدمة العملاء,مقبول ومنفذ,5.0,5.0,لا
MKC-2023026,2023-11-23,2023-11-24,الششة,شكوى نظافة عامة,شكوى,المركز الموحد 940,محول لجهة أخرى,1.0,,لا
MKC-2026869,2023-11-23,2023-12-25,النوارية,ترخيص بناء,طلب ترخيص,تطبيق بلدي,محول لجهة أخرى,32.0,,لا
MKC-2023236,2023-11-23,2023-11-28,النوارية,تجديد رخصة تجارية,طلب ترخيص,تطبيق بلدي,مرفوض,5.0,,لا
MKC-2028415,2023-11-24,2023-12-15,جرول,ترخيص تجاري,طلب ترخيص,المركز الموحد 940,مقبول ومنفذ,21.0,3.0,لا
MKC-2024642,2023-11-24,2023-11-27,الششة,شكوى إشغال طريق,شكوى,مكتب خدمة العملاء,مغلق - تم الحل,3.0,4.0,لا
MKC-2028512,2023-11-24,,الشوقية,تجديد رخصة تجارية,طلب ترخيص,المركز الموحد 940,قيد المعالجة,,,لا
MKC-2024779,2023-11-24,,الشوقية,طلب صيانة حديقة/ملعب,طلب صيانة,المركز الموحد 940,قيد المعالجة,,,لا
MKC-2024830,2023-11-24,2023-11-30,المسفلة,شكوى نظافة عامة,شكوى,تطبيق بلدي,محول لجهة أخرى,6.0,,لا
MKC-2023883,2023-11-24,2023-11-28,الشوقية,شكوى نظافة عامة,شكوى,تطبيق بلدي,مغلق - تم الحل,4.0,5.0,لا
MKC-2027404,2023-11-24,2023-11-29,أجياد,تجديد رخصة تجارية,طلب ترخيص,المركز الموحد 940,مقبول ومنفذ,5.0,4.0,لا
MKC-2023900,2023-11-24,2023-12-15,الشوقية,ترخيص تجاري,طلب ترخيص,تطبيق بلدي,مقبول ومنفذ,21.0,4.0,لا
MKC-2025705,2023-11-24,2023-11-28,الجميزة,تجديد رخصة تجارية,طلب ترخيص,المركز الموحد 940,محول لجهة أخرى,4.0,,لا
MKC-2023550,2023-11-25,2023-11-30,العزيزية,ترخيص تجاري,طلب ترخيص,المركز الموحد 940,مقبول ومنفذ,5.0,5.0,لا
MKC-2025970,2023-11-25,2023-11-28,الششة,شكوى نظافة عامة,شكوى,مكتب خدمة العملاء,محول لجهة أخرى,3.0,,لا
MKC-2023983,2023-11-25,2023-11-29,بطحاء قريش,شكوى نظافة عامة,شكوى,مكتب خدمة العملاء,مغلق - تم الحل,4.0,4.0,لا
MKC-2023034,2023-11-25,2023-12-03,الرصيفة,شكوى مركبات مهملة,شكوى,تطبيق بلدي,مغلق - تم الحل,8.0,5.0,لا
MKC-2024487,2023-11-25,2023-11-30,الرصيفة,شكوى إشغال طريق,شكوى,حساب X (تويتر),محول لجهة أخرى,5.0,,لا
MKC-2028764,2023-11-26,2023-12-01,أجياد,تجديد رخصة تجارية,طلب ترخيص,حساب X (تويتر),مقبول ومنفذ,5.0,5.0,لا
MKC-2026860,2023-11-26,2023-11-28,العزيزية,شكوى باعة متجولين,شكوى,حساب X (تويتر),مرفوض,2.0,,لا
MKC-2023855,2023-11-26,2023-12-10,أجياد,شكوى مخالفة بناء,شكوى,تطبيق بلدي,مغلق - تم الحل,14.0,4.0,لا
MKC-2026833,2023-11-26,2023-11-28,الرصيفة,تجديد رخصة تجارية,طلب ترخيص,تطبيق بلدي,مقبول ومنفذ,2.0,4.0,لا
MKC-2024226,2023-11-26,2023-12-07,العتيبية,شكوى إنارة شوارع,شكوى,مكتب خدمة العملاء,مغلق - تم الحل,11.0,3.0,لا
MKC-2023061,2023-11-27,2023-11-29,العزيزية,شكوى نظافة عامة,شكوى,المركز الموحد 940,مغلق - تم الحل,2.0,3.0,لا
MKC-2025302,2023-11-27,2023-12-16,الهجرة,ترخيص تجاري,طلب ترخيص,المركز الموحد 940,مرفوض,19.0,,لا
MKC-2026545,2023-11-27,2023-11-29,النوارية,شكوى إشغال طريق,شكوى,حساب X (تويتر),مغلق - تم الحل,2.0,4.0,لا
MKC-2027383,2023-11-27,2023-12-14,الرصيفة,طلب صيانة حديقة/ملعب,طلب صيانة,تطبيق بلدي,مقبول ومنفذ,17.0,5.0,لا
MKC-2027997,2023-11-27,2023-12-15,العتيبية,شكوى مركبات مهملة,شكوى,تطبيق بلدي,مرفوض,18.0,,لا
MKC-2025673,2023-11-27,2023-12-11,الكعكية,شكوى إنارة شوارع,شكوى,المركز الموحد 940,محول لجهة أخرى,14.0,,لا
MKC-2027300,2023-11-27,2023-12-02,العزيزية,ترخيص لافتات إعلانية,طلب ترخيص,مكتب خدمة العملاء,محول لجهة أخرى,5.0,,لا
MKC-2025935,2023-11-27,2023-12-04,أجياد,تجديد رخصة تجارية,طلب ترخيص,تطبيق بلدي,مرفوض,7.0,,لا
MKC-2027690,2023-11-27,2023-12-04,جرول,شكوى مركبات مهملة,شكوى,مكتب خدمة العملاء,مغلق - تم الحل,7.0,4.0,لا
MKC-2026249,2023-11-28,,الكعكية,شكوى إنارة شوارع,شكوى,تطبيق بلدي,قيد المعالجة,,,لا
MKC-2025995,2023-11-28,2023-11-30,النسيم,شكوى باعة متجولين,شكوى,تطبيق بلدي,قيد المعالجة,2.0,,لا
MKC-2025676,2023-11-28,2023-12-21,العتيبية,ترخيص بناء,طلب ترخيص,تطبيق بلدي,محول لجهة أخرى,23.0,,لا
MKC-2024817,2023-11-28,2023-12-21,النسيم,طلب صيانة حديقة/ملعب,طلب صيانة,تطبيق بلدي,مرفوض,23.0,,لا
MKC-2024012,2023-11-28,2023-12-02,جرول,شكوى باعة متجولين,شكوى,المركز الموحد 940,مغلق - تم الحل,4.0,4.0,لا
MKC-2024968,2023-11-28,2023-12-06,الشوقية,شكوى مخالفة بناء,شكوى,المركز الموحد 940,مغلق - تم الحل,8.0,5.0,لا
MKC-2026532,2023-11-29,2023-12-04,الكعكية,طلب صيانة حديقة/ملعب,طلب صيانة,المركز الموحد 940,محول لجهة أخرى,5.0,,لا
MKC-2027333,2023-11-29,2024-01-06,الشرائع,ترخيص بناء,طلب ترخيص,المركز الموحد 940,مقبول ومنفذ,38.0,3.0,لا
MKC-2023144,2023-11-29,2023-12-12,العزيزية,ترخيص بناء,طلب ترخيص,المركز الموحد 940,مغلق - تم الحل,13.0,5.0,لا
MKC-2028838,2023-11-29,2023-11-30,المسفلة,شكوى باعة متجولين,شكوى,تطبيق بلدي,مغلق - تم الحل,1.0,4.0,لا
MKC-2027153,2023-11-29,2023-12-03,الرصيفة,شكوى باعة متجولين,شكوى,حساب X (تويتر),مغلق - تم الحل,4.0,4.0,لا
MKC-2028152,2023-11-29,2023-12-18,العزيزية,شكوى مركبات مهملة,شكوى,تطبيق بلدي,محول لجهة أخرى,19.0,,لا
MKC-2027642,2023-11-29,2023-12-06,العتيبية,شكوى مخالفة بناء,شكوى,تطبيق بلدي,مغلق - تم الحل,7.0,4.0,لا
MKC-2024704,2023-11-29,2023-12-08,الششة,شكوى صرف صحي,شكوى,تطبيق بلدي,مغلق - تم الحل,9.0,3.0,لا
MKC-2028599,2023-11-30,2023-12-14,الزاهر,ترخيص بناء,طلب ترخيص,تطبيق بلدي,محول لجهة أخرى,14.0,,لا
MKC-2023486,2023-11-30,2023-12-11,النوارية,ترخيص لافتات إعلانية,طلب ترخيص,مكتب فرعي بالحي,مقبول ومنفذ,11.0,4.0,لا
MKC-2027924,2023-11-30,2023-12-04,الزاهر,شكوى نظافة عامة,شكوى,مكتب خدمة العملاء,مغلق - تم الحل,4.0,5.0,لا
MKC-2026911,2023-11-30,2023-12-03,الزاهر,شكوى إشغال طريق,شكوى,المركز الموحد 940,مرفوض,3.0,,لا
MKC-2027144,2023-11-30,2023-12-06,الهجرة,تجديد رخصة تجارية,طلب ترخيص,تطبيق بلدي,مقبول ومنفذ,6.0,4.0,لا
MKC-2024936,2023-11-30,2023-12-25,المسفلة,طلب صيانة حديقة/ملعب,طلب صيانة,مكتب فرعي بالحي,مقبول ومنفذ,25.0,4.0,لا
MKC-2023471,2023-11-30,2023-12-06,الزاهر,شكوى نظافة عامة,شكوى,مكتب خدمة العملاء,مغلق - تم الحل,6.0,4.0,لا
MKC-2025057,2023-11-30,2023-12-02,الشرائع,تجديد رخصة تجارية,طلب ترخيص,المركز الموحد 940,مقبول ومنفذ,2.0,4.0,لا
MKC-2026022,2023-11-30,2023-12-15,جرول,شكوى مخالفة بناء,شكوى,تطبيق بلدي,مغلق - تم الحل,15.0,4.0,لا
MKC-2023709,2023-12-01,2024-01-14,العزيزية,ترخيص بناء,طلب ترخيص,مكتب خدمة العملاء,مقبول ومنفذ,44.0,2.0,لا
MKC-2024994,2023-12-01,2023-12-10,الشرائع,شكوى صرف صحي,شكوى,المركز الموحد 940,مرفوض,9.0,,لا
MKC-2024489,2023-12-01,2023-12-28,الجميزة,ترخيص بناء,طلب ترخيص,حساب X (تويتر),محول لجهة أخرى,27.0,,لا
MKC-2027366,2023-12-01,2023-12-12,الشرائع,ترخيص بناء,طلب ترخيص,تطبيق بلدي,مقبول ومنفذ,11.0,3.0,لا
MKC-2024748,2023-12-01,2023-12-14,الششة,شكوى إنارة شوارع,شكوى,المركز الموحد 940,مغلق - تم الحل,13.0,4.0,لا
MKC-2024227,2023-12-01,2023-12-05,الهجرة,تجديد رخصة تجارية,طلب ترخيص,تطبيق بلدي,مقبول ومنفذ,4.0,5.0,لا
MKC-2023037,2023-12-01,2023-12-07,المسفلة,شكوى مخالفة بناء,شكوى,مكتب خدمة العملاء,مغلق - تم الحل,6.0,4.0,لا
MKC-2026719,2023-12-01,2023-12-11,الزاهر,شكوى صرف صحي,شكوى,المركز الموحد 940,مقبول ومنفذ,10.0,4.0,لا
MKC-2026830,2023-12-01,2023-12-07,الجميزة,شكوى صرف صحي,شكوى,المركز الموحد 940,محول لجهة أخرى,6.0,,لا
MKC-2024568,2023-12-02,2023-12-06,العزيزية,شكوى باعة متجولين,شكوى,تطبيق بلدي,مغلق - تم الحل,4.0,5.0,لا
MKC-2024922,2023-12-02,2023-12-21,العزيزية,شكوى مركبات مهملة,شكوى,تطبيق بلدي,مغلق - تم الحل,19.0,5.0,لا
MKC-2026263,2023-12-02,2023-12-11,الكعكية,شكوى صرف صحي,شكوى,المركز الموحد 940,مغلق - تم الحل,9.0,3.0,لا
MKC-2027242,2023-12-02,2023-12-22,النسيم,ترخيص تجاري,طلب ترخيص,مكتب خدمة العملاء,مرفوض,20.0,,لا
MKC-2024479,2023-12-03,2023-12-07,العزيزية,شكوى إنارة شوارع,شكوى,حساب X (تويتر),محول لجهة أخرى,4.0,,لا
MKC-2024527,2023-12-03,2023-12-07,الزاهر,شكوى مركبات مهملة,شكوى,تطبيق بلدي,مغلق - تم الحل,4.0,5.0,لا
MKC-2025362,2023-12-03,2023-12-11,الشوقية,شكوى إشغال طريق,شكوى,تطبيق بلدي,مرفوض,8.0,,لا
MKC-2023310,2023-12-03,2023-12-15,المسفلة,شكوى إنارة شوارع,شكوى,مكتب فرعي بالحي,مغلق - تم الحل,12.0,3.0,لا
MKC-2028133,2023-12-03,,العتيبية,شكوى إشغال طريق,شكوى,المركز الموحد 940,قيد المعالجة,,,لا
MKC-2028875,2023-12-03,2023-12-06,الشوقية,شكوى نظافة عامة,شكوى,مكتب خدمة العملاء,محول لجهة أخرى,3.0,,لا
MKC-2023600,2023-12-03,2023-12-17,النسيم,ترخيص بناء,طلب ترخيص,مكتب فرعي بالحي,محول لجهة أخرى,14.0,,لا
MKC-2027797,2023-12-04,2024-01-13,العزيزية,ترخيص بناء,طلب ترخيص,مكتب فرعي بالحي,مغلق - تم الحل,40.0,2.0,لا
MKC-2027127,2023-12-04,2024-01-18,العزيزية,ترخيص بناء,طلب ترخيص,تطبيق بلدي,مقبول ومنفذ,45.0,2.0,لا
MKC-2026298,2023-12-04,2023-12-14,الزاهر,شكوى إنارة شوارع,شكوى,تطبيق بلدي,محول لجهة أخرى,10.0,,لا
MKC-2024630,2023-12-04,2024-01-08,المسفلة,ترخيص بناء,طلب ترخيص,حساب X (تويتر),مرفوض,35.0,,لا
MKC-2027697,2023-12-04,2023-12-20,العزيزية,طلب صيانة حديقة/ملعب,طلب صيانة,المركز الموحد 940,مقبول ومنفذ,16.0,4.0,لا
MKC-2027496,2023-12-04,2023-12-08,النسيم,شكوى نظافة عامة,شكوى,المركز الموحد 940,مغلق - تم الحل,4.0,4.0,لا
MKC-2027271,2023-12-04,2023-12-06,النسيم,شكوى إشغال طريق,شكوى,تطبيق بلدي,مرفوض,2.0,,لا
MKC-2023383,2023-12-04,2023-12-14,الكعكية,تجديد رخصة تجارية,طلب ترخيص,تطبيق بلدي,مقبول ومنفذ,10.0,4.0,لا
MKC-2028250,2023-12-04,2023-12-12,بطحاء قريش,شكوى صرف صحي,شكوى,مكتب فرعي بالحي,مغلق - تم الحل,8.0,5.0,لا
MKC-2027028,2023-12-05,2023-12-12,الهجرة,شكوى نظافة عامة,شكوى,مكتب خدمة العملاء,قيد المعالجة,7.0,,لا
MKC-2026546,2023-12-05,2023-12-13,النوارية,شكوى إشغال طريق,شكوى,المركز الموحد 940,مغلق - تم الحل,8.0,4.0,لا
MKC-2024088,2023-12-05,2023-12-09,الكعكية,شكوى إنارة شوارع,شكوى,المركز الموحد 940,مغلق - تم الحل,4.0,3.0,لا
MKC-2025055,2023-12-05,2023-12-08,الششة,شكوى نظافة عامة,شكوى,تطبيق بلدي,محول لجهة أخرى,3.0,,لا
MKC-2027044,2023-12-05,2023-12-23,الششة,شكوى مخالفة بناء,شكوى,تطبيق بلدي,محول لجهة أخرى,18.0,,لا
MKC-2026357,2023-12-05,2023-12-17,الكعكية,شكوى إنارة شوارع,شكوى,المركز الموحد 940,مغلق - تم الحل,12.0,4.0,لا
MKC-2028224,2023-12-05,2023-12-14,العتيبية,شكوى إنارة شوارع,شكوى,تطبيق بلدي,محول لجهة أخرى,9.0,,لا
MKC-2023753,2023-12-05,2023-12-17,العزيزية,شكوى صرف صحي,شكوى,حساب X (تويتر),مغلق - تم الحل,12.0,5.0,لا
MKC-2027533,2023-12-06,2023-12-08,الشرائع,تجديد رخصة تجارية,طلب ترخيص,حساب X (تويتر),محول لجهة أخرى,2.0,,لا
MKC-2024535,2023-12-06,2023-12-29,الزاهر,ترخيص بناء,طلب ترخيص,مكتب خدمة العملاء,مقبول ومنفذ,23.0,3.0,لا
MKC-2024827,2023-12-06,2023-12-14,الزاهر,ترخيص لافتات إعلانية,طلب ترخيص,مكتب خدمة العملاء,مقبول ومنفذ,8.0,4.0,لا
MKC-2023321,2023-12-06,2023-12-27,النوارية,ترخيص تجاري,طلب ترخيص,مكتب فرعي بالحي,مقبول ومنفذ,21.0,3.0,لا
MKC-2025444,2023-12-06,2023-12-29,الزاهر,ترخيص بناء,طلب ترخيص,المركز الموحد 940,مرفوض,23.0,,لا
MKC-2027895,2023-12-06,2023-12-11,جرول,شكوى مركبات مهملة,شكوى,مكتب خدمة العملاء,مرفوض,5.0,,لا
MKC-2023903,2023-12-06,2023-12-12,النسيم,ترخيص تجاري,طلب ترخيص,مكتب خدمة العملاء,محول لجهة أخرى,6.0,,لا
MKC-2025213,2023-12-07,2023-12-08,أجياد,شكوى إنارة شوارع,شكوى,تطبيق بلدي,مغلق - تم الحل,1.0,3.0,لا
MKC-2023965,2023-12-07,2023-12-09,الزاهر,شكوى نظافة عامة,شكوى,حساب X (تويتر),مغلق - تم الحل,2.0,4.0,لا
MKC-2023572,2023-12-07,,الزاهر,شكوى باعة متجولين,شكوى,المركز الموحد 940,قيد المعالجة,,,لا
MKC-2027753,2023-12-07,2023-12-16,العزيزية,تجديد رخصة تجارية,طلب ترخيص,حساب X (تويتر),مقبول ومنفذ,9.0,5.0,لا
MKC-2024342,2023-12-07,2023-12-18,المسفلة,شكوى مخالفة بناء,شكوى,حساب X (تويتر),مغلق - تم الحل,11.0,4.0,لا
MKC-2023137,2023-12-07,2023-12-22,الششة,ترخيص تجاري,طلب ترخيص,المركز الموحد 940,مقبول ومنفذ,15.0,4.0,لا
MKC-2026567,2023-12-08,2023-12-11,الحجون,تجديد رخصة تجارية,طلب ترخيص,تطبيق بلدي,مقبول ومنفذ,3.0,5.0,لا
MKC-2024421,2023-12-08,2023-12-13,أجياد,شكوى نظافة عامة,شكوى,تطبيق بلدي,مغلق - تم الحل,5.0,3.0,لا
MKC-2028989,2023-12-08,2023-12-12,النوارية,تجديد رخصة تجارية,طلب ترخيص,تطبيق بلدي,مقبول ومنفذ,4.0,3.0,لا
MKC-2026276,2023-12-08,2023-12-13,النسيم,شكوى نظافة عامة,شكوى,تطبيق بلدي,محول لجهة أخرى,5.0,,لا
MKC-2028147,2023-12-08,2023-12-13,الشرائع,شكوى إشغال طريق,شكوى,مكتب فرعي بالحي,محول لجهة أخرى,5.0,,لا
MKC-2026229,2023-12-08,2023-12-13,الشرائع,شكوى إشغال طريق,شكوى,تطبيق بلدي,مغلق - تم الحل,5.0,4.0,لا
MKC-2027119,2023-12-08,2023-12-10,النسيم,شكوى نظافة عامة,شكوى,تطبيق بلدي,مغلق - تم الحل,2.0,4.0,لا
MKC-2026529,2023-12-09,2023-12-14,النوارية,شكوى صرف صحي,شكوى,المركز الموحد 940,مغلق - تم الحل,5.0,4.0,لا
MKC-2027183,2023-12-09,2023-12-12,النوارية,شكوى مخالفة بناء,شكوى,المركز الموحد 940,مغلق - تم الحل,3.0,3.0,لا
MKC-2027927,2023-12-09,2023-12-21,الشوقية,شكوى مخالفة بناء,شكوى,المركز الموحد 940,مغلق - تم الحل,12.0,5.0,لا
MKC-2026587,2023-12-09,2023-12-26,الشوقية,شكوى مخالفة بناء,شكوى,مكتب خدمة العملاء,مغلق - تم الحل,17.0,4.0,لا
MKC-2025303,2023-12-10,2023-12-13,العزيزية,شكوى باعة متجولين,شكوى,مكتب خدمة العملاء,مغلق - تم الحل,3.0,4.0,لا
MKC-2026683,2023-12-11,2023-12-17,الزاهر,شكوى إنارة شوارع,شكوى,مكتب خدمة العملاء,مغلق - تم الحل,6.0,5.0,لا
MKC-2024478,2023-12-11,2023-12-21,المسفلة,شكوى مخالفة بناء,شكوى,تطبيق بلدي,مغلق - تم الحل,10.0,3.0,لا
MKC-2026294,2023-12-11,2023-12-21,الرصيفة,شكوى صرف صحي,شكوى,المركز الموحد 940,مقبول ومنفذ,10.0,5.0,لا
MKC-2027358,2023-12-11,2023-12-18,الجميزة,شكوى نظافة عامة,شكوى,تطبيق بلدي,مغلق - تم الحل,7.0,5.0,لا
MKC-2024207,2023-12-11,2023-12-28,العزيزية,ترخيص تجاري,طلب ترخيص,حساب X (تويتر),مقبول ومنفذ,17.0,2.0,لا
MKC-2025414,2023-12-11,2023-12-18,العزيزية,شكوى نظافة عامة,شكوى,تطبيق بلدي,مغلق - تم الحل,7.0,4.0,لا
MKC-2023140,2023-12-11,2023-12-15,الزاهر,شكوى باعة متجولين,شكوى,تطبيق بلدي,مغلق - تم الحل,4.0,4.0,لا
MKC-2027962,2023-12-11,2023-12-19,الشرائع,تجديد رخصة تجارية,طلب ترخيص,المركز الموحد 940,مقبول ومنفذ,8.0,4.0,لا
MKC-2028017,2023-12-11,2023-12-13,أجياد,شكوى نظافة عامة,شكوى,تطبيق بلدي,محول لجهة أخرى,2.0,,لا
MKC-2028076,2023-12-12,2023-12-25,الرصيفة,ترخيص تجاري,طلب ترخيص,تطبيق بلدي,مقبول ومنفذ,13.0,4.0,لا
MKC-2025006,2023-12-13,2023-12-18,النسيم,ترخيص لافتات إعلانية,طلب ترخيص,تطبيق بلدي,مرفوض,5.0,,لا
MKC-2027578,2023-12-13,2023-12-16,النسيم,تجديد رخصة تجارية,طلب ترخيص,حساب X (تويتر),محول لجهة أخرى,3.0,,لا
MKC-2026253,2023-12-13,2023-12-27,الهجرة,شكوى إنارة شوارع,شكوى,تطبيق بلدي,محول لجهة أخرى,14.0,,لا
MKC-2023221,2023-12-13,2023-12-21,الششة,شكوى إنارة شوارع,شكوى,مكتب فرعي بالحي,مغلق - تم الحل,8.0,4.0,لا
MKC-2027447,2023-12-13,2024-01-03,المسفلة,شكوى مخالفة بناء,شكوى,تطبيق بلدي,محول لجهة أخرى,21.0,,لا
MKC-2025356,2023-12-13,2023-12-27,الزاهر,ترخيص لافتات إعلانية,طلب ترخيص,مكتب خدمة العملاء,مقبول ومنفذ,14.0,3.0,لا
MKC-2023621,2023-12-14,2023-12-23,جرول,تجديد رخصة تجارية,طلب ترخيص,مكتب خدمة العملاء,مقبول ومنفذ,9.0,3.0,لا
MKC-2023745,2023-12-14,2023-12-18,العتيبية,شكوى إشغال طريق,شكوى,تطبيق بلدي,مرفوض,4.0,,لا
MKC-2028269,2023-12-14,2023-12-22,العزيزية,شكوى إشغال طريق,شكوى,مكتب فرعي بالحي,مغلق - تم الحل,8.0,4.0,لا
MKC-2028421,2023-12-14,2023-12-18,الكعكية,شكوى صرف صحي,شكوى,مكتب خدمة العملاء,قيد المعالجة,4.0,,لا
MKC-2024077,2023-12-14,2023-12-19,الششة,تجديد رخصة تجارية,طلب ترخيص,المركز الموحد 940,محول لجهة أخرى,5.0,,لا
MKC-2028588,2023-12-14,2023-12-22,المسفلة,شكوى مخالفة بناء,شكوى,مكتب خدمة العملاء,محول لجهة أخرى,8.0,,لا
MKC-2023557,2023-12-14,2023-12-21,أجياد,تجديد رخصة تجارية,طلب ترخيص,تطبيق بلدي,مقبول ومنفذ,7.0,4.0,لا
MKC-2026775,2023-12-15,2023-12-16,النسيم,شكوى نظافة عامة,شكوى,تطبيق بلدي,مغلق - تم الحل,1.0,4.0,لا
MKC-2026182,2023-12-15,2023-12-25,المسفلة,شكوى إنارة شوارع,شكوى,حساب X (تويتر),مغلق - تم الحل,10.0,4.0,لا
MKC-2027790,2023-12-15,2023-12-19,الشرائع,شكوى نظافة عامة,شكوى,مكتب خدمة العملاء,مغلق - تم الحل,4.0,5.0,لا
MKC-2023958,2023-12-15,2023-12-18,الشرائع,شكوى نظافة عامة,شكوى,مكتب خدمة العملاء,محول لجهة أخرى,3.0,,لا
MKC-2024148,2023-12-15,2023-12-24,العتيبية,شكوى إشغال طريق,شكوى,تطبيق بلدي,مغلق - تم الحل,9.0,4.0,لا
MKC-2023141,2023-12-15,2024-01-12,العزيزية,ترخيص تجاري,طلب ترخيص,تطبيق بلدي,مرفوض,28.0,,لا
MKC-2026293,2023-12-15,2024-01-14,الكعكية,ترخيص بناء,طلب ترخيص,مكتب خدمة العملاء,مقبول ومنفذ,30.0,1.0,لا
MKC-2028884,2023-12-16,2023-12-22,الششة,شكوى نظافة عامة,شكوى,مكتب خدمة العملاء,مغلق - تم الحل,6.0,4.0,لا
MKC-2024821,2023-12-16,2023-12-27,النوارية,شكوى مخالفة بناء,شكوى,مكتب خدمة العملاء,مغلق - تم الحل,11.0,5.0,لا
MKC-2025664,2023-12-16,2023-12-23,العزيزية,تجديد رخصة تجارية,طلب ترخيص,تطبيق بلدي,مرفوض,7.0,,لا
MKC-2023358,2023-12-16,2023-12-18,الكعكية,تجديد رخصة تجارية,طلب ترخيص,حساب X (تويتر),محول لجهة أخرى,2.0,,لا
MKC-2025801,2023-12-16,2023-12-27,الششة,شكوى مركبات مهملة,شكوى,مكتب فرعي بالحي,محول لجهة أخرى,11.0,,لا
MKC-2023559,2023-12-17,2023-12-25,العزيزية,شكوى إنارة شوارع,شكوى,المركز الموحد 940,مغلق - تم الحل,8.0,4.0,لا
MKC-2027543,2023-12-17,2024-01-08,العزيزية,شكوى مخالفة بناء,شكوى,المركز الموحد 940,محول لجهة أخرى,22.0,,لا
MKC-2027189,2023-12-17,2023-12-20,الحجون,شكوى إنارة شوارع,شكوى,تطبيق بلدي,مغلق - تم الحل,3.0,4.0,لا
MKC-2028757,2023-12-17,,الششة,شكوى باعة متجولين,شكوى,تطبيق بلدي,قيد المعالجة,,,لا
MKC-2024269,2023-12-17,2023-12-25,جرول,شكوى إشغال طريق,شكوى,مكتب فرعي بالحي,مغلق - تم الحل,8.0,3.0,لا
MKC-2024829,2023-12-17,2023-12-21,أجياد,شكوى نظافة عامة,شكوى,مكتب خدمة العملاء,مقبول ومنفذ,4.0,5.0,لا
MKC-2026978,2023-12-17,2023-12-21,الهجرة,شكوى إشغال طريق,شكوى,تطبيق بلدي,مغلق - تم الحل,4.0,3.0,لا
MKC-2025612,2023-12-17,,الزاهر,شكوى باعة متجولين,شكوى,تطبيق بلدي,قيد المعالجة,,,لا
MKC-2024920,2023-12-18,2023-12-25,الحجون,شكوى مخالفة بناء,شكوى,المركز الموحد 940,قيد المعالجة,7.0,,لا
MKC-2025615,2023-12-18,2023-12-21,الرصيفة,شكوى إشغال طريق,شكوى,مكتب خدمة العملاء,مغلق - تم الحل,3.0,3.0,لا
MKC-2025097,2023-12-18,,العزيزية,شكوى إشغال طريق,شكوى,تطبيق بلدي,قيد المعالجة,,,لا
MKC-2023125,2023-12-18,2024-01-08,العتيبية,ترخيص تجاري,طلب ترخيص,تطبيق بلدي,قيد المعالجة,21.0,,لا
MKC-2027497,2023-12-18,2024-01-02,العتيبية,ترخيص تجاري,طلب ترخيص,مكتب فرعي بالحي,مقبول ومنفذ,15.0,3.0,لا
MKC-2023508,2023-12-18,2023-12-27,العتيبية,شكوى إنارة شوارع,شكوى,تطبيق بلدي,مقبول ومنفذ,9.0,4.0,لا
MKC-2024569,2023-12-18,2023-12-23,النوارية,شكوى إشغال طريق,شكوى,المركز الموحد 940,مغلق - تم الحل,5.0,4.0,لا
MKC-2026354,2023-12-19,2023-12-26,جرول,شكوى إشغال طريق,شكوى,تطبيق بلدي,مغلق - تم الحل,7.0,4.0,لا
MKC-2023906,2023-12-19,2024-01-01,المسفلة,شكوى إنارة شوارع,شكوى,المركز الموحد 940,مغلق - تم الحل,13.0,4.0,لا
MKC-2027474,2023-12-19,2024-01-06,الزاهر,طلب صيانة حديقة/ملعب,طلب صيانة,المركز الموحد 940,مقبول ومنفذ,18.0,5.0,لا
MKC-2026055,2023-12-19,2023-12-28,النسيم,شكوى إنارة شوارع,شكوى,مكتب خدمة العملاء,محول لجهة أخرى,9.0,,لا
MKC-2024724,2023-12-19,2024-01-29,العتيبية,ترخيص بناء,طلب ترخيص,مكتب خدمة العملاء,مغلق - تم الحل,41.0,3.0,لا
MKC-2027006,2023-12-19,2024-01-29,الكعكية,ترخيص بناء,طلب ترخيص,مكتب فرعي بالحي,مقبول ومنفذ,41.0,3.0,لا
MKC-2025631,2023-12-20,2023-12-24,الزاهر,شكوى باعة متجولين,شكوى,تطبيق بلدي,مغلق - تم الحل,4.0,2.0,لا
MKC-2025318,2023-12-20,,العتيبية,شكوى نظافة عامة,شكوى,حساب X (تويتر),قيد المعالجة,,,لا
MKC-2024320,2023-12-20,2023-12-27,الشوقية,شكوى إشغال طريق,شكوى,تطبيق بلدي,محول لجهة أخرى,7.0,,لا
MKC-2026506,2023-12-20,2023-12-22,العتيبية,شكوى باعة متجولين,شكوى,مكتب خدمة العملاء,مقبول ومنفذ,2.0,5.0,لا
MKC-2024331,2023-12-20,2024-01-04,العتيبية,ترخيص تجاري,طلب ترخيص,مكتب خدمة العملاء,مقبول ومنفذ,15.0,3.0,لا
MKC-2026297,2023-12-20,2024-01-17,بطحاء قريش,ترخيص تجاري,طلب ترخيص,المركز الموحد 940,مرفوض,28.0,,لا
MKC-2025748,2023-12-20,2023-12-24,الشوقية,شكوى مركبات مهملة,شكوى,المركز الموحد 940,محول لجهة أخرى,4.0,,لا
MKC-2023677,2023-12-20,2024-01-09,النوارية,شكوى مركبات مهملة,شكوى,مكتب خدمة العملاء,مغلق - تم الحل,20.0,2.0,لا
MKC-2027591,2023-12-20,2023-12-23,أجياد,شكوى نظافة عامة,شكوى,تطبيق بلدي,مغلق - تم الحل,3.0,4.0,لا
MKC-2024557,2023-12-21,2024-01-02,العزيزية,ترخيص تجاري,طلب ترخيص,المركز الموحد 940,مقبول ومنفذ,12.0,5.0,لا
MKC-2026966,2023-12-21,2023-12-27,أجياد,شكوى إشغال طريق,شكوى,حساب X (تويتر),مغلق - تم الحل,6.0,5.0,لا
MKC-2026934,2023-12-21,,الزاهر,شكوى نظافة عامة,شكوى,مكتب خدمة العملاء,قيد المعالجة,,,لا
MKC-2028962,2023-12-21,2023-12-30,النسيم,ترخيص لافتات إعلانية,طلب ترخيص,تطبيق بلدي,مقبول ومنفذ,9.0,3.0,لا
MKC-2024473,2023-12-21,2023-12-22,النسيم,شكوى نظافة عامة,شكوى,المركز الموحد 940,مغلق - تم الحل,1.0,5.0,لا
MKC-2026938,2023-12-21,2024-01-02,العزيزية,شكوى مخالفة بناء,شكوى,تطبيق بلدي,مغلق - تم الحل,12.0,5.0,لا
MKC-2025329,2023-12-21,,العزيزية,ترخيص تجاري,طلب ترخيص,المركز الموحد 940,قيد المعالجة,,,لا
MKC-2026556,2023-12-22,2024-01-02,العتيبية,ترخيص تجاري,طلب ترخيص,مكتب فرعي بالحي,مقبول ومنفذ,11.0,3.0,لا
MKC-2027900,2023-12-22,2024-01-02,الرصيفة,شكوى مخالفة بناء,شكوى,تطبيق بلدي,مغلق - تم الحل,11.0,5.0,لا
MKC-2026489,2023-12-22,2023-12-29,العزيزية,شكوى صرف صحي,شكوى,المركز الموحد 940,مغلق - تم الحل,7.0,4.0,لا
MKC-2024818,2023-12-22,2023-12-30,العزيزية,شكوى إنارة شوارع,شكوى,مكتب فرعي بالحي,محول لجهة أخرى,8.0,,لا
MKC-2025499,2023-12-22,2023-12-25,الششة,شكوى نظافة عامة,شكوى,مكتب خدمة العملاء,مغلق - تم الحل,3.0,4.0,لا
MKC-2024268,2023-12-22,2023-12-24,الزاهر,شكوى باعة متجولين,شكوى,المركز الموحد 940,مقبول ومنفذ,2.0,4.0,لا
MKC-2023580,2023-12-22,2024-01-07,الششة,ترخيص تجاري,طلب ترخيص,تطبيق بلدي,مقبول ومنفذ,16.0,2.0,لا
MKC-2025551,2023-12-23,2024-01-02,بطحاء قريش,تجديد رخصة تجارية,طلب ترخيص,المركز الموحد 940,محول لجهة أخرى,10.0,,لا
MKC-2024852,2023-12-23,,العزيزية,طلب صيانة حديقة/ملعب,طلب صيانة,مكتب فرعي بالحي,قيد المعالجة,,,لا
MKC-2028135,2023-12-23,,الشرائع,شكوى إنارة شوارع,شكوى,تطبيق بلدي,قيد المعالجة,,,لا
MKC-2027113,2023-12-23,,الرصيفة,شكوى نظافة عامة,شكوى,تطبيق بلدي,قيد المعالجة,,,لا
MKC-2027817,2023-12-24,2024-01-03,المسفلة,تجديد رخصة تجارية,طلب ترخيص,حساب X (تويتر),مرفوض,10.0,,لا
MKC-2028572,2023-12-24,2023-12-25,المسفلة,شكوى إشغال طريق,شكوى,تطبيق بلدي,مغلق - تم الحل,1.0,4.0,لا
MKC-2023089,2023-12-24,2024-01-25,الكعكية,ترخيص بناء,طلب ترخيص,مكتب فرعي بالحي,مقبول ومنفذ,32.0,4.0,لا
MKC-2025357,2023-12-24,2023-12-28,أجياد,طلب صيانة حديقة/ملعب,طلب صيانة,تطبيق بلدي,قيد المعالجة,4.0,,لا
MKC-2023202,2023-12-24,2024-01-05,العزيزية,شكوى إنارة شوارع,شكوى,مكتب خدمة العملاء,محول لجهة أخرى,12.0,,لا
MKC-2024126,2023-12-24,2023-12-28,الشرائع,شكوى نظافة عامة,شكوى,تطبيق بلدي,مغلق - تم الحل,4.0,4.0,لا
MKC-2028980,2023-12-24,,الهجرة,شكوى إشغال طريق,شكوى,تطبيق بلدي,قيد المعالجة,,,لا
MKC-2026602,2023-12-24,2023-12-31,الشرائع,شكوى نظافة عامة,شكوى,مكتب خدمة العملاء,مغلق - تم الحل,7.0,5.0,لا
MKC-2025675,2023-12-24,2023-12-26,العزيزية,شكوى نظافة عامة,شكوى,تطبيق بلدي,محول لجهة أخرى,2.0,,لا
MKC-2025169,2023-12-25,2023-12-30,الحجون,شكوى إشغال طريق,شكوى,المركز الموحد 940,مقبول ومنفذ,5.0,4.0,لا
MKC-2027760,2023-12-25,2023-12-30,المسفلة,ترخيص تجاري,طلب ترخيص,المركز الموحد 940,مقبول ومنفذ,5.0,4.0,لا
MKC-2025066,2023-12-25,2024-01-02,المسفلة,ترخيص تجاري,طلب ترخيص,حساب X (تويتر),مرفوض,8.0,,لا
MKC-2027136,2023-12-26,2024-01-06,الزاهر,شكوى مركبات مهملة,شكوى,مكتب خدمة العملاء,محول لجهة أخرى,11.0,,لا
MKC-2028069,2023-12-26,2024-01-31,العزيزية,ترخيص بناء,طلب ترخيص,مكتب فرعي بالحي,مرفوض,36.0,,لا
MKC-2025172,2023-12-26,2023-12-27,الششة,شكوى نظافة عامة,شكوى,حساب X (تويتر),مغلق - تم الحل,1.0,3.0,لا
MKC-2024686,2023-12-26,2024-01-10,النسيم,ترخيص بناء,طلب ترخيص,مكتب فرعي بالحي,مقبول ومنفذ,15.0,2.0,لا
MKC-2026344,2023-12-26,2024-01-01,العزيزية,شكوى نظافة عامة,شكوى,حساب X (تويتر),مغلق - تم الحل,6.0,3.0,لا
MKC-2027534,2023-12-26,2024-01-01,الشرائع,شكوى إنارة شوارع,شكوى,مكتب خدمة العملاء,مغلق - تم الحل,6.0,4.0,لا
MKC-2025716,2023-12-26,2023-12-29,الششة,شكوى نظافة عامة,شكوى,حساب X (تويتر),محول لجهة أخرى,3.0,,لا
MKC-2023277,2023-12-27,2024-01-01,الشوقية,ترخيص تجاري,طلب ترخيص,المركز الموحد 940,مقبول ومنفذ,5.0,5.0,لا
MKC-2028178,2023-12-27,2024-01-02,جرول,شكوى مخالفة بناء,شكوى,المركز الموحد 940,مغلق - تم الحل,6.0,4.0,لا
MKC-2023437,2023-12-27,2024-01-10,جرول,ترخيص لافتات إعلانية,طلب ترخيص,مكتب فرعي بالحي,مرفوض,14.0,,لا
MKC-2026561,2023-12-27,2024-01-13,الزاهر,شكوى مركبات مهملة,شكوى,المركز الموحد 940,مقبول ومنفذ,17.0,4.0,لا
MKC-2025062,2023-12-27,2023-12-31,الشوقية,شكوى باعة متجولين,شكوى,تطبيق بلدي,مغلق - تم الحل,4.0,4.0,لا
MKC-2025134,2023-12-27,2023-12-30,الهجرة,شكوى إشغال طريق,شكوى,تطبيق بلدي,محول لجهة أخرى,3.0,,لا
MKC-2027761,2023-12-27,2024-01-23,بطحاء قريش,ترخيص تجاري,طلب ترخيص,مكتب خدمة العملاء,مقبول ومنفذ,27.0,2.0,لا
MKC-2023503,2023-12-27,,بطحاء قريش,تجديد رخصة تجارية,طلب ترخيص,مكتب خدمة العملاء,قيد المعالجة,,,لا
MKC-2025069,2023-12-27,2024-01-10,الحجون,شكوى إنارة شوارع,شكوى,مكتب خدمة العملاء,مغلق - تم الحل,14.0,4.0,لا
MKC-2024174,2023-12-27,2023-12-28,الششة,شكوى صرف صحي,شكوى,تطبيق بلدي,مغلق - تم الحل,1.0,5.0,لا
MKC-2027860,2023-12-28,2024-01-20,بطحاء قريش,ترخيص تجاري,طلب ترخيص,مكتب خدمة العملاء,محول لجهة أخرى,23.0,,لا
MKC-2028073,2023-12-28,2024-01-03,بطحاء قريش,تجديد رخصة تجارية,طلب ترخيص,مكتب فرعي بالحي,مقبول ومنفذ,6.0,4.0,لا
MKC-2024505,2023-12-28,2024-01-01,جرول,شكوى مخالفة بناء,شكوى,تطبيق بلدي,مغلق - تم الحل,4.0,4.0,لا
MKC-2024687,2023-12-28,2024-01-15,الشوقية,ترخيص تجاري,طلب ترخيص,تطبيق بلدي,مقبول ومنفذ,18.0,3.0,لا
MKC-2025480,2023-12-28,2023-12-30,الزاهر,شكوى باعة متجولين,شكوى,مكتب خدمة العملاء,محول لجهة أخرى,2.0,,لا
MKC-2023575,2023-12-28,,الرصيفة,شكوى نظافة عامة,شكوى,تطبيق بلدي,قيد المعالجة,,,لا
MKC-2024880,2023-12-28,,الهجرة,ترخيص تجاري,طلب ترخيص,تطبيق بلدي,قيد المعالجة,,,لا
MKC-2025974,2023-12-28,2024-01-07,الشرائع,شكوى إنارة شوارع,شكوى,حساب X (تويتر),مغلق - تم الحل,10.0,3.0,لا
MKC-2027586,2023-12-28,2023-12-30,الكعكية,شكوى إشغال طريق,شكوى,تطبيق بلدي,مغلق - تم الحل,2.0,3.0,لا
MKC-2028119,2023-12-29,2024-01-23,العزيزية,ترخيص تجاري,طلب ترخيص,تطبيق بلدي,مرفوض,25.0,,لا
MKC-2026328,2023-12-29,2024-01-27,العزيزية,ترخيص تجاري,طلب ترخيص,مكتب خدمة العملاء,مغلق - تم الحل,29.0,2.0,لا
MKC-2028501,2023-12-29,2024-01-19,العزيزية,ترخيص بناء,طلب ترخيص,تطبيق بلدي,مقبول ومنفذ,21.0,3.0,لا
MKC-2026524,2023-12-29,2024-01-01,النوارية,شكوى نظافة عامة,شكوى,تطبيق بلدي,مغلق - تم الحل,3.0,4.0,لا
MKC-2027897,2023-12-29,2024-01-22,بطحاء قريش,شكوى مخالفة بناء,شكوى,تطبيق بلدي,محول لجهة أخرى,24.0,,لا
MKC-2026408,2023-12-29,2024-01-08,النسيم,شكوى إنارة شوارع,شكوى,مكتب فرعي بالحي,مغلق - تم الحل,10.0,4.0,لا
MKC-2027718,2023-12-29,2024-01-08,النسيم,شكوى إشغال طريق,شكوى,تطبيق بلدي,مغلق - تم الحل,10.0,4.0,لا
MKC-2028016,2023-12-29,2024-01-20,الرصيفة,ترخيص بناء,طلب ترخيص,المركز الموحد 940,مقبول ومنفذ,22.0,2.0,لا
MKC-2023209,2023-12-29,2024-01-01,العزيزية,طلب صيانة حديقة/ملعب,طلب صيانة,مكتب فرعي بالحي,مقبول ومنفذ,3.0,4.0,لا
MKC-2026179,2023-12-30,2024-01-07,الرصيفة,شكوى إنارة شوارع,شكوى,تطبيق بلدي,مغلق - تم الحل,8.0,4.0,لا
MKC-2025267,2023-12-30,2024-01-08,أجياد,شكوى إنارة شوارع,شكوى,مكتب خدمة العملاء,مقبول ومنفذ,9.0,4.0,لا
MKC-2023808,2023-12-30,2024-01-06,النوارية,شكوى نظافة عامة,شكوى,تطبيق بلدي,مقبول ومنفذ,7.0,3.0,لا
MKC-2026374,2023-12-30,2024-01-06,الرصيفة,شكوى نظافة عامة,شكوى,تطبيق بلدي,محول لجهة أخرى,7.0,,لا
MKC-2025540,2023-12-30,2024-01-09,الششة,ترخيص لافتات إعلانية,طلب ترخيص,المركز الموحد 940,مرفوض,10.0,,لا
MKC-2027763,2023-12-30,2024-01-02,الكعكية,تجديد رخصة تجارية,طلب ترخيص,مكتب فرعي بالحي,مقبول ومنفذ,3.0,4.0,لا
MKC-2027812,2023-12-30,2024-01-09,الكعكية,ترخيص لافتات إعلانية,طلب ترخيص,المركز الموحد 940,مرفوض,10.0,,لا
MKC-2023469,2023-12-31,,جرول,شكوى مخالفة بناء,شكوى,تطبيق بلدي,قيد المعالجة,,,لا
MKC-2024475,2023-12-31,2024-01-07,بطحاء قريش,شكوى نظافة عامة,شكوى,تطبيق بلدي,مغلق - تم الحل,7.0,4.0,لا
MKC-2024032,2023-12-31,2024-01-03,الشوقية,شكوى نظافة عامة,شكوى,مكتب خدمة العملاء,محول لجهة أخرى,3.0,,لا
MKC-2026845,2023-12-31,2024-01-12,الكعكية,ترخيص تجاري,طلب ترخيص,تطبيق بلدي,مقبول ومنفذ,12.0,5.0,لا
MKC-2023744,2023-12-31,2024-01-03,الكعكية,شكوى نظافة عامة,شكوى,تطبيق بلدي,مغلق - تم الحل,3.0,5.0,لا
MKC-2028804,2023-12-31,2024-01-22,جرول,ترخيص بناء,طلب ترخيص,تطبيق بلدي,مقبول ومنفذ,22.0,3.0,لا
MKC-2027243,2023-12-31,2024-01-14,جرول,ترخيص تجاري,طلب ترخيص,المركز الموحد 940,مقبول ومنفذ,14.0,5.0,لا
MKC-2024969,2024-01-01,2024-01-05,جرول,شكوى باعة متجولين,شكوى,تطبيق بلدي,مرفوض,4.0,,لا
MKC-2028108,2024-01-01,2024-01-13,العتيبية,ترخيص تجاري,طلب ترخيص,تطبيق بلدي,مقبول ومنفذ,12.0,5.0,لا
MKC-2027134,2024-01-01,2024-02-04,جرول,ترخيص بناء,طلب ترخيص,تطبيق بلدي,مقبول ومنفذ,34.0,4.0,لا
MKC-2028246,2024-01-01,2024-01-09,النسيم,شكوى صرف صحي,شكوى,المركز الموحد 940,مغلق - تم الحل,8.0,5.0,لا
MKC-2025539,2024-01-01,2024-01-04,الرصيفة,شكوى إشغال طريق,شكوى,تطبيق بلدي,مغلق - تم الحل,3.0,4.0,لا
MKC-2027419,2024-01-02,2024-01-10,العزيزية,ترخيص لافتات إعلانية,طلب ترخيص,مكتب فرعي بالحي,محول لجهة أخرى,8.0,,لا
MKC-2026412,2024-01-02,2024-02-04,العتيبية,ترخيص بناء,طلب ترخيص,مكتب خدمة العملاء,مرفوض,33.0,,لا
MKC-2026743,2024-01-02,2024-01-06,المسفلة,شكوى باعة متجولين,شكوى,حساب X (تويتر),مغلق - تم الحل,4.0,4.0,لا
MKC-2026932,2024-01-02,2024-02-11,الشوقية,ترخيص بناء,طلب ترخيص,تطبيق بلدي,مقبول ومنفذ,40.0,2.0,لا
MKC-2025689,2024-01-02,2024-01-19,الحجون,شكوى مركبات مهملة,شكوى,مكتب خدمة العملاء,مرفوض,17.0,,لا
MKC-2027030,2024-01-02,2024-01-25,النوارية,ترخيص بناء,طلب ترخيص,تطبيق بلدي,محول لجهة أخرى,23.0,,لا
MKC-2027133,2024-01-02,2024-01-07,الزاهر,شكوى نظافة عامة,شكوى,تطبيق بلدي,مقبول ومنفذ,5.0,5.0,لا
MKC-2026751,2024-01-03,2024-01-06,الزاهر,شكوى إشغال طريق,شكوى,المركز الموحد 940,مغلق - تم الحل,3.0,5.0,لا
MKC-2025197,2024-01-03,2024-01-09,الجميزة,شكوى إشغال طريق,شكوى,مكتب خدمة العملاء,محول لجهة أخرى,6.0,,لا
MKC-2025720,2024-01-03,2024-01-25,النسيم,ترخيص تجاري,طلب ترخيص,تطبيق بلدي,مغلق - تم الحل,22.0,2.0,لا
MKC-2027619,2024-01-03,2024-01-09,النسيم,شكوى نظافة عامة,شكوى,تطبيق بلدي,مغلق - تم الحل,6.0,4.0,لا
MKC-2027372,2024-01-03,2024-01-09,النسيم,شكوى نظافة عامة,شكوى,حساب X (تويتر),قيد المعالجة,6.0,,لا
MKC-2026910,2024-01-03,2024-01-05,الششة,شكوى إشغال طريق,شكوى,تطبيق بلدي,مغلق - تم الحل,2.0,4.0,لا
MKC-2027265,2024-01-03,2024-01-08,الجميزة,شكوى صرف صحي,شكوى,مكتب فرعي بالحي,مغلق - تم الحل,5.0,4.0,لا
MKC-2027338,2024-01-03,2024-01-04,النسيم,شكوى باعة متجولين,شكوى,مكتب خدمة العملاء,مغلق - تم الحل,1.0,3.0,لا
MKC-2023499,2024-01-04,2024-01-11,النسيم,شكوى صرف صحي,شكوى,تطبيق بلدي,مغلق - تم الحل,7.0,2.0,لا
MKC-2028065,2024-01-04,2024-01-10,أجياد,شكوى إشغال طريق,شكوى,مكتب فرعي بالحي,مرفوض,6.0,,لا
MKC-2026766,2024-01-04,2024-01-24,العزيزية,شكوى مخالفة بناء,شكوى,المركز الموحد 940,مقبول ومنفذ,20.0,2.0,لا
MKC-2023720,2024-01-04,2024-01-13,الشرائع,شكوى إشغال طريق,شكوى,المركز الموحد 940,محول لجهة أخرى,9.0,,لا
MKC-2028837,2024-01-04,2024-01-05,الرصيفة,شكوى باعة متجولين,شكوى,المركز الموحد 940,محول لجهة أخرى,1.0,,لا
MKC-2028857,2024-01-05,2024-01-15,أجياد,ترخيص لافتات إعلانية,طلب ترخيص,تطبيق بلدي,قيد المعالجة,10.0,,لا
MKC-2028810,2024-01-05,2024-01-09,الكعكية,شكوى صرف صحي,شكوى,تطبيق بلدي,مغلق - تم الحل,4.0,4.0,لا
MKC-2026559,2024-01-05,2024-02-10,النسيم,ترخيص بناء,طلب ترخيص,تطبيق بلدي,مقبول ومنفذ,36.0,3.0,لا
MKC-2025777,2024-01-05,2024-01-19,المسفلة,شكوى إنارة شوارع,شكوى,تطبيق بلدي,مغلق - تم الحل,14.0,4.0,لا
MKC-2023303,2024-01-05,2024-02-13,النوارية,ترخيص بناء,طلب ترخيص,تطبيق بلدي,مرفوض,39.0,,لا
MKC-2023171,2024-01-06,,النوارية,شكوى صرف صحي,شكوى,تطبيق بلدي,قيد المعالجة,,,لا
MKC-2026721,2024-01-06,2024-01-10,النسيم,شكوى نظافة عامة,شكوى,تطبيق بلدي,مغلق - تم الحل,4.0,3.0,لا
MKC-2023839,2024-01-06,2024-01-13,الششة,شكوى إشغال طريق,شكوى,تطبيق بلدي,مغلق - تم الحل,7.0,4.0,لا
MKC-2025031,2024-01-06,2024-01-08,الجميزة,شكوى صرف صحي,شكوى,مكتب فرعي بالحي,مغلق - تم الحل,2.0,5.0,لا
MKC-2023647,2024-01-06,,الششة,شكوى مخالفة بناء,شكوى,المركز الموحد 940,قيد المعالجة,,,لا
MKC-2023729,2024-01-07,2024-01-11,الجميزة,شكوى باعة متجولين,شكوى,تطبيق بلدي,مغلق - تم الحل,4.0,4.0,لا
MKC-2027511,2024-01-07,2024-01-11,الحجون,شكوى نظافة عامة,شكوى,مكتب فرعي بالحي,مغلق - تم الحل,4.0,3.0,لا
MKC-2024826,2024-01-07,2024-02-02,النسيم,ترخيص تجاري,طلب ترخيص,مكتب خدمة العملاء,مرفوض,26.0,,لا
MKC-2028674,2024-01-07,2024-01-09,الرصيفة,شكوى نظافة عامة,شكوى,مكتب خدمة العملاء,مغلق - تم الحل,2.0,2.0,لا
MKC-2026406,2024-01-07,2024-01-15,العزيزية,شكوى إنارة شوارع,شكوى,تطبيق بلدي,مقبول ومنفذ,8.0,5.0,لا
MKC-2026892,2024-01-07,2024-01-14,الشوقية,شكوى إشغال طريق,شكوى,مكتب خدمة العملاء,مرفوض,7.0,,لا
MKC-2024131,2024-01-07,2024-01-14,بطحاء قريش,تجديد رخصة تجارية,طلب ترخيص,تطبيق بلدي,محول لجهة أخرى,7.0,,لا
MKC-2024437,2024-01-07,2024-01-19,العزيزية,شكوى مخالفة بناء,شكوى,تطبيق بلدي,مغلق - تم الحل,12.0,4.0,لا
MKC-2025563,2024-01-07,2024-01-19,الكعكية,ترخيص لافتات إعلانية,طلب ترخيص,مكتب خدمة العملاء,مقبول ومنفذ,12.0,4.0,لا
MKC-2028892,2024-01-08,2024-01-25,العتيبية,شكوى مخالفة بناء,شكوى,تطبيق بلدي,مغلق - تم الحل,17.0,5.0,لا
MKC-2027810,2024-01-08,2024-01-10,جرول,شكوى نظافة عامة,شكوى,تطبيق بلدي,مغلق - تم الحل,2.0,4.0,لا
MKC-2023957,2024-01-08,2024-01-19,العتيبية,طلب صيانة حديقة/ملعب,طلب صيانة,مكتب خدمة العملاء,مرفوض,11.0,,لا
MKC-2023859,2024-01-08,2024-02-07,الحجون,شكوى مخالفة بناء,شكوى,تطبيق بلدي,محول لجهة أخرى,30.0,,لا
MKC-2026232,2024-01-09,2024-01-13,الجميزة,شكوى نظافة عامة,شكوى,تطبيق بلدي,محول لجهة أخرى,4.0,,لا
MKC-2028532,2024-01-09,2024-01-19,الحجون,شكوى صرف صحي,شكوى,المركز الموحد 940,مغلق - تم الحل,10.0,4.0,لا
MKC-2028468,2024-01-09,2024-01-14,الشرائع,شكوى باعة متجولين,شكوى,تطبيق بلدي,قيد المعالجة,5.0,,لا
MKC-2027126,2024-01-09,2024-01-25,أجياد,ترخيص بناء,طلب ترخيص,مكتب فرعي بالحي,محول لجهة أخرى,16.0,,لا
MKC-2027109,2024-01-09,2024-01-18,الرصيفة,تجديد رخصة تجارية,طلب ترخيص,مكتب فرعي بالحي,مرفوض,9.0,,لا
MKC-2025954,2024-01-09,2024-01-16,أجياد,شكوى إشغال طريق,شكوى,مكتب فرعي بالحي,مغلق - تم الحل,7.0,4.0,لا
MKC-2026916,2024-01-09,2024-01-21,العزيزية,ترخيص لافتات إعلانية,طلب ترخيص,حساب X (تويتر),مغلق - تم الحل,12.0,4.0,لا
MKC-2023182,2024-01-09,2024-02-13,الشرائع,ترخيص بناء,طلب ترخيص,تطبيق بلدي,مقبول ومنفذ,35.0,3.0,لا
MKC-2024474,2024-01-10,2024-01-13,الكعكية,شكوى صرف صحي,شكوى,حساب X (تويتر),محول لجهة أخرى,3.0,,لا
MKC-2027874,2024-01-10,2024-01-17,الزاهر,شكوى إنارة شوارع,شكوى,المركز الموحد 940,مغلق - تم الحل,7.0,5.0,لا
MKC-2028796,2024-01-10,2024-01-18,العزيزية,شكوى مركبات مهملة,شكوى,تطبيق بلدي,محول لجهة أخرى,8.0,,لا
MKC-2024621,2024-01-10,2024-01-12,الحجون,شكوى نظافة عامة,شكوى,تطبيق بلدي,مغلق - تم الحل,2.0,4.0,لا
MKC-2027348,2024-01-10,2024-01-20,المسفلة,ترخيص تجاري,طلب ترخيص,حساب X (تويتر),محول لجهة أخرى,10.0,,لا
MKC-2027392,2024-01-10,2024-01-28,بطحاء قريش,شكوى مركبات مهملة,شكوى,تطبيق بلدي,مرفوض,18.0,,لا
MKC-2025473,2024-01-10,2024-02-21,الششة,ترخيص بناء,طلب ترخيص,تطبيق بلدي,مرفوض,42.0,,لا
MKC-2025110,2024-01-10,2024-01-17,العزيزية,شكوى نظافة عامة,شكوى,حساب X (تويتر),مغلق - تم الحل,7.0,3.0,لا
MKC-2027195,2024-01-10,2024-01-14,الزاهر,ترخيص لافتات إعلانية,طلب ترخيص,تطبيق بلدي,مرفوض,4.0,,لا
MKC-2026553,2024-01-10,2024-01-12,العزيزية,شكوى نظافة عامة,شكوى,حساب X (تويتر),مرفوض,2.0,,لا
MKC-2026339,2024-01-11,2024-01-23,الزاهر,ترخيص بناء,طلب ترخيص,تطبيق بلدي,مقبول ومنفذ,12.0,3.0,لا
MKC-2024356,2024-01-11,2024-01-17,أجياد,تجديد رخصة تجارية,طلب ترخيص,مكتب فرعي بالحي,مقبول ومنفذ,6.0,3.0,لا
MKC-2023842,2024-01-11,2024-01-21,أجياد,شكوى إنارة شوارع,شكوى,تطبيق بلدي,مغلق - تم الحل,10.0,5.0,لا
MKC-2023147,2024-01-11,2024-01-19,أجياد,طلب صيانة حديقة/ملعب,طلب صيانة,تطبيق بلدي,مقبول ومنفذ,8.0,4.0,لا
MKC-2027310,2024-01-11,2024-01-14,العتيبية,شكوى باعة متجولين,شكوى,المركز الموحد 940,مقبول ومنفذ,3.0,5.0,لا
MKC-2025634,2024-01-11,2024-01-25,الرصيفة,ترخيص لافتات إعلانية,طلب ترخيص,مكتب فرعي بالحي,مرفوض,14.0,,لا
MKC-2023504,2024-01-11,2024-01-15,العزيزية,شكوى نظافة عامة,شكوى,مكتب فرعي بالحي,مغلق - تم الحل,4.0,3.0,لا
MKC-2024999,2024-01-11,2024-01-23,العتيبية,ترخيص لافتات إعلانية,طلب ترخيص,تطبيق بلدي,مقبول ومنفذ,12.0,4.0,لا
MKC-2026520,2024-01-11,2024-01-27,الحجون,طلب صيانة حديقة/ملعب,طلب صيانة,مكتب خدمة العملاء,مقبول ومنفذ,16.0,3.0,لا
MKC-2025255,2024-01-12,2024-01-21,أجياد,ترخيص تجاري,طلب ترخيص,مكتب فرعي بالحي,محول لجهة أخرى,9.0,,لا
MKC-2025369,2024-01-12,2024-01-19,النوارية,شكوى إشغال طريق,شكوى,حساب X (تويتر),مرفوض,7.0,,لا
MKC-2024775,2024-01-12,2024-02-02,الحجون,ترخيص بناء,طلب ترخيص,حساب X (تويتر),مقبول ومنفذ,21.0,3.0,لا
MKC-2023899,2024-01-12,,الشرائع,شكوى إنارة شوارع,شكوى,مكتب خدمة العملاء,قيد المعالجة,,,لا
MKC-2026972,2024-01-12,2024-01-14,النسيم,شكوى باعة متجولين,شكوى,المركز الموحد 940,مقبول ومنفذ,2.0,4.0,لا
MKC-2024215,2024-01-12,2024-01-23,الشرائع,طلب صيانة حديقة/ملعب,طلب صيانة,مكتب خدمة العملاء,مقبول ومنفذ,11.0,5.0,لا
MKC-2025495,2024-01-12,2024-01-19,النوارية,شكوى إشغال طريق,شكوى,تطبيق بلدي,مغلق - تم الحل,7.0,4.0,لا
MKC-2027380,2024-01-12,2024-01-16,الششة,شكوى إشغال طريق,شكوى,تطبيق بلدي,مغلق - تم الحل,4.0,5.0,لا
MKC-2025306,2024-01-12,2024-01-18,العتيبية,تجديد رخصة تجارية,طلب ترخيص,المركز الموحد 940,محول لجهة أخرى,6.0,,لا
MKC-2025015,2024-01-12,2024-02-10,الجميزة,شكوى مخالفة بناء,شكوى,المركز الموحد 940,محول لجهة أخرى,29.0,,لا
MKC-2023355,2024-01-13,2024-01-26,المسفلة,شكوى إنارة شوارع,شكوى,المركز الموحد 940,مرفوض,13.0,,لا
MKC-2024695,2024-01-13,2024-01-30,الزاهر,ترخيص بناء,طلب ترخيص,تطبيق بلدي,مرفوض,17.0,,لا
MKC-2024365,2024-01-13,2024-01-16,النوارية,شكوى إشغال طريق,شكوى,حساب X (تويتر),مغلق - تم الحل,3.0,4.0,لا
MKC-2026893,2024-01-13,2024-01-22,الهجرة,ترخيص لافتات إعلانية,طلب ترخيص,تطبيق بلدي,مرفوض,9.0,,لا
MKC-2028814,2024-01-14,2024-01-16,الزاهر,شكوى نظافة عامة,شكوى,مكتب خدمة العملاء,مرفوض,2.0,,لا
MKC-2027160,2024-01-14,2024-02-07,الشرائع,ترخيص تجاري,طلب ترخيص,حساب X (تويتر),محول لجهة أخرى,24.0,,لا
MKC-2023288,2024-01-14,2024-01-18,بطحاء قريش,طلب صيانة حديقة/ملعب,طلب صيانة,تطبيق بلدي,مرفوض,4.0,,لا
MKC-2026402,2024-01-14,2024-01-17,العزيزية,شكوى نظافة عامة,شكوى,مكتب فرعي بالحي,مرفوض,3.0,,لا
MKC-2023536,2024-01-15,2024-01-22,الكعكية,ترخيص تجاري,طلب ترخيص,تطبيق بلدي,محول لجهة أخرى,7.0,,لا
MKC-2025759,2024-01-15,2024-01-27,العزيزية,شكوى إنارة شوارع,شكوى,تطبيق بلدي,مغلق - تم الحل,12.0,5.0,لا
MKC-2027490,2024-01-15,2024-01-19,الشوقية,تجديد رخصة تجارية,طلب ترخيص,حساب X (تويتر),مرفوض,4.0,,لا
MKC-2028828,2024-01-15,,الزاهر,شكوى نظافة عامة,شكوى,حساب X (تويتر),قيد المعالجة,,,لا
MKC-2025861,2024-01-15,2024-01-20,الجميزة,شكوى إشغال طريق,شكوى,مكتب خدمة العملاء,مقبول ومنفذ,5.0,5.0,لا
MKC-2026784,2024-01-15,2024-02-09,الجميزة,ترخيص بناء,طلب ترخيص,تطبيق بلدي,مقبول ومنفذ,25.0,4.0,لا
MKC-2026336,2024-01-15,2024-01-17,الششة,شكوى إنارة شوارع,شكوى,المركز الموحد 940,مرفوض,2.0,,لا
MKC-2028033,2024-01-15,2024-01-30,الكعكية,شكوى مركبات مهملة,شكوى,المركز الموحد 940,محول لجهة أخرى,15.0,,لا
MKC-2027698,2024-01-15,2024-01-16,المسفلة,شكوى إنارة شوارع,شكوى,حساب X (تويتر),مقبول ومنفذ,1.0,5.0,لا
MKC-2025184,2024-01-16,2024-01-22,الزاهر,شكوى نظافة عامة,شكوى,مكتب خدمة العملاء,قيد المعالجة,6.0,,لا
MKC-2024258,2024-01-16,2024-02-20,الشرائع,ترخيص بناء,طلب ترخيص,المركز الموحد 940,مرفوض,35.0,,لا
MKC-2028773,2024-01-17,2024-01-27,جرول,ترخيص تجاري,طلب ترخيص,تطبيق بلدي,مقبول ومنفذ,10.0,3.0,لا
MKC-2025544,2024-01-17,2024-01-26,الجميزة,شكوى مخالفة بناء,شكوى,تطبيق بلدي,مغلق - تم الحل,9.0,4.0,لا
MKC-2025459,2024-01-17,2024-01-24,الجميزة,شكوى نظافة عامة,شكوى,المركز الموحد 940,مغلق - تم الحل,7.0,3.0,لا
MKC-2024679,2024-01-17,2024-01-21,جرول,شكوى إشغال طريق,شكوى,تطبيق بلدي,مغلق - تم الحل,4.0,4.0,لا
MKC-2024863,2024-01-17,,الششة,شكوى نظافة عامة,شكوى,المركز الموحد 940,قيد المعالجة,,,لا
MKC-2025417,2024-01-17,2024-01-25,بطحاء قريش,شكوى مركبات مهملة,شكوى,المركز الموحد 940,مغلق - تم الحل,8.0,4.0,لا
MKC-2027454,2024-01-18,2024-01-27,أجياد,شكوى إنارة شوارع,شكوى,تطبيق بلدي,محول لجهة أخرى,9.0,,لا
MKC-2024868,2024-01-18,2024-01-24,العزيزية,شكوى إشغال طريق,شكوى,تطبيق بلدي,مغلق - تم الحل,6.0,4.0,لا
MKC-2024822,2024-01-18,2024-01-20,الشوقية,شكوى إشغال طريق,شكوى,تطبيق بلدي,مقبول ومنفذ,2.0,5.0,لا
MKC-2028662,2024-01-18,2024-01-20,الرصيفة,شكوى صرف صحي,شكوى,تطبيق بلدي,محول لجهة أخرى,2.0,,لا
MKC-2026425,2024-01-18,2024-01-25,جرول,شكوى إنارة شوارع,شكوى,المركز الموحد 940,مقبول ومنفذ,7.0,4.0,لا
MKC-2028179,2024-01-18,2024-02-03,الكعكية,طلب صيانة حديقة/ملعب,طلب صيانة,تطبيق بلدي,مقبول ومنفذ,16.0,4.0,لا
MKC-2028912,2024-01-19,2024-01-30,النسيم,ترخيص بناء,طلب ترخيص,تطبيق بلدي,مقبول ومنفذ,11.0,5.0,لا
MKC-2023959,2024-01-19,2024-02-12,الشرائع,ترخيص تجاري,طلب ترخيص,تطبيق بلدي,محول لجهة أخرى,24.0,,لا
MKC-2025737,2024-01-19,2024-01-24,العزيزية,شكوى مركبات مهملة,شكوى,تطبيق بلدي,مقبول ومنفذ,5.0,4.0,لا
MKC-2027141,2024-01-19,2024-01-28,الجميزة,شكوى صرف صحي,شكوى,تطبيق بلدي,مغلق - تم الحل,9.0,4.0,لا
MKC-2025878,2024-01-19,2024-01-27,العزيزية,تجديد رخصة تجارية,طلب ترخيص,المركز الموحد 940,مقبول ومنفذ,8.0,4.0,لا
MKC-2023695,2024-01-19,2024-01-26,الزاهر,شكوى مركبات مهملة,شكوى,مكتب خدمة العملاء,مغلق - تم الحل,7.0,4.0,لا
MKC-2028898,2024-01-19,2024-02-15,جرول,ترخيص تجاري,طلب ترخيص,المركز الموحد 940,مقبول ومنفذ,27.0,3.0,لا
MKC-2024521,2024-01-19,2024-01-25,المسفلة,شكوى نظافة عامة,شكوى,تطبيق بلدي,مغلق - تم الحل,6.0,3.0,لا
MKC-2027751,2024-01-19,2024-01-27,الششة,شكوى إشغال طريق,شكوى,تطبيق بلدي,مقبول ومنفذ,8.0,4.0,لا
MKC-2023243,2024-01-20,2024-01-27,الكعكية,تجديد رخصة تجارية,طلب ترخيص,تطبيق بلدي,محول لجهة أخرى,7.0,,لا
MKC-2025028,2024-01-20,2024-02-24,الرصيفة,ترخيص بناء,طلب ترخيص,تطبيق بلدي,مقبول ومنفذ,35.0,4.0,لا
MKC-2025075,2024-01-20,2024-01-23,العزيزية,تجديد رخصة تجارية,طلب ترخيص,المركز الموحد 940,مقبول ومنفذ,3.0,5.0,لا
MKC-2028187,2024-01-20,2024-01-27,الحجون,تجديد رخصة تجارية,طلب ترخيص,حساب X (تويتر),محول لجهة أخرى,7.0,,لا
MKC-2023950,2024-01-20,2024-01-24,العتيبية,ترخيص لافتات إعلانية,طلب ترخيص,المركز الموحد 940,مقبول ومنفذ,4.0,4.0,لا
MKC-2028455,2024-01-20,2024-01-22,الشوقية,شكوى باعة متجولين,شكوى,تطبيق بلدي,مغلق - تم الحل,2.0,4.0,لا
MKC-2026903,2024-01-20,2024-01-23,الشرائع,تجديد رخصة تجارية,طلب ترخيص,تطبيق بلدي,مقبول ومنفذ,3.0,5.0,لا
MKC-2027253,2024-01-20,2024-02-15,العتيبية,شكوى مخالفة بناء,شكوى,تطبيق بلدي,مغلق - تم الحل,26.0,3.0,لا
MKC-2023978,2024-01-21,2024-03-01,الشرائع,ترخيص بناء,طلب ترخيص,تطبيق بلدي,محول لجهة أخرى,40.0,,لا
MKC-2028600,2024-01-21,2024-02-19,أجياد,ترخيص تجاري,طلب ترخيص,تطبيق بلدي,مقبول ومنفذ,29.0,2.0,لا
MKC-2027944,2024-01-21,2024-01-26,الشوقية,تجديد رخصة تجارية,طلب ترخيص,حساب X (تويتر),مرفوض,5.0,,لا
MKC-2024738,2024-01-21,2024-03-06,الهجرة,ترخيص بناء,طلب ترخيص,المركز الموحد 940,مرفوض,45.0,,لا
MKC-2024023,2024-01-21,2024-02-19,الرصيفة,ترخيص تجاري,طلب ترخيص,مكتب خدمة العملاء,مرفوض,29.0,,لا
MKC-2024747,2024-01-21,2024-01-25,الهجرة,طلب صيانة حديقة/ملعب,طلب صيانة,المركز الموحد 940,مقبول ومنفذ,4.0,4.0,لا
MKC-2023581,2024-01-21,,الرصيفة,شكوى صرف صحي,شكوى,مكتب خدمة العملاء,قيد المعالجة,,,لا
MKC-2025135,2024-01-21,2024-01-29,العتيبية,شكوى إشغال طريق,شكوى,المركز الموحد 940,مغلق - تم الحل,8.0,5.0,لا
MKC-2026930,2024-01-21,2024-02-15,الشوقية,شكوى مخالفة بناء,شكوى,مكتب خدمة العملاء,مغلق - تم الحل,25.0,4.0,لا
MKC-2028011,2024-01-21,2024-01-25,أجياد,شكوى مركبات مهملة,شكوى,حساب X (تويتر),محول لجهة أخرى,4.0,,لا
MKC-2025701,2024-01-22,2024-01-31,الرصيفة,شكوى مخالفة بناء,شكوى,المركز الموحد 940,مغلق - تم الحل,9.0,3.0,لا
MKC-2023327,2024-01-22,2024-02-02,الشرائع,شكوى صرف صحي,شكوى,مكتب فرعي بالحي,قيد المعالجة,11.0,,لا
MKC-2025508,2024-01-22,2024-01-26,العزيزية,تجديد رخصة تجارية,طلب ترخيص,تطبيق بلدي,مقبول ومنفذ,4.0,5.0,لا
MKC-2027298,2024-01-22,2024-01-25,الشوقية,شكوى صرف صحي,شكوى,تطبيق بلدي,مغلق - تم الحل,3.0,5.0,لا
MKC-2026277,2024-01-23,2024-01-29,الرصيفة,شكوى نظافة عامة,شكوى,تطبيق بلدي,مغلق - تم الحل,6.0,3.0,لا
MKC-2025250,2024-01-23,2024-02-01,أجياد,شكوى إشغال طريق,شكوى,مكتب فرعي بالحي,محول لجهة أخرى,9.0,,لا
MKC-2024154,2024-01-23,2024-02-11,جرول,شكوى مركبات مهملة,شكوى,تطبيق بلدي,محول لجهة أخرى,19.0,,لا
MKC-2025111,2024-01-23,2024-02-06,أجياد,ترخيص تجاري,طلب ترخيص,المركز الموحد 940,مقبول ومنفذ,14.0,3.0,لا
MKC-2025912,2024-01-23,2024-02-07,جرول,ترخيص لافتات إعلانية,طلب ترخيص,تطبيق بلدي,مرفوض,15.0,,لا
MKC-2027489,2024-01-23,2024-02-07,الجميزة,شكوى مخالفة بناء,شكوى,مكتب خدمة العملاء,محول لجهة أخرى,15.0,,لا
MKC-2026639,2024-01-24,2024-01-26,بطحاء قريش,شكوى إنارة شوارع,شكوى,مكتب خدمة العملاء,مقبول ومنفذ,2.0,4.0,لا
MKC-2024396,2024-01-24,2024-02-29,الرصيفة,ترخيص بناء,طلب ترخيص,المركز الموحد 940,مقبول ومنفذ,36.0,4.0,لا
MKC-2024382,2024-01-24,2024-02-15,الكعكية,ترخيص تجاري,طلب ترخيص,مكتب خدمة العملاء,مرفوض,22.0,,لا
MKC-2027416,2024-01-24,2024-01-30,الزاهر,شكوى إشغال طريق,شكوى,مكتب فرعي بالحي,محول لجهة أخرى,6.0,,لا
MKC-2028692,2024-01-24,2024-02-18,النسيم,شكوى مخالفة بناء,شكوى,تطبيق بلدي,مغلق - تم الحل,25.0,3.0,لا
MKC-2028972,2024-01-25,2024-01-31,العزيزية,شكوى إشغال طريق,شكوى,مكتب فرعي بالحي,محول لجهة أخرى,6.0,,لا
MKC-2023817,2024-01-25,2024-02-03,الحجون,ترخيص تجاري,طلب ترخيص,تطبيق بلدي,مقبول ومنفذ,9.0,3.0,لا
MKC-2023302,2024-01-25,2024-02-02,الكعكية,شكوى مخالفة بناء,شكوى,تطبيق بلدي,مرفوض,8.0,,لا
MKC-2023323,2024-01-25,2024-03-10,الششة,ترخيص بناء,طلب ترخيص,مكتب فرعي بالحي,محول لجهة أخرى,45.0,,لا
MKC-2028704,2024-01-25,2024-01-28,العزيزية,شكوى صرف صحي,شكوى,تطبيق بلدي,مقبول ومنفذ,3.0,4.0,لا
MKC-2027476,2024-01-25,2024-01-27,الزاهر,شكوى إشغال طريق,شكوى,مكتب فرعي بالحي,محول لجهة أخرى,2.0,,لا
MKC-2024332,2024-01-26,2024-01-30,العزيزية,طلب صيانة حديقة/ملعب,طلب صيانة,تطبيق بلدي,مقبول ومنفذ,4.0,5.0,لا
MKC-2027168,2024-01-26,2024-02-05,النسيم,ترخيص لافتات إعلانية,طلب ترخيص,تطبيق بلدي,محول لجهة أخرى,10.0,,لا
MKC-2028511,2024-01-26,2024-01-31,الشوقية,شكوى إشغال طريق,شكوى,تطبيق بلدي,مغلق - تم الحل,5.0,3.0,لا
MKC-2028448,2024-01-26,2024-02-25,الجميزة,ترخيص تجاري,طلب ترخيص,تطبيق بلدي,مقبول ومنفذ,30.0,3.0,لا
MKC-2026926,2024-01-26,2024-02-02,العتيبية,شكوى إشغال طريق,شكوى,حساب X (تويتر),محول لجهة أخرى,7.0,,لا
MKC-2023960,2024-01-26,2024-02-01,النسيم,شكوى مركبات مهملة,شكوى,مكتب خدمة العملاء,مرفوض,6.0,,لا
MKC-2025413,2024-01-26,2024-02-11,الششة,شكوى مخالفة بناء,شكوى,مكتب خدمة العملاء,مغلق - تم الحل,16.0,3.0,لا
MKC-2024447,2024-01-26,2024-02-06,بطحاء قريش,ترخيص تجاري,طلب ترخيص,المركز الموحد 940,محول لجهة أخرى,11.0,,لا
MKC-2027238,2024-01-26,2024-01-29,الكعكية,شكوى باعة متجولين,شكوى,تطبيق بلدي,مرفوض,3.0,,لا
MKC-2025239,2024-01-26,2024-01-31,أجياد,تجديد رخصة تجارية,طلب ترخيص,تطبيق بلدي,قيد المعالجة,5.0,,لا
MKC-2027004,2024-01-27,2024-01-30,أجياد,شكوى صرف صحي,شكوى,مكتب خدمة العملاء,مقبول ومنفذ,3.0,5.0,لا
MKC-2027151,2024-01-27,2024-02-18,الشرائع,شكوى مخالفة بناء,شكوى,حساب X (تويتر),مغلق - تم الحل,22.0,3.0,لا
MKC-2025455,2024-01-27,2024-01-31,بطحاء قريش,شكوى نظافة عامة,شكوى,المركز الموحد 940,مغلق - تم الحل,4.0,4.0,لا
MKC-2026822,2024-01-27,2024-02-06,الرصيفة,شكوى صرف صحي,شكوى,تطبيق بلدي,مغلق - تم الحل,10.0,3.0,لا
MKC-2024167,2024-01-28,2024-02-01,أجياد,شكوى صرف صحي,شكوى,مكتب فرعي بالحي,مغلق - تم الحل,4.0,4.0,لا
MKC-2025787,2024-01-28,2024-01-31,أجياد,تجديد رخصة تجارية,طلب ترخيص,تطبيق بلدي,محول لجهة أخرى,3.0,,لا
MKC-2027086,2024-01-28,2024-02-17,الشوقية,شكوى مخالفة بناء,شكوى,تطبيق بلدي,مغلق - تم الحل,20.0,4.0,لا
MKC-2025443,2024-01-28,2024-02-07,العتيبية,شكوى مركبات مهملة,شكوى,مكتب فرعي بالحي,مغلق - تم الحل,10.0,5.0,لا
MKC-2023569,2024-01-28,2024-03-12,أجياد,ترخيص بناء,طلب ترخيص,تطبيق بلدي,مغلق - تم الحل,44.0,4.0,لا
MKC-2028981,2024-01-28,2024-02-05,الكعكية,شكوى إشغال طريق,شكوى,تطبيق بلدي,مغلق - تم الحل,8.0,4.0,لا
MKC-2027818,2024-01-29,2024-03-12,الرصيفة,ترخيص بناء,طلب ترخيص,مكتب فرعي بالحي,مقبول ومنفذ,43.0,3.0,لا
MKC-2027084,2024-01-29,2024-02-03,جرول,تجديد رخصة تجارية,طلب ترخيص,مكتب خدمة العملاء,مغلق - تم الحل,5.0,5.0,لا
MKC-2024461,2024-01-29,2024-02-04,العتيبية,شكوى نظافة عامة,شكوى,تطبيق بلدي,مرفوض,6.0,,لا
MKC-2027361,2024-01-30,2024-02-05,العزيزية,شكوى نظافة عامة,شكوى,تطبيق بلدي,مغلق - تم الحل,6.0,4.0,لا
MKC-2026126,2024-01-30,2024-02-02,الهجرة,شكوى صرف صحي,شكوى,تطبيق بلدي,محول لجهة أخرى,3.0,,لا
MKC-2023689,2024-01-30,2024-02-29,العزيزية,ترخيص تجاري,طلب ترخيص,مكتب فرعي بالحي,مرفوض,30.0,,لا
MKC-2023923,2024-01-31,2024-02-27,الشوقية,شكوى مخالفة بناء,شكوى,تطبيق بلدي,مغلق - تم الحل,27.0,4.0,لا
MKC-2025965,2024-01-31,2024-03-01,الزاهر,ترخيص تجاري,طلب ترخيص,تطبيق بلدي,مقبول ومنفذ,30.0,3.0,لا
MKC-2024058,2024-01-31,2024-02-17,بطحاء قريش,شكوى مخالفة بناء,شكوى,مكتب خدمة العملاء,مغلق - تم الحل,17.0,4.0,لا
MKC-2026693,2024-01-31,2024-02-03,الشرائع,شكوى باعة متجولين,شكوى,المركز الموحد 940,محول لجهة أخرى,3.0,,لا
MKC-2028199,2024-01-31,2024-02-05,الرصيفة,تجديد رخصة تجارية,طلب ترخيص,حساب X (تويتر),محول لجهة أخرى,5.0,,لا
MKC-2025550,2024-02-01,2024-02-12,العزيزية,ترخيص بناء,طلب ترخيص,تطبيق بلدي,مقبول ومنفذ,11.0,5.0,لا
MKC-2027721,2024-02-01,2024-02-02,الرصيفة,شكوى باعة متجولين,شكوى,مكتب خدمة العملاء,محول لجهة أخرى,1.0,,لا
MKC-2024417,2024-02-01,2024-02-09,الزاهر,تجديد رخصة تجارية,طلب ترخيص,تطبيق بلدي,مقبول ومنفذ,8.0,5.0,لا
MKC-2026518,2024-02-01,2024-02-13,بطحاء قريش,ترخيص لافتات إعلانية,طلب ترخيص,تطبيق بلدي,مقبول ومنفذ,12.0,5.0,لا
MKC-2026541,2024-02-02,2024-02-07,الزاهر,شكوى إشغال طريق,شكوى,مكتب خدمة العملاء,مغلق - تم الحل,5.0,4.0,لا
MKC-2026917,2024-02-02,2024-02-05,الحجون,شكوى نظافة عامة,شكوى,مكتب خدمة العملاء,محول لجهة أخرى,3.0,,لا
MKC-2027755,2024-02-02,2024-03-05,الكعكية,ترخيص بناء,طلب ترخيص,المركز الموحد 940,مرفوض,32.0,,لا
MKC-2024076,2024-02-02,2024-02-06,جرول,تجديد رخصة تجارية,طلب ترخيص,مكتب خدمة العملاء,مقبول ومنفذ,4.0,4.0,لا
MKC-2026825,2024-02-02,2024-02-17,الشرائع,ترخيص بناء,طلب ترخيص,تطبيق بلدي,مقبول ومنفذ,15.0,4.0,لا
MKC-2027033,2024-02-03,2024-02-07,العزيزية,شكوى نظافة عامة,شكوى,حساب X (تويتر),محول لجهة أخرى,4.0,,لا
MKC-2028690,2024-02-03,2024-02-05,بطحاء قريش,شكوى باعة متجولين,شكوى,تطبيق بلدي,مقبول ومنفذ,2.0,4.0,لا
MKC-2028956,2024-02-03,2024-02-05,النسيم,شكوى باعة متجولين,شكوى,تطبيق بلدي,مغلق - تم الحل,2.0,5.0,لا
MKC-2025574,2024-02-03,2024-02-26,الشرائع,ترخيص بناء,طلب ترخيص,المركز الموحد 940,مقبول ومنفذ,23.0,2.0,لا
MKC-2024815,2024-02-03,2024-02-25,الزاهر,شكوى مخالفة بناء,شكوى,المركز الموحد 940,مقبول ومنفذ,22.0,3.0,لا
MKC-2024416,2024-02-03,2024-02-09,الرصيفة,شكوى نظافة عامة,شكوى,تطبيق بلدي,مغلق - تم الحل,6.0,5.0,لا
MKC-2026312,2024-02-03,2024-02-07,العزيزية,شكوى إشغال طريق,شكوى,تطبيق بلدي,مقبول ومنفذ,4.0,4.0,لا
MKC-2026088,2024-02-04,2024-02-19,الشوقية,طلب صيانة حديقة/ملعب,طلب صيانة,مكتب خدمة العملاء,مقبول ومنفذ,15.0,3.0,لا
MKC-2025047,2024-02-04,2024-03-07,العزيزية,ترخيص بناء,طلب ترخيص,المركز الموحد 940,مرفوض,32.0,,لا
MKC-2027052,2024-02-04,2024-02-05,النوارية,شكوى باعة متجولين,شكوى,مكتب خدمة العملاء,مغلق - تم الحل,1.0,4.0,لا
MKC-2026908,2024-02-04,2024-02-08,الكعكية,شكوى نظافة عامة,شكوى,مكتب خدمة العملاء,محول لجهة أخرى,4.0,,لا
MKC-2024878,2024-02-04,2024-02-12,الزاهر,ترخيص لافتات إعلانية,طلب ترخيص,حساب X (تويتر),مقبول ومنفذ,8.0,5.0,لا
MKC-2027015,2024-02-05,2024-02-15,العزيزية,ترخيص لافتات إعلانية,طلب ترخيص,تطبيق بلدي,محول لجهة أخرى,10.0,,لا
MKC-2028604,2024-02-05,2024-02-21,بطحاء قريش,طلب صيانة حديقة/ملعب,طلب صيانة,مكتب خدمة العملاء,مقبول ومنفذ,16.0,4.0,لا
MKC-2025884,2024-02-05,2024-02-25,الزاهر,شكوى مركبات مهملة,شكوى,تطبيق بلدي,مرفوض,20.0,,لا
MKC-2025353,2024-02-05,2024-02-17,الزاهر,شكوى مركبات مهملة,شكوى,تطبيق بلدي,محول لجهة أخرى,12.0,,لا
MKC-2025993,2024-02-06,2024-02-29,الشوقية,شكوى مخالفة بناء,شكوى,المركز الموحد 940,محول لجهة أخرى,23.0,,لا
MKC-2026386,2024-02-06,2024-03-03,العزيزية,ترخيص تجاري,طلب ترخيص,تطبيق بلدي,مقبول ومنفذ,26.0,2.0,لا
MKC-2025518,2024-02-06,2024-02-07,العتيبية,شكوى باعة متجولين,شكوى,تطبيق بلدي,مغلق - تم الحل,1.0,4.0,لا
MKC-2028834,2024-02-06,2024-02-11,جرول,شكوى باعة متجولين,شكوى,مكتب خدمة العملاء,محول لجهة أخرى,5.0,,لا
MKC-2028056,2024-02-06,2024-02-08,الكعكية,شكوى نظافة عامة,شكوى,مكتب فرعي بالحي,مغلق - تم الحل,2.0,4.0,لا
MKC-2028777,2024-02-06,,الجميزة,ترخيص بناء,طلب ترخيص,المركز الموحد 940,قيد المعالجة,,,لا
MKC-2023495,2024-02-06,,الهجرة,شكوى إشغال طريق,شكوى,مكتب فرعي بالحي,قيد المعالجة,,,لا
MKC-2025987,2024-02-06,2024-02-11,العتيبية,شكوى باعة متجولين,شكوى,مكتب خدمة العملاء,مغلق - تم الحل,5.0,5.0,لا
MKC-2027617,2024-02-06,2024-02-23,العزيزية,طلب صيانة حديقة/ملعب,طلب صيانة,المركز الموحد 940,مقبول ومنفذ,17.0,4.0,لا
MKC-2028673,2024-02-06,2024-02-08,جرول,شكوى نظافة عامة,شكوى,مكتب خدمة العملاء,مغلق - تم الحل,2.0,4.0,لا
MKC-2024913,2024-02-06,2024-02-28,النوارية,طلب صيانة حديقة/ملعب,طلب صيانة,مكتب خدمة العملاء,مقبول ومنفذ,22.0,5.0,لا
MKC-2024956,2024-02-07,2024-02-10,الحجون,شكوى باعة متجولين,شكوى,مكتب خدمة العملاء,مغلق - تم الحل,3.0,4.0,لا
MKC-2028057,2024-02-07,2024-02-10,النسيم,شكوى إشغال طريق,شكوى,المركز الموحد 940,مغلق - تم الحل,3.0,5.0,لا
MKC-2028711,2024-02-07,,الزاهر,شكوى إنارة شوارع,شكوى,حساب X (تويتر),قيد المعالجة,,,لا
MKC-2025882,2024-02-07,,النوارية,شكوى مركبات مهملة,شكوى,تطبيق بلدي,قيد المعالجة,,,لا
MKC-2028541,2024-02-07,2024-02-14,أجياد,طلب صيانة حديقة/ملعب,طلب صيانة,تطبيق بلدي,مقبول ومنفذ,7.0,5.0,لا
MKC-2024532,2024-02-07,2024-02-14,المسفلة,شكوى نظافة عامة,شكوى,تطبيق بلدي,مغلق - تم الحل,7.0,4.0,لا
MKC-2027325,2024-02-08,2024-03-07,العزيزية,شكوى مخالفة بناء,شكوى,مكتب فرعي بالحي,مقبول ومنفذ,28.0,5.0,لا
MKC-2027529,2024-02-08,2024-02-13,النوارية,ترخيص تجاري,طلب ترخيص,تطبيق بلدي,مقبول ومنفذ,5.0,5.0,لا
MKC-2027321,2024-02-08,2024-02-10,الششة,شكوى باعة متجولين,شكوى,حساب X (تويتر),مغلق - تم الحل,2.0,4.0,لا
MKC-2028544,2024-02-08,2024-02-13,الزاهر,شكوى مخالفة بناء,شكوى,المركز الموحد 940,محول لجهة أخرى,5.0,,لا
MKC-2024201,2024-02-08,2024-02-28,المسفلة,شكوى مركبات مهملة,شكوى,حساب X (تويتر),مرفوض,20.0,,لا
MKC-2027819,2024-02-09,2024-02-29,الرصيفة,شكوى مخالفة بناء,شكوى,تطبيق بلدي,مغلق - تم الحل,20.0,2.0,لا
MKC-2025496,2024-02-09,2024-02-16,النوارية,شكوى إنارة شوارع,شكوى,المركز الموحد 940,مغلق - تم الحل,7.0,4.0,لا
MKC-2028124,2024-02-09,2024-03-03,العزيزية,ترخيص بناء,طلب ترخيص,المركز الموحد 940,مقبول ومنفذ,23.0,5.0,لا
MKC-2024125,2024-02-09,2024-02-22,أجياد,شكوى إنارة شوارع,شكوى,المركز الموحد 940,مغلق - تم الحل,13.0,2.0,لا
MKC-2028935,2024-02-09,2024-02-12,العتيبية,شكوى صرف صحي,شكوى,مكتب خدمة العملاء,مقبول ومنفذ,3.0,4.0,لا
MKC-2028404,2024-02-09,2024-02-14,الكعكية,تجديد رخصة تجارية,طلب ترخيص,مكتب خدمة العملاء,مقبول ومنفذ,5.0,4.0,لا
MKC-2027192,2024-02-09,2024-02-17,الرصيفة,شكوى إنارة شوارع,شكوى,مكتب خدمة العملاء,محول لجهة أخرى,8.0,,لا
MKC-2026474,2024-02-09,2024-02-21,الكعكية,شكوى إنارة شوارع,شكوى,المركز الموحد 940,مغلق - تم الحل,12.0,4.0,لا
MKC-2026472,2024-02-09,2024-02-14,جرول,شكوى إنارة شوارع,شكوى,تطبيق بلدي,مرفوض,5.0,,لا
MKC-2024572,2024-02-09,2024-03-07,بطحاء قريش,شكوى مخالفة بناء,شكوى,مكتب خدمة العملاء,محول لجهة أخرى,27.0,,لا
MKC-2026251,2024-02-10,2024-02-13,الحجون,شكوى نظافة عامة,شكوى,مكتب خدمة العملاء,محول لجهة أخرى,3.0,,لا
MKC-2023831,2024-02-10,2024-02-20,المسفلة,ترخيص لافتات إعلانية,طلب ترخيص,مكتب خدمة العملاء,مقبول ومنفذ,10.0,3.0,لا
MKC-2023919,2024-02-10,2024-02-12,الحجون,شكوى نظافة عامة,شكوى,تطبيق بلدي,مغلق - تم الحل,2.0,4.0,لا
MKC-2023380,2024-02-10,2024-02-14,الششة,شكوى إشغال طريق,شكوى,تطبيق بلدي,مغلق - تم الحل,4.0,3.0,لا
MKC-2027306,2024-02-10,2024-03-20,العزيزية,ترخيص بناء,طلب ترخيص,مكتب فرعي بالحي,مقبول ومنفذ,39.0,3.0,لا
MKC-2023065,2024-02-10,2024-02-14,الهجرة,شكوى نظافة عامة,شكوى,مكتب خدمة العملاء,مغلق - تم الحل,4.0,5.0,لا
MKC-2026551,2024-02-10,2024-02-15,جرول,تجديد رخصة تجارية,طلب ترخيص,تطبيق بلدي,مرفوض,5.0,,لا
MKC-2023610,2024-02-10,2024-02-13,العزيزية,ترخيص لافتات إعلانية,طلب ترخيص,المركز الموحد 940,مقبول ومنفذ,3.0,5.0,لا
MKC-2027568,2024-02-10,2024-02-15,الهجرة,شكوى إنارة شوارع,شكوى,المركز الموحد 940,محول لجهة أخرى,5.0,,لا
MKC-2026192,2024-02-10,2024-02-26,أجياد,ترخيص تجاري,طلب ترخيص,مكتب خدمة العملاء,محول لجهة أخرى,16.0,,لا
MKC-2023164,2024-02-11,2024-02-19,الجميزة,شكوى إشغال طريق,شكوى,حساب X (تويتر),محول لجهة أخرى,8.0,,لا
MKC-2027875,2024-02-11,2024-03-05,الزاهر,ترخيص بناء,طلب ترخيص,المركز الموحد 940,مقبول ومنفذ,23.0,3.0,لا
MKC-2023968,2024-02-11,2024-02-16,الشوقية,شكوى نظافة عامة,شكوى,تطبيق بلدي,محول لجهة أخرى,5.0,,لا
MKC-2028858,2024-02-11,2024-02-22,النوارية,شكوى إنارة شوارع,شكوى,حساب X (تويتر),مغلق - تم الحل,11.0,4.0,لا
MKC-2028287,2024-02-11,2024-02-16,جرول,شكوى باعة متجولين,شكوى,تطبيق بلدي,مغلق - تم الحل,5.0,4.0,لا
MKC-2027448,2024-02-11,2024-02-18,الرصيفة,تجديد رخصة تجارية,طلب ترخيص,تطبيق بلدي,مقبول ومنفذ,7.0,4.0,لا
MKC-2023153,2024-02-11,2024-02-17,العتيبية,تجديد رخصة تجارية,طلب ترخيص,تطبيق بلدي,مقبول ومنفذ,6.0,3.0,لا
MKC-2028300,2024-02-11,2024-03-08,الرصيفة,ترخيص بناء,طلب ترخيص,تطبيق بلدي,مقبول ومنفذ,26.0,3.0,لا
MKC-2024798,2024-02-11,2024-02-14,العزيزية,تجديد رخصة تجارية,طلب ترخيص,تطبيق بلدي,مرفوض,3.0,,لا
MKC-2024292,2024-02-11,2024-03-04,الكعكية,ترخيص بناء,طلب ترخيص,تطبيق بلدي,مرفوض,22.0,,لا
MKC-2028123,2024-02-11,2024-02-13,العزيزية,شكوى نظافة عامة,شكوى,تطبيق بلدي,مغلق - تم الحل,2.0,4.0,لا
MKC-2024892,2024-02-11,2024-03-25,أجياد,ترخيص بناء,طلب ترخيص,مكتب فرعي بالحي,مقبول ومنفذ,43.0,3.0,لا
MKC-2023016,2024-02-11,2024-02-18,العزيزية,شكوى نظافة عامة,شكوى,تطبيق بلدي,محول لجهة أخرى,7.0,,لا
MKC-2023227,2024-02-12,2024-02-15,الششة,تجديد رخصة تجارية,طلب ترخيص,حساب X (تويتر),مقبول ومنفذ,3.0,4.0,لا
MKC-2025406,2024-02-12,2024-02-15,الهجرة,شكوى نظافة عامة,شكوى,مكتب فرعي بالحي,مغلق - تم الحل,3.0,5.0,لا
MKC-2023541,2024-02-12,,الجميزة,ترخيص تجاري,طلب ترخيص,تطبيق بلدي,قيد المعالجة,,,لا
MKC-2025732,2024-02-12,2024-02-20,النسيم,شكوى إشغال طريق,شكوى,تطبيق بلدي,مغلق - تم الحل,8.0,4.0,لا
MKC-2026196,2024-02-12,2024-02-18,الشوقية,تجديد رخصة تجارية,طلب ترخيص,تطبيق بلدي,مقبول ومنفذ,6.0,3.0,لا
MKC-2027175,2024-02-12,2024-02-20,بطحاء قريش,ترخيص لافتات إعلانية,طلب ترخيص,المركز الموحد 940,محول لجهة أخرى,8.0,,لا
MKC-2025399,2024-02-12,2024-02-20,الجميزة,شكوى إنارة شوارع,شكوى,مكتب خدمة العملاء,مغلق - تم الحل,8.0,5.0,لا
MKC-2023628,2024-02-12,2024-02-23,النوارية,شكوى مركبات مهملة,شكوى,تطبيق بلدي,مغلق - تم الحل,11.0,5.0,لا
MKC-2028095,2024-02-12,2024-02-18,الششة,طلب صيانة حديقة/ملعب,طلب صيانة,المركز الموحد 940,مرفوض,6.0,,لا
MKC-2027228,2024-02-13,2024-03-14,أجياد,ترخيص تجاري,طلب ترخيص,تطبيق بلدي,مقبول ومنفذ,30.0,3.0,لا
MKC-2023078,2024-02-13,2024-02-17,النوارية,تجديد رخصة تجارية,طلب ترخيص,حساب X (تويتر),مقبول ومنفذ,4.0,5.0,لا
MKC-2025276,2024-02-13,2024-02-21,بطحاء قريش,ترخيص تجاري,طلب ترخيص,تطبيق بلدي,مرفوض,8.0,,لا
MKC-2024587,2024-02-13,,الهجرة,شكوى نظافة عامة,شكوى,تطبيق بلدي,قيد المعالجة,,,لا
MKC-2026383,2024-02-13,2024-03-11,الحجون,ترخيص تجاري,طلب ترخيص,حساب X (تويتر),محول لجهة أخرى,27.0,,لا
MKC-2026245,2024-02-13,2024-02-19,النسيم,شكوى صرف صحي,شكوى,مكتب خدمة العملاء,محول لجهة أخرى,6.0,,لا
MKC-2028605,2024-02-13,2024-02-15,النوارية,شكوى نظافة عامة,شكوى,المركز الموحد 940,مقبول ومنفذ,2.0,4.0,لا
MKC-2025719,2024-02-13,2024-02-18,العزيزية,شكوى نظافة عامة,شكوى,حساب X (تويتر),محول لجهة أخرى,5.0,,لا
MKC-2025867,2024-02-13,2024-02-15,الششة,شكوى باعة متجولين,شكوى,مكتب خدمة العملاء,مرفوض,2.0,,لا
MKC-2027525,2024-02-14,2024-02-17,الزاهر,شكوى نظافة عامة,شكوى,تطبيق بلدي,مغلق - تم الحل,3.0,4.0,لا
MKC-2026431,2024-02-14,2024-02-22,جرول,تجديد رخصة تجارية,طلب ترخيص,حساب X (تويتر),مرفوض,8.0,,لا
MKC-2025571,2024-02-14,2024-03-06,أجياد,شكوى مخالفة بناء,شكوى,مكتب خدمة العملاء,مغلق - تم الحل,21.0,3.0,لا
MKC-2025815,2024-02-15,,الرصيفة,شكوى إنارة شوارع,شكوى,المركز الموحد 940,قيد المعالجة,,,لا
MKC-2023066,2024-02-15,2024-02-24,النوارية,تجديد رخصة تجارية,طلب ترخيص,المركز الموحد 940,مرفوض,9.0,,لا
MKC-2026451,2024-02-15,2024-02-18,العتيبية,شكوى صرف صحي,شكوى,المركز الموحد 940,مغلق - تم الحل,3.0,3.0,لا
MKC-2028052,2024-02-15,2024-02-20,الزاهر,ترخيص لافتات إعلانية,طلب ترخيص,المركز الموحد 940,مغلق - تم الحل,5.0,4.0,لا
MKC-2025626,2024-02-16,2024-02-21,الزاهر,شكوى نظافة عامة,شكوى,تطبيق بلدي,محول لجهة أخرى,5.0,,لا
MKC-2026925,2024-02-16,2024-03-06,الحجون,شكوى مخالفة بناء,شكوى,مكتب خدمة العملاء,مغلق - تم الحل,19.0,4.0,لا
MKC-2027102,2024-02-16,2024-02-20,النوارية,شكوى نظافة عامة,شكوى,المركز الموحد 940,مرفوض,4.0,,لا
MKC-2024212,2024-02-17,2024-02-20,المسفلة,شكوى مخالفة بناء,شكوى,حساب X (تويتر),مقبول ومنفذ,3.0,4.0,لا
MKC-2026625,2024-02-17,2024-02-25,العزيزية,شكوى إشغال طريق,شكوى,المركز الموحد 940,مغلق - تم الحل,8.0,3.0,لا
MKC-2028221,2024-02-17,2024-03-01,العزيزية,شكوى مخالفة بناء,شكوى,تطبيق بلدي,مغلق - تم الحل,13.0,3.0,لا
MKC-2026356,2024-02-17,2024-02-20,الششة,شكوى نظافة عامة,شكوى,تطبيق بلدي,محول لجهة أخرى,3.0,,لا
MKC-2028924,2024-02-17,2024-02-25,العتيبية,شكوى إنارة شوارع,شكوى,المركز الموحد 940,محول لجهة أخرى,8.0,,لا
MKC-2024879,2024-02-17,2024-02-21,الشوقية,شكوى إشغال طريق,شكوى,تطبيق بلدي,محول لجهة أخرى,4.0,,لا
MKC-2023705,2024-02-17,2024-02-25,العزيزية,شكوى صرف صحي,شكوى,مكتب خدمة العملاء,محول لجهة أخرى,8.0,,لا
MKC-2023716,2024-02-18,2024-03-04,العتيبية,شكوى مخالفة بناء,شكوى,مكتب فرعي بالحي,محول لجهة أخرى,15.0,,لا
MKC-2024030,2024-02-18,2024-02-22,جرول,شكوى نظافة عامة,شكوى,مكتب خدمة العملاء,مغلق - تم الحل,4.0,4.0,لا
MKC-2026794,2024-02-18,2024-02-19,الشرائع,شكوى باعة متجولين,شكوى,المركز الموحد 940,مغلق - تم الحل,1.0,4.0,لا
MKC-2025264,2024-02-18,2024-03-18,العزيزية,ترخيص تجاري,طلب ترخيص,تطبيق بلدي,مقبول ومنفذ,29.0,4.0,لا
MKC-2026435,2024-02-18,2024-03-08,بطحاء قريش,شكوى مخالفة بناء,شكوى,حساب X (تويتر),مغلق - تم الحل,19.0,3.0,لا
MKC-2028390,2024-02-18,2024-02-24,الششة,شكوى صرف صحي,شكوى,مكتب فرعي بالحي,مغلق - تم الحل,6.0,4.0,لا
MKC-2026430,2024-02-18,2024-03-08,الشوقية,طلب صيانة حديقة/ملعب,طلب صيانة,تطبيق بلدي,مقبول ومنفذ,19.0,3.0,لا
MKC-2025521,2024-02-19,2024-02-26,الزاهر,شكوى إنارة شوارع,شكوى,حساب X (تويتر),مقبول ومنفذ,7.0,4.0,لا
MKC-2024316,2024-02-19,2024-03-11,بطحاء قريش,ترخيص تجاري,طلب ترخيص,المركز الموحد 940,قيد المعالجة,21.0,,لا
MKC-2024301,2024-02-19,2024-03-19,الشوقية,ترخيص بناء,طلب ترخيص,مكتب فرعي بالحي,مرفوض,29.0,,لا
MKC-2026241,2024-02-19,2024-02-26,جرول,ترخيص تجاري,طلب ترخيص,مكتب فرعي بالحي,قيد المعالجة,7.0,,لا
MKC-2028141,2024-02-19,2024-02-29,جرول,ترخيص لافتات إعلانية,طلب ترخيص,تطبيق بلدي,مقبول ومنفذ,10.0,5.0,لا
MKC-2026483,2024-02-19,2024-02-21,النوارية,شكوى باعة متجولين,شكوى,المركز الموحد 940,محول لجهة أخرى,2.0,,لا
MKC-2025932,2024-02-19,2024-02-23,الشوقية,ترخيص لافتات إعلانية,طلب ترخيص,المركز الموحد 940,محول لجهة أخرى,4.0,,لا
MKC-2028100,2024-02-19,2024-03-10,العزيزية,طلب صيانة حديقة/ملعب,طلب صيانة,حساب X (تويتر),مرفوض,20.0,,لا
MKC-2024723,2024-02-19,2024-02-23,الرصيفة,شكوى إنارة شوارع,شكوى,تطبيق بلدي,مغلق - تم الحل,4.0,5.0,لا
MKC-2025994,2024-02-19,2024-03-08,جرول,ترخيص بناء,طلب ترخيص,تطبيق بلدي,مرفوض,18.0,,لا
MKC-2028639,2024-02-19,2024-02-26,النوارية,شكوى نظافة عامة,شكوى,مكتب فرعي بالحي,محول لجهة أخرى,7.0,,لا
MKC-2028803,2024-02-20,2024-03-16,العزيزية,شكوى مخالفة بناء,شكوى,تطبيق بلدي,مرفوض,25.0,,لا
MKC-2024343,2024-02-20,2024-02-27,الشوقية,طلب صيانة حديقة/ملعب,طلب صيانة,تطبيق بلدي,مرفوض,7.0,,لا
MKC-2025191,2024-02-20,2024-02-28,الشوقية,شكوى إشغال طريق,شكوى,تطبيق بلدي,مغلق - تم الحل,8.0,3.0,لا
MKC-2024217,2024-02-20,2024-03-20,العزيزية,ترخيص بناء,طلب ترخيص,مكتب خدمة العملاء,مقبول ومنفذ,29.0,4.0,لا
MKC-2026866,2024-02-20,2024-03-17,بطحاء قريش,شكوى مخالفة بناء,شكوى,حساب X (تويتر),مغلق - تم الحل,26.0,3.0,لا
MKC-2026812,2024-02-20,2024-02-22,الهجرة,شكوى إشغال طريق,شكوى,مكتب خدمة العملاء,مقبول ومنفذ,2.0,3.0,لا
MKC-2026479,2024-02-20,2024-03-15,المسفلة,شكوى مخالفة بناء,شكوى,مكتب خدمة العملاء,مغلق - تم الحل,24.0,4.0,لا
MKC-2024327,2024-02-21,2024-02-24,الزاهر,شكوى باعة متجولين,شكوى,تطبيق بلدي,مغلق - تم الحل,3.0,5.0,لا
MKC-2025657,2024-02-21,2024-03-13,الزاهر,ترخيص تجاري,طلب ترخيص,المركز الموحد 940,قيد المعالجة,21.0,,لا
MKC-2026258,2024-02-21,2024-02-26,العزيزية,شكوى إنارة شوارع,شكوى,حساب X (تويتر),مغلق - تم الحل,5.0,4.0,لا
MKC-2027014,2024-02-21,2024-02-26,بطحاء قريش,شكوى إنارة شوارع,شكوى,مكتب خدمة العملاء,مغلق - تم الحل,5.0,4.0,لا
MKC-2023062,2024-02-21,2024-02-29,الشرائع,شكوى إنارة شوارع,شكوى,تطبيق بلدي,محول لجهة أخرى,8.0,,لا
MKC-2023352,2024-02-21,2024-02-23,الكعكية,شكوى باعة متجولين,شكوى,مكتب فرعي بالحي,مغلق - تم الحل,2.0,3.0,لا
MKC-2028239,2024-02-21,2024-03-02,النسيم,شكوى إنارة شوارع,شكوى,المركز الموحد 940,مغلق - تم الحل,10.0,2.0,لا
MKC-2023489,2024-02-21,2024-03-02,الجميزة,شكوى إشغال طريق,شكوى,تطبيق بلدي,مغلق - تم الحل,10.0,4.0,لا
MKC-2025175,2024-02-21,2024-03-02,الشوقية,شكوى مخالفة بناء,شكوى,المركز الموحد 940,مقبول ومنفذ,10.0,3.0,لا
MKC-2027714,2024-02-22,2024-02-24,الشوقية,شكوى صرف صحي,شكوى,المركز الموحد 940,مغلق - تم الحل,2.0,3.0,لا
MKC-2023835,2024-02-22,2024-03-07,الجميزة,ترخيص لافتات إعلانية,طلب ترخيص,تطبيق بلدي,مقبول ومنفذ,14.0,4.0,لا
MKC-2024200,2024-02-22,2024-03-03,العزيزية,شكوى صرف صحي,شكوى,مكتب خدمة العملاء,مقبول ومنفذ,10.0,4.0,لا
MKC-2024398,2024-02-23,2024-02-28,الكعكية,شكوى إنارة شوارع,شكوى,مكتب خدمة العملاء,مغلق - تم الحل,5.0,4.0,لا
MKC-2027214,2024-02-23,2024-04-06,جرول,ترخيص بناء,طلب ترخيص,حساب X (تويتر),مقبول ومنفذ,43.0,3.0,لا
MKC-2026810,2024-02-23,2024-02-28,أجياد,شكوى إشغال طريق,شكوى,مكتب خدمة العملاء,مغلق - تم الحل,5.0,3.0,لا
MKC-2025909,2024-02-23,2024-03-06,الكعكية,طلب صيانة حديقة/ملعب,طلب صيانة,تطبيق بلدي,محول لجهة أخرى,12.0,,لا
MKC-2024289,2024-02-23,2024-03-31,الهجرة,ترخيص بناء,طلب ترخيص,تطبيق بلدي,مقبول ومنفذ,37.0,4.0,لا
MKC-2027435,2024-02-23,2024-02-24,العزيزية,شكوى إشغال طريق,شكوى,المركز الموحد 940,مغلق - تم الحل,1.0,5.0,لا
MKC-2026505,2024-02-23,2024-03-02,الجميزة,ترخيص تجاري,طلب ترخيص,مكتب فرعي بالحي,مقبول ومنفذ,8.0,4.0,لا
MKC-2025338,2024-02-23,2024-02-28,العزيزية,شكوى نظافة عامة,شكوى,تطبيق بلدي,محول لجهة أخرى,5.0,,لا
MKC-2028843,2024-02-23,2024-03-03,الشوقية,شكوى مركبات مهملة,شكوى,المركز الموحد 940,مقبول ومنفذ,9.0,5.0,لا
MKC-2024571,2024-02-24,2024-03-08,العزيزية,شكوى إنارة شوارع,شكوى,تطبيق بلدي,محول لجهة أخرى,13.0,,لا
MKC-2027342,2024-02-24,2024-03-09,المسفلة,طلب صيانة حديقة/ملعب,طلب صيانة,تطبيق بلدي,مقبول ومنفذ,14.0,3.0,لا
MKC-2024445,2024-02-24,2024-02-26,المسفلة,شكوى إشغال طريق,شكوى,مكتب خدمة العملاء,مقبول ومنفذ,2.0,4.0,لا
MKC-2028586,2024-02-24,2024-03-04,العزيزية,طلب صيانة حديقة/ملعب,طلب صيانة,تطبيق بلدي,مرفوض,9.0,,لا
MKC-2023057,2024-02-24,2024-02-27,الهجرة,شكوى باعة متجولين,شكوى,تطبيق بلدي,مغلق - تم الحل,3.0,5.0,لا
MKC-2024796,2024-02-24,2024-02-29,الشوقية,شكوى إنارة شوارع,شكوى,مكتب خدمة العملاء,قيد المعالجة,5.0,,لا
MKC-2024841,2024-02-25,2024-03-17,الزاهر,طلب صيانة حديقة/ملعب,طلب صيانة,المركز الموحد 940,مقبول ومنفذ,21.0,3.0,لا
MKC-2028519,2024-02-25,2024-03-04,النسيم,شكوى إشغال طريق,شكوى,تطبيق بلدي,محول لجهة أخرى,8.0,,لا
MKC-2023771,2024-02-25,2024-03-06,العتيبية,شكوى إشغال طريق,شكوى,مكتب فرعي بالحي,محول لجهة أخرى,10.0,,لا
MKC-2027767,2024-02-25,2024-03-05,جرول,ترخيص لافتات إعلانية,طلب ترخيص,تطبيق بلدي,مقبول ومنفذ,9.0,3.0,لا
MKC-2028594,2024-02-25,2024-03-09,بطحاء قريش,شكوى مخالفة بناء,شكوى,تطبيق بلدي,محول لجهة أخرى,13.0,,لا
MKC-2023863,2024-02-25,2024-02-29,الجميزة,شكوى نظافة عامة,شكوى,مكتب خدمة العملاء,مغلق - تم الحل,4.0,3.0,لا
MKC-2023284,2024-02-26,2024-03-21,جرول,طلب صيانة حديقة/ملعب,طلب صيانة,حساب X (تويتر),مقبول ومنفذ,24.0,3.0,لا
MKC-2026501,2024-02-26,2024-02-29,بطحاء قريش,شكوى إشغال طريق,شكوى,مكتب خدمة العملاء,محول لجهة أخرى,3.0,,لا
MKC-2025624,2024-02-26,2024-03-01,أجياد,شكوى نظافة عامة,شكوى,المركز الموحد 940,محول لجهة أخرى,4.0,,لا
MKC-2024617,2024-02-26,2024-03-02,جرول,شكوى نظافة عامة,شكوى,تطبيق بلدي,مغلق - تم الحل,5.0,5.0,لا
MKC-2026023,2024-02-26,2024-03-11,الكعكية,شكوى مخالفة بناء,شكوى,تطبيق بلدي,مغلق - تم الحل,14.0,2.0,لا
MKC-2023488,2024-02-27,2024-03-03,جرول,شكوى باعة متجولين,شكوى,مكتب خدمة العملاء,مرفوض,5.0,,لا
MKC-2023460,2024-02-27,2024-03-11,جرول,ترخيص بناء,طلب ترخيص,المركز الموحد 940,محول لجهة أخرى,13.0,,لا
MKC-2025092,2024-02-27,2024-03-27,جرول,ترخيص تجاري,طلب ترخيص,تطبيق بلدي,مرفوض,29.0,,لا
MKC-2023353,2024-02-27,2024-03-11,الكعكية,طلب صيانة حديقة/ملعب,طلب صيانة,تطبيق بلدي,مقبول ومنفذ,13.0,3.0,لا
MKC-2026677,2024-02-27,2024-03-02,بطحاء قريش,شكوى إنارة شوارع,شكوى,حساب X (تويتر),محول لجهة أخرى,4.0,,لا
MKC-2024962,2024-02-27,2024-03-03,النوارية,شكوى إشغال طريق,شكوى,تطبيق بلدي,مغلق - تم الحل,5.0,3.0,لا
MKC-2023143,2024-02-27,2024-03-11,المسفلة,شكوى إنارة شوارع,شكوى,المركز الموحد 940,محول لجهة أخرى,13.0,,لا
MKC-2027905,2024-02-27,2024-03-13,النسيم,ترخيص تجاري,طلب ترخيص,تطبيق بلدي,مرفوض,15.0,,لا
MKC-2025445,2024-02-27,2024-02-28,الشوقية,شكوى صرف صحي,شكوى,تطبيق بلدي,مغلق - تم الحل,1.0,4.0,لا
MKC-2028994,2024-02-27,2024-03-11,العزيزية,شكوى إنارة شوارع,شكوى,تطبيق بلدي,مغلق - تم الحل,13.0,5.0,لا
MKC-2026732,2024-02-28,2024-03-03,النسيم,شكوى مركبات مهملة,شكوى,تطبيق بلدي,مغلق - تم الحل,4.0,5.0,لا
MKC-2028478,2024-02-28,2024-03-07,العزيزية,شكوى إشغال طريق,شكوى,تطبيق بلدي,مرفوض,8.0,,لا
MKC-2028189,2024-02-28,2024-03-02,الششة,شكوى نظافة عامة,شكوى,مكتب خدمة العملاء,مغلق - تم الحل,3.0,3.0,لا
MKC-2026702,2024-02-29,2024-03-10,الكعكية,شكوى إنارة شوارع,شكوى,المركز الموحد 940,مغلق - تم الحل,10.0,3.0,لا
MKC-2028598,2024-02-29,2024-03-03,الشوقية,شكوى نظافة عامة,شكوى,تطبيق بلدي,مغلق - تم الحل,3.0,4.0,لا
MKC-2025968,2024-02-29,2024-03-08,الرصيفة,شكوى مركبات مهملة,شكوى,مكتب فرعي بالحي,مقبول ومنفذ,8.0,4.0,لا
MKC-2025328,2024-02-29,2024-03-10,الزاهر,شكوى إشغال طريق,شكوى,تطبيق بلدي,مغلق - تم الحل,10.0,5.0,لا
MKC-2028451,2024-02-29,2024-03-05,النوارية,شكوى باعة متجولين,شكوى,تطبيق بلدي,مقبول ومنفذ,5.0,4.0,لا
MKC-2027658,2024-02-29,2024-03-12,النوارية,ترخيص تجاري,طلب ترخيص,تطبيق بلدي,مقبول ومنفذ,12.0,3.0,لا
MKC-2027077,2024-02-29,2024-03-15,جرول,ترخيص تجاري,طلب ترخيص,مكتب خدمة العملاء,مقبول ومنفذ,15.0,3.0,لا
MKC-2025739,2024-03-01,2024-03-25,النسيم,ترخيص تجاري,طلب ترخيص,تطبيق بلدي,مرفوض,24.0,,لا
MKC-2025642,2024-03-01,2024-03-07,النوارية,ترخيص لافتات إعلانية,طلب ترخيص,المركز الموحد 940,مقبول ومنفذ,6.0,4.0,لا
MKC-2023671,2024-03-01,2024-03-05,النوارية,شكوى باعة متجولين,شكوى,حساب X (تويتر),مغلق - تم الحل,4.0,3.0,لا
MKC-2025668,2024-03-01,2024-03-05,العزيزية,شكوى صرف صحي,شكوى,تطبيق بلدي,مرفوض,4.0,,لا
MKC-2027434,2024-03-02,2024-03-17,الشوقية,ترخيص بناء,طلب ترخيص,تطبيق بلدي,مرفوض,15.0,,لا
MKC-2026669,2024-03-02,,الرصيفة,شكوى نظافة عامة,شكوى,مكتب فرعي بالحي,قيد المعالجة,,,لا
MKC-2027569,2024-03-02,2024-04-07,النوارية,ترخيص بناء,طلب ترخيص,المركز الموحد 940,مقبول ومنفذ,36.0,4.0,لا
MKC-2024264,2024-03-03,2024-03-31,النوارية,ترخيص تجاري,طلب ترخيص,المركز الموحد 940,مرفوض,28.0,,لا
MKC-2028276,2024-03-03,2024-03-23,الششة,طلب صيانة حديقة/ملعب,طلب صيانة,حساب X (تويتر),مقبول ومنفذ,20.0,3.0,لا
MKC-2023464,2024-03-04,2024-03-08,الحجون,شكوى إنارة شوارع,شكوى,تطبيق بلدي,محول لجهة أخرى,4.0,,لا
MKC-2028677,2024-03-04,2024-03-19,النسيم,ترخيص بناء,طلب ترخيص,تطبيق بلدي,مقبول ومنفذ,15.0,2.0,لا
MKC-2024755,2024-03-04,2024-04-01,النوارية,ترخيص تجاري,طلب ترخيص,المركز الموحد 940,مرفوض,28.0,,لا
MKC-2024312,2024-03-04,2024-04-11,المسفلة,ترخيص بناء,طلب ترخيص,تطبيق بلدي,محول لجهة أخرى,38.0,,لا
MKC-2027809,2024-03-04,2024-03-17,النسيم,شكوى إنارة شوارع,شكوى,مكتب خدمة العملاء,مغلق - تم الحل,13.0,3.0,لا
MKC-2026733,2024-03-05,2024-03-24,أجياد,شكوى مركبات مهملة,شكوى,تطبيق بلدي,مغلق - تم الحل,19.0,4.0,لا
MKC-2023113,2024-03-05,2024-03-09,الششة,شكوى نظافة عامة,شكوى,مكتب خدمة العملاء,مقبول ومنفذ,4.0,4.0,لا
MKC-2027664,2024-03-05,2024-03-15,الرصيفة,ترخيص بناء,طلب ترخيص,مكتب فرعي بالحي,مغلق - تم الحل,10.0,5.0,لا
MKC-2026292,2024-03-05,2024-03-09,العتيبية,شكوى باعة متجولين,شكوى,تطبيق بلدي,مغلق - تم الحل,4.0,5.0,لا
MKC-2025795,2024-03-05,2024-03-07,أجياد,شكوى نظافة عامة,شكوى,تطبيق بلدي,مغلق - تم الحل,2.0,3.0,لا
MKC-2023211,2024-03-06,2024-03-15,الرصيفة,تجديد رخصة تجارية,طلب ترخيص,المركز الموحد 940,محول لجهة أخرى,9.0,,لا
MKC-2028996,2024-03-06,2024-03-08,الشرائع,شكوى نظافة عامة,شكوى,تطبيق بلدي,مرفوض,2.0,,لا
MKC-2027154,2024-03-06,2024-03-11,أجياد,شكوى مخالفة بناء,شكوى,تطبيق بلدي,مغلق - تم الحل,5.0,4.0,لا
MKC-2025330,2024-03-06,2024-03-18,العزيزية,شكوى صرف صحي,شكوى,تطبيق بلدي,مغلق - تم الحل,12.0,5.0,لا
MKC-2028646,2024-03-06,2024-03-09,الرصيفة,تجديد رخصة تجارية,طلب ترخيص,تطبيق بلدي,مقبول ومنفذ,3.0,5.0,لا
MKC-2023879,2024-03-06,2024-03-26,العزيزية,ترخيص تجاري,طلب ترخيص,مكتب خدمة العملاء,مقبول ومنفذ,20.0,3.0,لا
MKC-2024770,2024-03-06,2024-04-10,الزاهر,ترخيص بناء,طلب ترخيص,مكتب فرعي بالحي,مرفوض,35.0,,لا
MKC-2023132,2024-03-06,2024-03-29,النسيم,شكوى مخالفة بناء,شكوى,تطبيق بلدي,مرفوض,23.0,,لا
MKC-2028856,2024-03-07,2024-03-10,الرصيفة,شكوى إنارة شوارع,شكوى,تطبيق بلدي,مغلق - تم الحل,3.0,5.0,لا
MKC-2027974,2024-03-07,2024-03-10,العتيبية,شكوى نظافة عامة,شكوى,حساب X (تويتر),مغلق - تم الحل,3.0,4.0,لا
MKC-2024900,2024-03-07,2024-03-11,بطحاء قريش,شكوى إشغال طريق,شكوى,تطبيق بلدي,مغلق - تم الحل,4.0,5.0,لا
MKC-2028081,2024-03-07,2024-03-20,العزيزية,ترخيص تجاري,طلب ترخيص,تطبيق بلدي,مقبول ومنفذ,13.0,4.0,لا
MKC-2027389,2024-03-07,2024-03-08,الزاهر,شكوى نظافة عامة,شكوى,تطبيق بلدي,محول لجهة أخرى,1.0,,لا
MKC-2025674,2024-03-07,2024-03-24,بطحاء قريش,طلب صيانة حديقة/ملعب,طلب صيانة,تطبيق بلدي,مرفوض,17.0,,لا
MKC-2026982,2024-03-07,2024-03-21,العزيزية,شكوى إنارة شوارع,شكوى,مكتب فرعي بالحي,محول لجهة أخرى,14.0,,لا
MKC-2024273,2024-03-08,2024-03-16,الزاهر,شكوى صرف صحي,شكوى,المركز الموحد 940,محول لجهة أخرى,8.0,,نعم
MKC-2027457,2024-03-08,2024-04-11,الشرائع,ترخيص بناء,طلب ترخيص,مكتب خدمة العملاء,مرفوض,34.0,,نعم
MKC-2028261,2024-03-08,2024-03-14,أجياد,شكوى مخالفة بناء,شكوى,تطبيق بلدي,مغلق - تم الحل,6.0,4.0,نعم
MKC-2025448,2024-03-08,2024-03-16,الزاهر,شكوى نظافة عامة,شكوى,تطبيق بلدي,مغلق - تم الحل,8.0,3.0,نعم
MKC-2028295,2024-03-08,2024-03-10,أجياد,شكوى نظافة عامة,شكوى,تطبيق بلدي,مرفوض,2.0,,نعم
MKC-2024688,2024-03-08,2024-04-09,الكعكية,ترخيص بناء,طلب ترخيص,المركز الموحد 940,مرفوض,32.0,,نعم
MKC-2025683,2024-03-08,2024-03-15,الششة,شكوى باعة متجولين,شكوى,مكتب خدمة العملاء,مغلق - تم الحل,7.0,5.0,نعم
MKC-2028592,2024-03-08,2024-03-17,جرول,تجديد رخصة تجارية,طلب ترخيص,مكتب فرعي بالحي,مقبول ومنفذ,9.0,2.0,نعم
MKC-2023928,2024-03-08,2024-04-20,الششة,ترخيص تجاري,طلب ترخيص,المركز الموحد 940,مقبول ومنفذ,43.0,3.0,نعم
MKC-2025187,2024-03-08,2024-03-29,النسيم,ترخيص لافتات إعلانية,طلب ترخيص,مكتب خدمة العملاء,مقبول ومنفذ,21.0,4.0,نعم
MKC-2024860,2024-03-08,2024-03-18,النسيم,ترخيص تجاري,طلب ترخيص,مكتب خدمة العملاء,مقبول ومنفذ,10.0,3.0,نعم
MKC-2027873,2024-03-08,2024-03-23,جرول,شكوى مركبات مهملة,شكوى,حساب X (تويتر),محول لجهة أخرى,15.0,,نعم
MKC-2028343,2024-03-08,2024-05-16,أجياد,ترخيص بناء,طلب ترخيص,المركز الموحد 940,مرفوض,69.0,,نعم
MKC-2023120,2024-03-08,2024-03-18,الجميزة,شكوى صرف صحي,شكوى,تطبيق بلدي,مغلق - تم الحل,10.0,4.0,نعم
MKC-2028683,2024-03-08,2024-04-20,الشرائع,ترخيص تجاري,طلب ترخيص,مكتب فرعي بالحي,محول لجهة أخرى,43.0,,نعم
MKC-2023813,2024-03-08,2024-03-31,الزاهر,ترخيص تجاري,طلب ترخيص,تطبيق بلدي,مرفوض,23.0,,نعم
MKC-2023129,2024-03-09,2024-03-25,الهجرة,شكوى مركبات مهملة,شكوى,مكتب فرعي بالحي,مرفوض,16.0,,نعم
MKC-2024094,2024-03-09,2024-03-15,المسفلة,تجديد رخصة تجارية,طلب ترخيص,مكتب فرعي بالحي,مقبول ومنفذ,6.0,5.0,نعم
MKC-2027063,2024-03-09,2024-04-10,الكعكية,ترخيص تجاري,طلب ترخيص,تطبيق بلدي,مقبول ومنفذ,32.0,5.0,نعم
MKC-2025253,2024-03-09,2024-03-24,الزاهر,شكوى إنارة شوارع,شكوى,تطبيق بلدي,مغلق - تم الحل,15.0,4.0,نعم
MKC-2024231,2024-03-09,2024-04-03,العتيبية,طلب صيانة حديقة/ملعب,طلب صيانة,تطبيق بلدي,قيد المعالجة,25.0,,نعم
MKC-2025205,2024-03-09,2024-03-24,الششة,شكوى إنارة شوارع,شكوى,تطبيق بلدي,مغلق - تم الحل,15.0,4.0,نعم
MKC-2023558,2024-03-09,2024-03-14,الششة,شكوى نظافة عامة,شكوى,تطبيق بلدي,مغلق - تم الحل,5.0,5.0,نعم
MKC-2025432,2024-03-09,2024-03-11,النوارية,شكوى صرف صحي,شكوى,مكتب خدمة العملاء,مغلق - تم الحل,2.0,4.0,نعم
MKC-2023577,2024-03-09,2024-04-06,العزيزية,شكوى مخالفة بناء,شكوى,تطبيق بلدي,محول لجهة أخرى,28.0,,نعم
MKC-2025449,2024-03-09,2024-04-04,الشرائع,طلب صيانة حديقة/ملعب,طلب صيانة,تطبيق بلدي,مرفوض,26.0,,نعم
MKC-2027783,2024-03-09,2024-03-16,الشرائع,شكوى باعة متجولين,شكوى,مكتب خدمة العملاء,مغلق - تم الحل,7.0,3.0,نعم
MKC-2026931,2024-03-09,2024-03-16,العتيبية,شكوى مركبات مهملة,شكوى,مكتب خدمة العملاء,مغلق - تم الحل,7.0,5.0,نعم
MKC-2025845,2024-03-09,2024-03-14,الحجون,شكوى نظافة عامة,شكوى,حساب X (تويتر),محول لجهة أخرى,5.0,,نعم
MKC-2025436,2024-03-09,2024-03-18,الرصيفة,تجديد رخصة تجارية,طلب ترخيص,المركز الموحد 940,مقبول ومنفذ,9.0,2.0,نعم
MKC-2026362,2024-03-09,2024-04-14,النسيم,شكوى مخالفة بناء,شكوى,حساب X (تويتر),مقبول ومنفذ,36.0,3.0,نعم
MKC-2025535,2024-03-09,2024-03-17,الحجون,شكوى إشغال طريق,شكوى,مكتب خدمة العملاء,مغلق - تم الحل,8.0,4.0,نعم
MKC-2026634,2024-03-10,2024-03-27,العتيبية,شكوى صرف صحي,شكوى,تطبيق بلدي,قيد المعالجة,17.0,,نعم
MKC-2023392,2024-03-10,2024-03-23,الرصيفة,شكوى صرف صحي,شكوى,مكتب خدمة العملاء,مغلق - تم الحل,13.0,4.0,نعم
MKC-2027717,2024-03-10,2024-04-21,أجياد,شكوى مخالفة بناء,شكوى,مكتب خدمة العملاء,مغلق - تم الحل,42.0,3.0,نعم
MKC-2023348,2024-03-10,2024-03-25,الشوقية,شكوى صرف صحي,شكوى,حساب X (تويتر),مقبول ومنفذ,15.0,4.0,نعم
MKC-2023772,2024-03-10,2024-03-13,أجياد,تجديد رخصة تجارية,طلب ترخيص,حساب X (تويتر),مقبول ومنفذ,3.0,4.0,نعم
MKC-2026490,2024-03-10,2024-04-12,الزاهر,طلب صيانة حديقة/ملعب,طلب صيانة,تطبيق بلدي,مغلق - تم الحل,33.0,3.0,نعم
MKC-2026213,2024-03-10,2024-03-14,العزيزية,شكوى نظافة عامة,شكوى,مكتب فرعي بالحي,مرفوض,4.0,,نعم
MKC-2028891,2024-03-10,2024-04-23,الرصيفة,ترخيص بناء,طلب ترخيص,المركز الموحد 940,محول لجهة أخرى,44.0,,نعم
MKC-2023482,2024-03-10,,الرصيفة,ترخيص بناء,طلب ترخيص,تطبيق بلدي,قيد المعالجة,,,نعم
MKC-2026347,2024-03-10,2024-03-24,المسفلة,تجديد رخصة تجارية,طلب ترخيص,مكتب خدمة العملاء,محول لجهة أخرى,14.0,,نعم
MKC-2024279,2024-03-10,2024-05-21,العزيزية,ترخيص بناء,طلب ترخيص,المركز الموحد 940,مقبول ومنفذ,72.0,3.0,نعم
MKC-2023697,2024-03-10,2024-03-19,المسفلة,شكوى إشغال طريق,شكوى,مكتب خدمة العملاء,مغلق - تم الحل,9.0,5.0,نعم
MKC-2027293,2024-03-10,2024-03-24,الرصيفة,شكوى إشغال طريق,شكوى,تطبيق بلدي,مغلق - تم الحل,14.0,5.0,نعم
MKC-2027510,2024-03-10,,الكعكية,شكوى نظافة عامة,شكوى,المركز الموحد 940,قيد المعالجة,,,نعم
MKC-2027297,2024-03-10,2024-03-20,النسيم,شكوى مركبات مهملة,شكوى,المركز الموحد 940,مقبول ومنفذ,10.0,4.0,نعم
MKC-2027116,2024-03-10,2024-03-19,العزيزية,شكوى إشغال طريق,شكوى,مكتب خدمة العملاء,مغلق - تم الحل,9.0,5.0,نعم
MKC-2025925,2024-03-10,2024-03-13,النسيم,شكوى نظافة عامة,شكوى,مكتب فرعي بالحي,محول لجهة أخرى,3.0,,نعم
MKC-2025927,2024-03-10,2024-03-31,الهجرة,ترخيص بناء,طلب ترخيص,المركز الموحد 940,محول لجهة أخرى,21.0,,نعم
MKC-2028157,2024-03-10,2024-04-20,الزاهر,طلب صيانة حديقة/ملعب,طلب صيانة,حساب X (تويتر),مقبول ومنفذ,41.0,2.0,نعم
MKC-2028652,2024-03-10,2024-03-14,الزاهر,شكوى باعة متجولين,شكوى,تطبيق بلدي,محول لجهة أخرى,4.0,,نعم
MKC-2027367,2024-03-10,2024-03-15,النوارية,شكوى إنارة شوارع,شكوى,مكتب فرعي بالحي,مرفوض,5.0,,نعم
MKC-2027374,2024-03-10,2024-03-19,أجياد,شكوى نظافة عامة,شكوى,حساب X (تويتر),مغلق - تم الحل,9.0,5.0,نعم
MKC-2023658,2024-03-10,2024-03-13,الشوقية,شكوى نظافة عامة,شكوى,مكتب فرعي بالحي,مقبول ومنفذ,3.0,5.0,نعم
MKC-2026006,2024-03-10,2024-03-27,الرصيفة,ترخيص لافتات إعلانية,طلب ترخيص,تطبيق بلدي,مقبول ومنفذ,17.0,3.0,نعم
MKC-2028028,2024-03-11,2024-03-20,الرصيفة,شكوى نظافة عامة,شكوى,مكتب خدمة العملاء,مغلق - تم الحل,9.0,4.0,نعم
MKC-2025463,2024-03-11,2024-03-15,النسيم,شكوى نظافة عامة,شكوى,المركز الموحد 940,قيد المعالجة,4.0,,نعم
MKC-2028509,2024-03-11,2024-04-09,النسيم,شكوى مخالفة بناء,شكوى,مكتب فرعي بالحي,مقبول ومنفذ,29.0,3.0,نعم
MKC-2025468,2024-03-11,2024-03-23,العزيزية,تجديد رخصة تجارية,طلب ترخيص,المركز الموحد 940,مقبول ومنفذ,12.0,3.0,نعم
MKC-2025029,2024-03-11,2024-03-18,الششة,شكوى نظافة عامة,شكوى,مكتب فرعي بالحي,مغلق - تم الحل,7.0,5.0,نعم
MKC-2025963,2024-03-11,2024-04-15,أجياد,ترخيص تجاري,طلب ترخيص,المركز الموحد 940,مرفوض,35.0,,نعم
MKC-2023134,2024-03-11,2024-03-19,الرصيفة,شكوى إشغال طريق,شكوى,المركز الموحد 940,مرفوض,8.0,,نعم
MKC-2026537,2024-03-11,2024-03-16,الرصيفة,شكوى إشغال طريق,شكوى,مكتب فرعي بالحي,مغلق - تم الحل,5.0,3.0,نعم
MKC-2025467,2024-03-11,,النسيم,شكوى نظافة عامة,شكوى,تطبيق بلدي,قيد المعالجة,,,نعم
MKC-2026955,2024-03-11,2024-03-17,بطحاء قريش,تجديد رخصة تجارية,طلب ترخيص,مكتب خدمة العملاء,مقبول ومنفذ,6.0,4.0,نعم
MKC-2027096,2024-03-11,2024-03-21,المسفلة,شكوى نظافة عامة,شكوى,تطبيق بلدي,مغلق - تم الحل,10.0,4.0,نعم
MKC-2025390,2024-03-11,2024-03-19,جرول,شكوى إشغال طريق,شكوى,تطبيق بلدي,مقبول ومنفذ,8.0,4.0,نعم
MKC-2027830,2024-03-11,2024-03-26,النسيم,شكوى مركبات مهملة,شكوى,مكتب خدمة العملاء,مغلق - تم الحل,15.0,4.0,نعم
MKC-2023273,2024-03-11,2024-04-12,أجياد,ترخيص بناء,طلب ترخيص,مكتب فرعي بالحي,محول لجهة أخرى,32.0,,نعم
MKC-2024482,2024-03-11,2024-04-29,العزيزية,ترخيص تجاري,طلب ترخيص,المركز الموحد 940,مقبول ومنفذ,49.0,2.0,نعم
MKC-2027424,2024-03-11,2024-04-18,أجياد,ترخيص بناء,طلب ترخيص,مكتب خدمة العملاء,مقبول ومنفذ,38.0,3.0,نعم
MKC-2023821,2024-03-12,2024-03-25,أجياد,شكوى إنارة شوارع,شكوى,تطبيق بلدي,محول لجهة أخرى,13.0,,نعم
MKC-2025394,2024-03-12,2024-03-18,الحجون,شكوى باعة متجولين,شكوى,حساب X (تويتر),محول لجهة أخرى,6.0,,نعم
MKC-2026439,2024-03-12,2024-04-07,المسفلة,ترخيص لافتات إعلانية,طلب ترخيص,مكتب خدمة العملاء,مرفوض,26.0,,نعم
MKC-2023343,2024-03-12,2024-03-24,بطحاء قريش,تجديد رخصة تجارية,طلب ترخيص,تطبيق بلدي,محول لجهة أخرى,12.0,,نعم
MKC-2026363,2024-03-12,,الهجرة,تجديد رخصة تجارية,طلب ترخيص,مكتب خدمة العملاء,قيد المعالجة,,,نعم
MKC-2025930,2024-03-12,2024-03-18,العزيزية,شكوى إشغال طريق,شكوى,حساب X (تويتر),مغلق - تم الحل,6.0,4.0,نعم
MKC-2027807,2024-03-12,2024-03-22,الشرائع,شكوى إشغال طريق,شكوى,المركز الموحد 940,مغلق - تم الحل,10.0,3.0,نعم
MKC-2028941,2024-03-12,2024-03-16,العتيبية,شكوى نظافة عامة,شكوى,تطبيق بلدي,مغلق - تم الحل,4.0,5.0,نعم
MKC-2027946,2024-03-12,2024-04-01,الحجون,شكوى صرف صحي,شكوى,المركز الموحد 940,مقبول ومنفذ,20.0,3.0,نعم
MKC-2023803,2024-03-12,2024-03-20,بطحاء قريش,شكوى نظافة عامة,شكوى,تطبيق بلدي,محول لجهة أخرى,8.0,,نعم
MKC-2027405,2024-03-12,2024-04-20,الشرائع,طلب صيانة حديقة/ملعب,طلب صيانة,المركز الموحد 940,مرفوض,39.0,,نعم
MKC-2027994,2024-03-12,2024-03-27,النسيم,شكوى صرف صحي,شكوى,حساب X (تويتر),مقبول ومنفذ,15.0,3.0,نعم
MKC-2023826,2024-03-12,2024-03-19,الرصيفة,شكوى نظافة عامة,شكوى,تطبيق بلدي,محول لجهة أخرى,7.0,,نعم
MKC-2023233,2024-03-12,2024-03-25,العزيزية,ترخيص تجاري,طلب ترخيص,تطبيق بلدي,مغلق - تم الحل,13.0,3.0,نعم
MKC-2027942,2024-03-12,2024-04-21,العزيزية,شكوى مخالفة بناء,شكوى,حساب X (تويتر),مغلق - تم الحل,40.0,4.0,نعم
MKC-2025400,2024-03-12,2024-04-21,جرول,ترخيص بناء,طلب ترخيص,تطبيق بلدي,مقبول ومنفذ,40.0,3.0,نعم
MKC-2028356,2024-03-12,2024-03-22,بطحاء قريش,شكوى إنارة شوارع,شكوى,حساب X (تويتر),مغلق - تم الحل,10.0,3.0,نعم
MKC-2025803,2024-03-12,2024-04-05,الزاهر,ترخيص تجاري,طلب ترخيص,المركز الموحد 940,محول لجهة أخرى,24.0,,نعم
MKC-2026001,2024-03-12,2024-03-31,الششة,ترخيص تجاري,طلب ترخيص,تطبيق بلدي,مقبول ومنفذ,19.0,3.0,نعم
MKC-2028915,2024-03-12,2024-03-20,النوارية,شكوى نظافة عامة,شكوى,مكتب خدمة العملاء,محول لجهة أخرى,8.0,,نعم
MKC-2024337,2024-03-12,2024-03-23,الهجرة,تجديد رخصة تجارية,طلب ترخيص,مكتب خدمة العملاء,مقبول ومنفذ,11.0,4.0,نعم
MKC-2023259,2024-03-12,2024-03-25,الششة,تجديد رخصة تجارية,طلب ترخيص,تطبيق بلدي,مقبول ومنفذ,13.0,5.0,نعم
MKC-2026271,2024-03-12,2024-03-18,بطحاء قريش,شكوى إنارة شوارع,شكوى,تطبيق بلدي,مغلق - تم الحل,6.0,4.0,نعم
MKC-2023674,2024-03-12,2024-03-17,الشرائع,شكوى باعة متجولين,شكوى,المركز الموحد 940,مغلق - تم الحل,5.0,3.0,نعم
MKC-2028542,2024-03-13,,الشوقية,طلب صيانة حديقة/ملعب,طلب صيانة,مكتب فرعي بالحي,قيد المعالجة,,,نعم
MKC-2023593,2024-03-13,2024-03-18,النوارية,شكوى صرف صحي,شكوى,المركز الموحد 940,مرفوض,5.0,,نعم
MKC-2027881,2024-03-13,2024-04-01,الزاهر,شكوى مركبات مهملة,شكوى,تطبيق بلدي,محول لجهة أخرى,19.0,,نعم
MKC-2028373,2024-03-13,2024-05-05,النسيم,ترخيص تجاري,طلب ترخيص,تطبيق بلدي,مقبول ومنفذ,53.0,2.0,نعم
MKC-2025817,2024-03-13,2024-03-30,العتيبية,ترخيص لافتات إعلانية,طلب ترخيص,تطبيق بلدي,مقبول ومنفذ,17.0,4.0,نعم
MKC-2024306,2024-03-13,2024-03-22,المسفلة,شكوى إنارة شوارع,شكوى,تطبيق بلدي,مغلق - تم الحل,9.0,4.0,نعم
MKC-2026151,2024-03-13,2024-04-21,العزيزية,ترخيص بناء,طلب ترخيص,المركز الموحد 940,مقبول ومنفذ,39.0,2.0,نعم
MKC-2026060,2024-03-13,2024-03-22,المسفلة,شكوى إشغال طريق,شكوى,تطبيق بلدي,مغلق - تم الحل,9.0,4.0,نعم
MKC-2025194,2024-03-13,2024-05-04,المسفلة,ترخيص بناء,طلب ترخيص,حساب X (تويتر),مقبول ومنفذ,52.0,2.0,نعم
MKC-2028607,2024-03-13,2024-05-04,الكعكية,ترخيص بناء,طلب ترخيص,المركز الموحد 940,مقبول ومنفذ,52.0,4.0,نعم
MKC-2025308,2024-03-13,2024-03-15,الهجرة,شكوى باعة متجولين,شكوى,تطبيق بلدي,محول لجهة أخرى,2.0,,نعم
MKC-2026632,2024-03-13,2024-03-23,الششة,شكوى إشغال طريق,شكوى,تطبيق بلدي,محول لجهة أخرى,10.0,,نعم
MKC-2026308,2024-03-14,2024-03-20,الششة,شكوى مركبات مهملة,شكوى,تطبيق بلدي,مغلق - تم الحل,6.0,4.0,نعم
MKC-2028116,2024-03-14,2024-03-20,النوارية,شكوى إنارة شوارع,شكوى,المركز الموحد 940,مقبول ومنفذ,6.0,5.0,نعم
MKC-2024823,2024-03-14,2024-04-17,الجميزة,طلب صيانة حديقة/ملعب,طلب صيانة,تطبيق بلدي,مقبول ومنفذ,34.0,4.0,نعم
MKC-2024011,2024-03-14,2024-04-01,النسيم,تجديد رخصة تجارية,طلب ترخيص,تطبيق بلدي,مرفوض,18.0,,نعم
MKC-2028860,2024-03-14,2024-03-26,أجياد,تجديد رخصة تجارية,طلب ترخيص,تطبيق بلدي,مقبول ومنفذ,12.0,3.0,نعم
MKC-2028543,2024-03-14,2024-03-23,النسيم,شكوى إشغال طريق,شكوى,المركز الموحد 940,محول لجهة أخرى,9.0,,نعم
MKC-2024918,2024-03-14,2024-03-20,الزاهر,شكوى إنارة شوارع,شكوى,المركز الموحد 940,مرفوض,6.0,,نعم
MKC-2023359,2024-03-14,2024-03-20,بطحاء قريش,شكوى باعة متجولين,شكوى,حساب X (تويتر),مرفوض,6.0,,نعم
MKC-2023789,2024-03-14,2024-03-18,العزيزية,شكوى إنارة شوارع,شكوى,تطبيق بلدي,مغلق - تم الحل,4.0,3.0,نعم
MKC-2023881,2024-03-14,2024-03-17,المسفلة,شكوى نظافة عامة,شكوى,المركز الموحد 940,محول لجهة أخرى,3.0,,نعم
MKC-2023523,2024-03-14,2024-03-22,الرصيفة,شكوى إشغال طريق,شكوى,مكتب فرعي بالحي,مقبول ومنفذ,8.0,5.0,نعم
MKC-2023196,2024-03-14,2024-03-20,بطحاء قريش,شكوى مركبات مهملة,شكوى,المركز الموحد 940,مغلق - تم الحل,6.0,5.0,نعم
MKC-2026691,2024-03-14,2024-03-19,الششة,شكوى إشغال طريق,شكوى,المركز الموحد 940,مغلق - تم الحل,5.0,4.0,نعم
MKC-2028018,2024-03-14,2024-03-24,النسيم,شكوى إشغال طريق,شكوى,تطبيق بلدي,مغلق - تم الحل,10.0,4.0,نعم
MKC-2025377,2024-03-14,2024-04-25,الجميزة,شكوى مخالفة بناء,شكوى,مكتب خدمة العملاء,محول لجهة أخرى,42.0,,نعم
MKC-2024206,2024-03-14,2024-03-23,أجياد,تجديد رخصة تجارية,طلب ترخيص,مكتب فرعي بالحي,مقبول ومنفذ,9.0,5.0,نعم
MKC-2026164,2024-03-14,2024-03-23,الجميزة,شكوى نظافة عامة,شكوى,حساب X (تويتر),محول لجهة أخرى,9.0,,نعم
MKC-2028429,2024-03-14,2024-04-10,الحجون,شكوى مركبات مهملة,شكوى,مكتب خدمة العملاء,مغلق - تم الحل,27.0,3.0,نعم
MKC-2028256,2024-03-14,2024-03-26,أجياد,ترخيص لافتات إعلانية,طلب ترخيص,مكتب فرعي بالحي,محول لجهة أخرى,12.0,,نعم
MKC-2025038,2024-03-14,2024-04-23,العتيبية,ترخيص تجاري,طلب ترخيص,مكتب خدمة العملاء,مقبول ومنفذ,40.0,3.0,نعم
MKC-2024937,2024-03-15,2024-04-03,أجياد,شكوى صرف صحي,شكوى,تطبيق بلدي,مغلق - تم الحل,19.0,4.0,نعم
MKC-2027226,2024-03-15,2024-03-26,الشرائع,شكوى إشغال طريق,شكوى,المركز الموحد 940,مغلق - تم الحل,11.0,5.0,نعم
MKC-2027289,2024-03-15,2024-03-21,الكعكية,شكوى باعة متجولين,شكوى,تطبيق بلدي,محول لجهة أخرى,6.0,,نعم
MKC-2026324,2024-03-15,2024-05-06,الشوقية,ترخيص بناء,طلب ترخيص,تطبيق بلدي,مرفوض,52.0,,نعم
MKC-2026028,2024-03-15,2024-04-01,المسفلة,شكوى إنارة شوارع,شكوى,تطبيق بلدي,مغلق - تم الحل,17.0,4.0,نعم
MKC-2026614,2024-03-15,2024-04-17,الشوقية,طلب صيانة حديقة/ملعب,طلب صيانة,مكتب فرعي بالحي,مرفوض,33.0,,نعم
MKC-2026854,2024-03-15,2024-03-17,المسفلة,شكوى باعة متجولين,شكوى,تطبيق بلدي,مغلق - تم الحل,2.0,5.0,نعم
MKC-2026169,2024-03-15,2024-03-19,الحجون,شكوى نظافة عامة,شكوى,تطبيق بلدي,محول لجهة أخرى,4.0,,نعم
MKC-2023783,2024-03-15,2024-03-27,النسيم,شكوى إنارة شوارع,شكوى,تطبيق بلدي,مغلق - تم الحل,12.0,4.0,نعم
MKC-2028058,2024-03-15,2024-03-28,العزيزية,شكوى صرف صحي,شكوى,تطبيق بلدي,مغلق - تم الحل,13.0,5.0,نعم
MKC-2025154,2024-03-15,2024-03-30,الرصيفة,تجديد رخصة تجارية,طلب ترخيص,تطبيق بلدي,مقبول ومنفذ,15.0,4.0,نعم
MKC-2023246,2024-03-15,2024-03-19,الكعكية,تجديد رخصة تجارية,طلب ترخيص,تطبيق بلدي,مرفوض,4.0,,نعم
MKC-2027882,2024-03-15,2024-04-12,الكعكية,ترخيص لافتات إعلانية,طلب ترخيص,مكتب فرعي بالحي,مقبول ومنفذ,28.0,4.0,نعم
MKC-2028326,2024-03-15,2024-04-30,جرول,ترخيص بناء,طلب ترخيص,مكتب خدمة العملاء,مقبول ومنفذ,46.0,3.0,نعم
MKC-2025564,2024-03-15,2024-04-01,الحجون,طلب صيانة حديقة/ملعب,طلب صيانة,مكتب خدمة العملاء,مرفوض,17.0,,نعم
MKC-2025104,2024-03-16,2024-03-20,الزاهر,شكوى نظافة عامة,شكوى,تطبيق بلدي,محول لجهة أخرى,4.0,,نعم
MKC-2028537,2024-03-16,2024-03-19,العزيزية,تجديد رخصة تجارية,طلب ترخيص,حساب X (تويتر),مرفوض,3.0,,نعم
MKC-2025983,2024-03-16,2024-03-22,بطحاء قريش,طلب صيانة حديقة/ملعب,طلب صيانة,تطبيق بلدي,محول لجهة أخرى,6.0,,نعم
MKC-2024345,2024-03-16,2024-04-03,الشوقية,ترخيص بناء,طلب ترخيص,تطبيق بلدي,مقبول ومنفذ,18.0,4.0,نعم
MKC-2024904,2024-03-16,2024-03-24,النوارية,تجديد رخصة تجارية,طلب ترخيص,حساب X (تويتر),مقبول ومنفذ,8.0,5.0,نعم
MKC-2028618,2024-03-16,2024-03-19,الشوقية,شكوى إشغال طريق,شكوى,مكتب فرعي بالحي,مغلق - تم الحل,3.0,4.0,نعم
MKC-2024584,2024-03-16,,جرول,شكوى مخالفة بناء,شكوى,مكتب فرعي بالحي,قيد المعالجة,,,نعم
MKC-2028625,2024-03-16,2024-05-03,المسفلة,ترخيص بناء,طلب ترخيص,المركز الموحد 940,مغلق - تم الحل,48.0,3.0,نعم
MKC-2027728,2024-03-16,2024-03-23,النوارية,شكوى نظافة عامة,شكوى,تطبيق بلدي,مغلق - تم الحل,7.0,5.0,نعم
MKC-2028801,2024-03-16,2024-03-27,الرصيفة,شكوى إشغال طريق,شكوى,تطبيق بلدي,مغلق - تم الحل,11.0,5.0,نعم
MKC-2024717,2024-03-16,2024-03-23,الزاهر,شكوى باعة متجولين,شكوى,حساب X (تويتر),محول لجهة أخرى,7.0,,نعم
MKC-2028876,2024-03-16,2024-03-25,المسفلة,شكوى إشغال طريق,شكوى,مكتب خدمة العملاء,مغلق - تم الحل,9.0,4.0,نعم
MKC-2023424,2024-03-16,2024-03-22,جرول,شكوى مخالفة بناء,شكوى,تطبيق بلدي,مغلق - تم الحل,6.0,5.0,نعم
MKC-2023244,2024-03-16,2024-03-26,العزيزية,شكوى إشغال طريق,شكوى,تطبيق بلدي,مغلق - تم الحل,10.0,4.0,نعم
MKC-2025456,2024-03-16,2024-04-01,العزيزية,شكوى مركبات مهملة,شكوى,مكتب خدمة العملاء,محول لجهة أخرى,16.0,,نعم
MKC-2026516,2024-03-17,2024-05-13,الشوقية,ترخيص تجاري,طلب ترخيص,تطبيق بلدي,محول لجهة أخرى,57.0,,نعم
MKC-2025292,2024-03-17,2024-04-09,أجياد,ترخيص بناء,طلب ترخيص,تطبيق بلدي,مرفوض,23.0,,نعم
MKC-2024931,2024-03-17,2024-03-19,الشرائع,شكوى نظافة عامة,شكوى,المركز الموحد 940,قيد المعالجة,2.0,,نعم
MKC-2024246,2024-03-17,2024-05-02,الكعكية,شكوى مخالفة بناء,شكوى,مكتب فرعي بالحي,مرفوض,46.0,,نعم
MKC-2026078,2024-03-17,2024-04-04,الهجرة,ترخيص لافتات إعلانية,طلب ترخيص,مكتب خدمة العملاء,محول لجهة أخرى,18.0,,نعم
MKC-2025893,2024-03-17,2024-04-03,العزيزية,شكوى صرف صحي,شكوى,مكتب فرعي بالحي,مغلق - تم الحل,17.0,4.0,نعم
MKC-2025489,2024-03-17,2024-04-14,الكعكية,ترخيص بناء,طلب ترخيص,تطبيق بلدي,مقبول ومنفذ,28.0,3.0,نعم
MKC-2024061,2024-03-17,,الشوقية,ترخيص تجاري,طلب ترخيص,تطبيق بلدي,قيد المعالجة,,,نعم
MKC-2023975,2024-03-17,2024-03-26,العتيبية,تجديد رخصة تجارية,طلب ترخيص,مكتب خدمة العملاء,مقبول ومنفذ,9.0,3.0,نعم
MKC-2028755,2024-03-17,,النوارية,ترخيص بناء,طلب ترخيص,مكتب فرعي بالحي,قيد المعالجة,,,نعم
MKC-2028289,2024-03-17,2024-03-25,العتيبية,شكوى نظافة عامة,شكوى,مكتب فرعي بالحي,محول لجهة أخرى,8.0,,نعم
MKC-2026843,2024-03-17,,الششة,ترخيص تجاري,طلب ترخيص,حساب X (تويتر),قيد المعالجة,,,نعم
MKC-2025989,2024-03-17,2024-05-09,الرصيفة,ترخيص تجاري,طلب ترخيص,مكتب خدمة العملاء,محول لجهة أخرى,53.0,,نعم
MKC-2028025,2024-03-17,2024-03-27,الكعكية,شكوى إنارة شوارع,شكوى,تطبيق بلدي,مغلق - تم الحل,10.0,4.0,نعم
MKC-2026943,2024-03-17,2024-05-16,جرول,ترخيص بناء,طلب ترخيص,المركز الموحد 940,مقبول ومنفذ,60.0,3.0,نعم
MKC-2026493,2024-03-17,2024-05-14,النسيم,ترخيص بناء,طلب ترخيص,تطبيق بلدي,مقبول ومنفذ,58.0,3.0,نعم
MKC-2023878,2024-03-17,2024-03-25,الرصيفة,شكوى إشغال طريق,شكوى,مكتب خدمة العملاء,محول لجهة أخرى,8.0,,نعم
MKC-2028190,2024-03-17,2024-04-03,الزاهر,شكوى إشغال طريق,شكوى,تطبيق بلدي,محول لجهة أخرى,17.0,,نعم
MKC-2024800,2024-03-17,2024-03-24,العتيبية,تجديد رخصة تجارية,طلب ترخيص,مكتب فرعي بالحي,مرفوض,7.0,,نعم
MKC-2024071,2024-03-17,2024-04-02,المسفلة,تجديد رخصة تجارية,طلب ترخيص,مكتب خدمة العملاء,مقبول ومنفذ,16.0,5.0,نعم
MKC-2024431,2024-03-18,2024-04-16,النسيم,ترخيص لافتات إعلانية,طلب ترخيص,تطبيق بلدي,مقبول ومنفذ,29.0,2.0,نعم
MKC-2028736,2024-03-18,2024-03-23,الشوقية,شكوى إشغال طريق,شكوى,المركز الموحد 940,محول لجهة أخرى,5.0,,نعم
MKC-2024561,2024-03-18,2024-03-30,النوارية,شكوى إنارة شوارع,شكوى,حساب X (تويتر),مغلق - تم الحل,12.0,4.0,نعم
MKC-2027176,2024-03-18,2024-03-29,النوارية,تجديد رخصة تجارية,طلب ترخيص,تطبيق بلدي,محول لجهة أخرى,11.0,,نعم
MKC-2027723,2024-03-18,2024-03-20,جرول,شكوى باعة متجولين,شكوى,المركز الموحد 940,مقبول ومنفذ,2.0,4.0,نعم
MKC-2026671,2024-03-18,2024-03-31,العزيزية,تجديد رخصة تجارية,طلب ترخيص,تطبيق بلدي,محول لجهة أخرى,13.0,,نعم
MKC-2027009,2024-03-18,2024-04-28,الششة,شكوى مخالفة بناء,شكوى,تطبيق بلدي,مغلق - تم الحل,41.0,4.0,نعم
MKC-2025271,2024-03-18,2024-03-29,الرصيفة,شكوى إشغال طريق,شكوى,تطبيق بلدي,محول لجهة أخرى,11.0,,نعم
MKC-2027712,2024-03-18,2024-03-25,الزاهر,ترخيص لافتات إعلانية,طلب ترخيص,تطبيق بلدي,مقبول ومنفذ,7.0,3.0,نعم
MKC-2026077,2024-03-18,2024-03-27,الحجون,تجديد رخصة تجارية,طلب ترخيص,المركز الموحد 940,مقبول ومنفذ,9.0,3.0,نعم
MKC-2028301,2024-03-18,2024-04-12,الشرائع,شكوى مركبات مهملة,شكوى,تطبيق بلدي,مقبول ومنفذ,25.0,4.0,نعم
MKC-2023477,2024-03-18,2024-04-20,النوارية,ترخيص بناء,طلب ترخيص,تطبيق بلدي,مرفوض,33.0,,نعم
MKC-2025113,2024-03-18,2024-03-24,جرول,شكوى باعة متجولين,شكوى,تطبيق بلدي,مغلق - تم الحل,6.0,4.0,نعم
MKC-2023447,2024-03-18,2024-03-28,العزيزية,تجديد رخصة تجارية,طلب ترخيص,حساب X (تويتر),مقبول ومنفذ,10.0,4.0,نعم
MKC-2028111,2024-03-18,2024-05-25,المسفلة,ترخيص بناء,طلب ترخيص,تطبيق بلدي,مقبول ومنفذ,68.0,3.0,نعم
MKC-2023830,2024-03-18,2024-03-24,العزيزية,شكوى نظافة عامة,شكوى,مكتب خدمة العملاء,مغلق - تم الحل,6.0,5.0,نعم
MKC-2027999,2024-03-19,2024-03-22,النوارية,شكوى إنارة شوارع,شكوى,مكتب خدمة العملاء,مقبول ومنفذ,3.0,5.0,نعم
MKC-2024959,2024-03-19,2024-03-27,المسفلة,شكوى نظافة عامة,شكوى,مكتب فرعي بالحي,محول لجهة أخرى,8.0,,نعم
MKC-2025606,2024-03-19,2024-04-02,الشرائع,تجديد رخصة تجارية,طلب ترخيص,مكتب خدمة العملاء,محول لجهة أخرى,14.0,,نعم
MKC-2024960,2024-03-19,2024-05-22,الرصيفة,ترخيص بناء,طلب ترخيص,تطبيق بلدي,مرفوض,64.0,,نعم
MKC-2023449,2024-03-19,2024-04-01,النسيم,شكوى إشغال طريق,شكوى,المركز الموحد 940,مغلق - تم الحل,13.0,5.0,نعم
MKC-2025018,2024-03-19,2024-04-24,الرصيفة,طلب صيانة حديقة/ملعب,طلب صيانة,مكتب فرعي بالحي,مقبول ومنفذ,36.0,3.0,نعم
MKC-2028709,2024-03-19,,الشوقية,طلب صيانة حديقة/ملعب,طلب صيانة,تطبيق بلدي,قيد المعالجة,,,نعم
MKC-2023350,2024-03-19,2024-04-21,العتيبية,شكوى مخالفة بناء,شكوى,تطبيق بلدي,محول لجهة أخرى,33.0,,نعم
MKC-2028767,2024-03-19,2024-03-28,الشوقية,شكوى إنارة شوارع,شكوى,تطبيق بلدي,مغلق - تم الحل,9.0,5.0,نعم
MKC-2028670,2024-03-19,2024-03-24,جرول,شكوى نظافة عامة,شكوى,مكتب خدمة العملاء,مغلق - تم الحل,5.0,4.0,نعم
MKC-2027422,2024-03-19,2024-03-30,الحجون,طلب صيانة حديقة/ملعب,طلب صيانة,مكتب خدمة العملاء,مقبول ومنفذ,11.0,5.0,نعم
MKC-2026612,2024-03-19,,النسيم,شكوى إنارة شوارع,شكوى,تطبيق بلدي,قيد المعالجة,,,نعم
MKC-2026688,2024-03-19,2024-03-21,الششة,شكوى نظافة عامة,شكوى,مكتب خدمة العملاء,مغلق - تم الحل,2.0,5.0,نعم
MKC-2027203,2024-03-19,2024-03-28,العزيزية,شكوى إنارة شوارع,شكوى,تطبيق بلدي,مغلق - تم الحل,9.0,4.0,نعم
MKC-2025980,2024-03-19,2024-03-26,العتيبية,شكوى نظافة عامة,شكوى,تطبيق بلدي,مغلق - تم الحل,7.0,5.0,نعم
MKC-2028103,2024-03-19,2024-03-23,الزاهر,شكوى إشغال طريق,شكوى,المركز الموحد 940,مغلق - تم الحل,4.0,5.0,نعم
MKC-2025670,2024-03-19,2024-04-02,العزيزية,شكوى مخالفة بناء,شكوى,مكتب فرعي بالحي,مغلق - تم الحل,14.0,4.0,نعم
MKC-2028034,2024-03-19,2024-04-04,الششة,شكوى صرف صحي,شكوى,المركز الموحد 940,مغلق - تم الحل,16.0,4.0,نعم
MKC-2028589,2024-03-19,2024-04-02,العزيزية,تجديد رخصة تجارية,طلب ترخيص,تطبيق بلدي,مقبول ومنفذ,14.0,4.0,نعم
MKC-2026054,2024-03-19,,النسيم,شكوى إشغال طريق,شكوى,مكتب فرعي بالحي,قيد المعالجة,,,نعم
MKC-2027282,2024-03-19,2024-04-04,بطحاء قريش,تجديد رخصة تجارية,طلب ترخيص,المركز الموحد 940,مقبول ومنفذ,16.0,3.0,نعم
MKC-2023335,2024-03-19,2024-03-25,المسفلة,ترخيص لافتات إعلانية,طلب ترخيص,المركز الموحد 940,محول لجهة أخرى,6.0,,نعم
MKC-2028623,2024-03-19,2024-03-29,أجياد,شكوى إشغال طريق,شكوى,المركز الموحد 940,مغلق - تم الحل,10.0,4.0,نعم
MKC-2024451,2024-03-20,2024-04-21,الرصيفة,طلب صيانة حديقة/ملعب,طلب صيانة,تطبيق بلدي,مرفوض,32.0,,نعم
MKC-2023776,2024-03-20,,أجياد,شكوى مخالفة بناء,شكوى,تطبيق بلدي,قيد المعالجة,,,نعم
MKC-2024362,2024-03-20,2024-03-29,الزاهر,طلب صيانة حديقة/ملعب,طلب صيانة,حساب X (تويتر),مقبول ومنفذ,9.0,5.0,نعم
MKC-2025560,2024-03-20,2024-03-26,النسيم,شكوى نظافة عامة,شكوى,تطبيق بلدي,مغلق - تم الحل,6.0,4.0,نعم
MKC-2023922,2024-03-20,2024-03-23,أجياد,شكوى نظافة عامة,شكوى,مكتب فرعي بالحي,مغلق - تم الحل,3.0,4.0,نعم
MKC-2027087,2024-03-20,2024-03-27,العتيبية,شكوى إنارة شوارع,شكوى,تطبيق بلدي,محول لجهة أخرى,7.0,,نعم
MKC-2027747,2024-03-20,2024-03-28,العتيبية,شكوى باعة متجولين,شكوى,حساب X (تويتر),مغلق - تم الحل,8.0,4.0,نعم
MKC-2026036,2024-03-20,2024-04-08,الزاهر,شكوى إنارة شوارع,شكوى,تطبيق بلدي,محول لجهة أخرى,19.0,,نعم
MKC-2024984,2024-03-20,2024-03-23,النوارية,شكوى مركبات مهملة,شكوى,تطبيق بلدي,محول لجهة أخرى,3.0,,نعم
MKC-2026313,2024-03-20,2024-05-14,الكعكية,ترخيص بناء,طلب ترخيص,تطبيق بلدي,مقبول ومنفذ,55.0,4.0,نعم
MKC-2027502,2024-03-20,2024-03-24,العزيزية,شكوى إشغال طريق,شكوى,المركز الموحد 940,مغلق - تم الحل,4.0,5.0,نعم
MKC-2024671,2024-03-20,2024-04-02,الهجرة,شكوى صرف صحي,شكوى,مكتب خدمة العملاء,مغلق - تم الحل,13.0,3.0,نعم
MKC-2025892,2024-03-20,2024-03-28,العزيزية,شكوى إشغال طريق,شكوى,مكتب خدمة العملاء,مغلق - تم الحل,8.0,4.0,نعم
MKC-2027322,2024-03-20,2024-04-13,الكعكية,ترخيص لافتات إعلانية,طلب ترخيص,مكتب فرعي بالحي,مرفوض,24.0,,نعم
MKC-2026056,2024-03-20,2024-03-28,أجياد,شكوى نظافة عامة,شكوى,تطبيق بلدي,مغلق - تم الحل,8.0,5.0,نعم
MKC-2025575,2024-03-21,2024-04-16,النسيم,شكوى مخالفة بناء,شكوى,المركز الموحد 940,مغلق - تم الحل,26.0,3.0,نعم
MKC-2026831,2024-03-21,2024-03-29,الحجون,شكوى إشغال طريق,شكوى,مكتب خدمة العملاء,مغلق - تم الحل,8.0,5.0,نعم
MKC-2026895,2024-03-21,2024-04-27,الهجرة,ترخيص تجاري,طلب ترخيص,المركز الموحد 940,محول لجهة أخرى,37.0,,نعم
MKC-2026416,2024-03-21,2024-03-30,الكعكية,شكوى إنارة شوارع,شكوى,مكتب فرعي بالحي,مقبول ومنفذ,9.0,4.0,نعم
MKC-2028968,2024-03-21,2024-04-05,الشرائع,تجديد رخصة تجارية,طلب ترخيص,مكتب فرعي بالحي,مقبول ومنفذ,15.0,4.0,نعم
MKC-2023818,2024-03-21,2024-04-03,النسيم,شكوى إشغال طريق,شكوى,مكتب خدمة العملاء,محول لجهة أخرى,13.0,,نعم
MKC-2026868,2024-03-21,2024-06-03,الزاهر,ترخيص بناء,طلب ترخيص,مكتب خدمة العملاء,محول لجهة أخرى,74.0,,نعم
MKC-2027315,2024-03-21,2024-03-24,الزاهر,شكوى صرف صحي,شكوى,تطبيق بلدي,محول لجهة أخرى,3.0,,نعم
MKC-2026466,2024-03-21,2024-04-04,العزيزية,شكوى صرف صحي,شكوى,تطبيق بلدي,محول لجهة أخرى,14.0,,نعم
MKC-2025870,2024-03-21,2024-04-03,الحجون,شكوى إشغال طريق,شكوى,تطبيق بلدي,مغلق - تم الحل,13.0,2.0,نعم
MKC-2024819,2024-03-21,2024-04-29,النوارية,ترخيص تجاري,طلب ترخيص,مكتب خدمة العملاء,مقبول ومنفذ,39.0,4.0,نعم
MKC-2023599,2024-03-21,2024-03-23,بطحاء قريش,شكوى نظافة عامة,شكوى,تطبيق بلدي,مغلق - تم الحل,2.0,4.0,نعم
MKC-2025530,2024-03-21,2024-03-27,بطحاء قريش,شكوى إشغال طريق,شكوى,حساب X (تويتر),مقبول ومنفذ,6.0,5.0,نعم
MKC-2026620,2024-03-21,2024-04-29,النسيم,طلب صيانة حديقة/ملعب,طلب صيانة,تطبيق بلدي,مرفوض,39.0,,نعم
MKC-2024112,2024-03-21,2024-04-05,الرصيفة,شكوى إنارة شوارع,شكوى,تطبيق بلدي,مغلق - تم الحل,15.0,4.0,نعم
MKC-2024799,2024-03-21,2024-04-02,العزيزية,شكوى إنارة شوارع,شكوى,تطبيق بلدي,مغلق - تم الحل,12.0,5.0,نعم
MKC-2024253,2024-03-21,2024-04-07,المسفلة,شكوى إنارة شوارع,شكوى,مكتب خدمة العملاء,محول لجهة أخرى,17.0,,نعم
MKC-2028547,2024-03-21,2024-03-27,الكعكية,شكوى إشغال طريق,شكوى,تطبيق بلدي,محول لجهة أخرى,6.0,,نعم
MKC-2027969,2024-03-21,2024-03-25,العزيزية,شكوى إشغال طريق,شكوى,تطبيق بلدي,مغلق - تم الحل,4.0,4.0,نعم
MKC-2028140,2024-03-21,2024-03-25,النوارية,شكوى باعة متجولين,شكوى,المركز الموحد 940,مقبول ومنفذ,4.0,4.0,نعم
MKC-2023769,2024-03-21,2024-04-11,الزاهر,شكوى مخالفة بناء,شكوى,مكتب فرعي بالحي,مغلق - تم الحل,21.0,4.0,نعم
MKC-2023644,2024-03-21,2024-04-13,النوارية,ترخيص تجاري,طلب ترخيص,تطبيق بلدي,مقبول ومنفذ,23.0,3.0,نعم
MKC-2027097,2024-03-21,2024-03-25,العزيزية,تجديد رخصة تجارية,طلب ترخيص,مكتب فرعي بالحي,مقبول ومنفذ,4.0,4.0,نعم
MKC-2028907,2024-03-22,2024-03-29,الهجرة,شكوى نظافة عامة,شكوى,تطبيق بلدي,محول لجهة أخرى,7.0,,نعم
MKC-2026558,2024-03-22,2024-05-08,النوارية,ترخيص تجاري,طلب ترخيص,تطبيق بلدي,مرفوض,47.0,,نعم
MKC-2028066,2024-03-22,2024-03-30,النوارية,ترخيص لافتات إعلانية,طلب ترخيص,تطبيق بلدي,مقبول ومنفذ,8.0,3.0,نعم
MKC-2027600,2024-03-22,2024-05-18,العتيبية,ترخيص بناء,طلب ترخيص,مكتب خدمة العملاء,مغلق - تم الحل,57.0,3.0,نعم
MKC-2028120,2024-03-22,2024-03-28,الكعكية,شكوى باعة متجولين,شكوى,حساب X (تويتر),مغلق - تم الحل,6.0,5.0,نعم
MKC-2025454,2024-03-22,2024-04-06,العتيبية,شكوى صرف صحي,شكوى,مكتب خدمة العملاء,محول لجهة أخرى,15.0,,نعم
MKC-2023990,2024-03-22,,الشرائع,شكوى مخالفة بناء,شكوى,تطبيق بلدي,قيد المعالجة,,,نعم
MKC-2026829,2024-03-22,2024-04-14,بطحاء قريش,ترخيص بناء,طلب ترخيص,تطبيق بلدي,محول لجهة أخرى,23.0,,نعم
MKC-2028644,2024-03-22,2024-04-01,أجياد,شكوى نظافة عامة,شكوى,تطبيق بلدي,مغلق - تم الحل,10.0,3.0,نعم
MKC-2024801,2024-03-22,2024-03-31,الكعكية,شكوى مخالفة بناء,شكوى,مكتب فرعي بالحي,مقبول ومنفذ,9.0,3.0,نعم
MKC-2025898,2024-03-22,2024-03-31,الشوقية,شكوى صرف صحي,شكوى,مكتب خدمة العملاء,مقبول ومنفذ,9.0,4.0,نعم
MKC-2027625,2024-03-22,2024-04-25,أجياد,ترخيص بناء,طلب ترخيص,مكتب خدمة العملاء,محول لجهة أخرى,34.0,,نعم
MKC-2027970,2024-03-23,2024-04-23,الزاهر,ترخيص تجاري,طلب ترخيص,مكتب فرعي بالحي,مقبول ومنفذ,31.0,5.0,نعم
MKC-2026821,2024-03-23,2024-03-29,الجميزة,شكوى مركبات مهملة,شكوى,المركز الموحد 940,محول لجهة أخرى,6.0,,نعم
MKC-2024845,2024-03-23,2024-03-27,العزيزية,شكوى إشغال طريق,شكوى,مكتب فرعي بالحي,مغلق - تم الحل,4.0,3.0,نعم
MKC-2028614,2024-03-23,2024-05-05,أجياد,ترخيص تجاري,طلب ترخيص,مكتب خدمة العملاء,مقبول ومنفذ,43.0,2.0,نعم
MKC-2025796,2024-03-23,2024-03-25,العزيزية,شكوى إنارة شوارع,شكوى,المركز الموحد 940,مغلق - تم الحل,2.0,3.0,نعم
MKC-2028795,2024-03-23,2024-03-25,أجياد,شكوى نظافة عامة,شكوى,تطبيق بلدي,محول لجهة أخرى,2.0,,نعم
MKC-2024063,2024-03-23,2024-03-29,العزيزية,شكوى باعة متجولين,شكوى,مكتب فرعي بالحي,مغلق - تم الحل,6.0,4.0,نعم
MKC-2024512,2024-03-23,2024-04-03,العزيزية,تجديد رخصة تجارية,طلب ترخيص,تطبيق بلدي,محول لجهة أخرى,11.0,,نعم
MKC-2025523,2024-03-23,2024-04-29,الجميزة,ترخيص تجاري,طلب ترخيص,تطبيق بلدي,مرفوض,37.0,,نعم
MKC-2028503,2024-03-23,2024-03-31,أجياد,تجديد رخصة تجارية,طلب ترخيص,تطبيق بلدي,محول لجهة أخرى,8.0,,نعم
MKC-2024448,2024-03-23,2024-03-28,النوارية,شكوى إنارة شوارع,شكوى,تطبيق بلدي,مقبول ومنفذ,5.0,5.0,نعم
MKC-2027131,2024-03-23,2024-04-08,جرول,تجديد رخصة تجارية,طلب ترخيص,مكتب خدمة العملاء,مرفوض,16.0,,نعم
MKC-2028171,2024-03-23,2024-03-26,الزاهر,شكوى نظافة عامة,شكوى,تطبيق بلدي,مغلق - تم الحل,3.0,5.0,نعم
MKC-2027309,2024-03-23,2024-04-12,الرصيفة,طلب صيانة حديقة/ملعب,طلب صيانة,المركز الموحد 940,مقبول ومنفذ,20.0,5.0,نعم
MKC-2028235,2024-03-23,2024-04-12,الحجون,ترخيص تجاري,طلب ترخيص,تطبيق بلدي,محول لجهة أخرى,20.0,,نعم
MKC-2023119,2024-03-23,2024-05-04,الكعكية,ترخيص تجاري,طلب ترخيص,تطبيق بلدي,مرفوض,42.0,,نعم
MKC-2023497,2024-03-23,2024-04-02,الحجون,شكوى إشغال طريق,شكوى,تطبيق بلدي,مقبول ومنفذ,10.0,4.0,نعم
MKC-2025247,2024-03-23,2024-04-20,الحجون,ترخيص تجاري,طلب ترخيص,تطبيق بلدي,مقبول ومنفذ,28.0,3.0,نعم
MKC-2025633,2024-03-24,2024-03-26,النسيم,شكوى باعة متجولين,شكوى,تطبيق بلدي,مرفوض,2.0,,نعم
MKC-2027857,2024-03-24,2024-03-31,النوارية,تجديد رخصة تجارية,طلب ترخيص,تطبيق بلدي,مقبول ومنفذ,7.0,4.0,نعم
MKC-2026286,2024-03-24,2024-04-01,الهجرة,شكوى صرف صحي,شكوى,تطبيق بلدي,محول لجهة أخرى,8.0,,نعم
MKC-2023095,2024-03-24,2024-04-06,جرول,شكوى إشغال طريق,شكوى,تطبيق بلدي,مغلق - تم الحل,13.0,5.0,نعم
MKC-2028023,2024-03-24,,الششة,تجديد رخصة تجارية,طلب ترخيص,المركز الموحد 940,قيد المعالجة,,,نعم
MKC-2025270,2024-03-24,2024-04-08,الششة,شكوى إشغال طريق,شكوى,تطبيق بلدي,مغلق - تم الحل,15.0,4.0,نعم
MKC-2023439,2024-03-24,2024-04-11,الششة,طلب صيانة حديقة/ملعب,طلب صيانة,المركز الموحد 940,مقبول ومنفذ,18.0,4.0,نعم
MKC-2027931,2024-03-24,2024-03-27,المسفلة,تجديد رخصة تجارية,طلب ترخيص,المركز الموحد 940,مرفوض,3.0,,نعم
MKC-2026807,2024-03-24,2024-04-08,المسفلة,شكوى إشغال طريق,شكوى,مكتب فرعي بالحي,مغلق - تم الحل,15.0,4.0,نعم
MKC-2025042,2024-03-25,2024-04-29,الزاهر,ترخيص تجاري,طلب ترخيص,المركز الموحد 940,مقبول ومنفذ,35.0,3.0,نعم
MKC-2024497,2024-03-25,2024-03-30,الرصيفة,شكوى نظافة عامة,شكوى,تطبيق بلدي,مغلق - تم الحل,5.0,4.0,نعم
MKC-2027934,2024-03-25,2024-04-23,الجميزة,ترخيص تجاري,طلب ترخيص,تطبيق بلدي,مقبول ومنفذ,29.0,3.0,نعم
MKC-2024772,2024-03-25,2024-04-04,العزيزية,شكوى نظافة عامة,شكوى,حساب X (تويتر),مغلق - تم الحل,10.0,4.0,نعم
MKC-2023585,2024-03-25,2024-04-11,الزاهر,ترخيص تجاري,طلب ترخيص,مكتب فرعي بالحي,مقبول ومنفذ,17.0,4.0,نعم
MKC-2027938,2024-03-25,2024-04-16,الزاهر,طلب صيانة حديقة/ملعب,طلب صيانة,حساب X (تويتر),مقبول ومنفذ,22.0,4.0,نعم
MKC-2026769,2024-03-25,2024-04-04,المسفلة,شكوى مركبات مهملة,شكوى,تطبيق بلدي,مغلق - تم الحل,10.0,4.0,نعم
MKC-2023328,2024-03-25,2024-04-12,النسيم,شكوى إشغال طريق,شكوى,تطبيق بلدي,مغلق - تم الحل,18.0,4.0,نعم
MKC-2024078,2024-03-25,2024-04-05,بطحاء قريش,شكوى نظافة عامة,شكوى,تطبيق بلدي,محول لجهة أخرى,11.0,,نعم
MKC-2028470,2024-03-25,2024-06-01,الجميزة,ترخيص بناء,طلب ترخيص,تطبيق بلدي,محول لجهة أخرى,68.0,,نعم
MKC-2027986,2024-03-25,2024-04-09,الزاهر,ترخيص تجاري,طلب ترخيص,المركز الموحد 940,مقبول ومنفذ,15.0,5.0,نعم
MKC-2028305,2024-03-25,2024-03-30,العزيزية,شكوى نظافة عامة,شكوى,مكتب فرعي بالحي,قيد المعالجة,5.0,,نعم
MKC-2023019,2024-03-25,2024-05-02,بطحاء قريش,ترخيص تجاري,طلب ترخيص,تطبيق بلدي,مقبول ومنفذ,38.0,1.0,نعم
MKC-2024004,2024-03-25,2024-03-27,الهجرة,شكوى صرف صحي,شكوى,تطبيق بلدي,مغلق - تم الحل,2.0,4.0,نعم
MKC-2025428,2024-03-25,2024-04-01,النوارية,شكوى إشغال طريق,شكوى,حساب X (تويتر),مغلق - تم الحل,7.0,4.0,نعم
MKC-2025529,2024-03-25,2024-03-27,الجميزة,شكوى نظافة عامة,شكوى,مكتب فرعي بالحي,مغلق - تم الحل,2.0,5.0,نعم
MKC-2024283,2024-03-25,2024-03-31,العزيزية,شكوى نظافة عامة,شكوى,تطبيق بلدي,مغلق - تم الحل,6.0,3.0,نعم
MKC-2026115,2024-03-25,2024-06-07,الرصيفة,ترخيص بناء,طلب ترخيص,المركز الموحد 940,مقبول ومنفذ,74.0,4.0,نعم
MKC-2023064,2024-03-26,2024-04-01,الرصيفة,شكوى صرف صحي,شكوى,مكتب خدمة العملاء,مغلق - تم الحل,6.0,4.0,نعم
MKC-2024745,2024-03-26,2024-04-02,العتيبية,شكوى إنارة شوارع,شكوى,حساب X (تويتر),محول لجهة أخرى,7.0,,نعم
MKC-2027869,2024-03-26,2024-04-22,بطحاء قريش,ترخيص تجاري,طلب ترخيص,تطبيق بلدي,مرفوض,27.0,,نعم
MKC-2026039,2024-03-26,2024-04-08,جرول,شكوى مركبات مهملة,شكوى,المركز الموحد 940,مغلق - تم الحل,13.0,5.0,نعم
MKC-2028024,2024-03-26,2024-05-01,بطحاء قريش,ترخيص تجاري,طلب ترخيص,حساب X (تويتر),مقبول ومنفذ,36.0,4.0,نعم
MKC-2028906,2024-03-26,2024-04-15,الششة,شكوى مخالفة بناء,شكوى,مكتب فرعي بالحي,محول لجهة أخرى,20.0,,نعم
MKC-2028321,2024-03-26,2024-04-04,العزيزية,تجديد رخصة تجارية,طلب ترخيص,تطبيق بلدي,مرفوض,9.0,,نعم
MKC-2027481,2024-03-26,2024-05-18,الزاهر,ترخيص تجاري,طلب ترخيص,المركز الموحد 940,محول لجهة أخرى,53.0,,نعم
MKC-2024378,2024-03-26,2024-04-02,العتيبية,شكوى صرف صحي,شكوى,تطبيق بلدي,محول لجهة أخرى,7.0,,نعم
MKC-2028595,2024-03-26,2024-04-05,الشوقية,شكوى إشغال طريق,شكوى,تطبيق بلدي,مغلق - تم الحل,10.0,3.0,نعم
MKC-2023228,2024-03-26,2024-04-18,الشوقية,شكوى مخالفة بناء,شكوى,المركز الموحد 940,محول لجهة أخرى,23.0,,نعم
MKC-2023684,2024-03-26,2024-04-18,الرصيفة,شكوى مخالفة بناء,شكوى,حساب X (تويتر),محول لجهة أخرى,23.0,,نعم
MKC-2023597,2024-03-26,2024-04-05,جرول,شكوى إنارة شوارع,شكوى,تطبيق بلدي,مغلق - تم الحل,10.0,2.0,نعم
MKC-2023478,2024-03-26,,العزيزية,شكوى باعة متجولين,شكوى,تطبيق بلدي,قيد المعالجة,,,نعم
MKC-2027739,2024-03-27,,العزيزية,ترخيص تجاري,طلب ترخيص,تطبيق بلدي,قيد المعالجة,,,نعم
MKC-2024881,2024-03-27,2024-05-05,الكعكية,شكوى مخالفة بناء,شكوى,تطبيق بلدي,مغلق - تم الحل,39.0,3.0,نعم
MKC-2023996,2024-03-27,2024-04-15,النوارية,شكوى مخالفة بناء,شكوى,تطبيق بلدي,مغلق - تم الحل,19.0,3.0,نعم
MKC-2026720,2024-03-27,2024-04-06,جرول,شكوى نظافة عامة,شكوى,المركز الموحد 940,مغلق - تم الحل,10.0,3.0,نعم
MKC-2024864,2024-03-27,2024-04-11,الحجون,شكوى إشغال طريق,شكوى,مكتب خدمة العملاء,مقبول ومنفذ,15.0,3.0,نعم
MKC-2028313,2024-03-27,2024-03-30,الجميزة,تجديد رخصة تجارية,طلب ترخيص,حساب X (تويتر),مقبول ومنفذ,3.0,4.0,نعم
MKC-2024703,2024-03-27,2024-05-01,الرصيفة,شكوى مخالفة بناء,شكوى,المركز الموحد 940,مقبول ومنفذ,35.0,2.0,نعم
MKC-2024495,2024-03-27,2024-04-05,الشوقية,شكوى مخالفة بناء,شكوى,مكتب خدمة العملاء,مغلق - تم الحل,9.0,3.0,نعم
MKC-2023563,2024-03-27,2024-04-16,الزاهر,ترخيص تجاري,طلب ترخيص,مكتب خدمة العملاء,مرفوض,20.0,,نعم
MKC-2027164,2024-03-27,2024-04-29,الشرائع,شكوى مركبات مهملة,شكوى,المركز الموحد 940,مغلق - تم الحل,33.0,4.0,نعم
MKC-2028870,2024-03-27,2024-03-30,الكعكية,شكوى نظافة عامة,شكوى,مكتب فرعي بالحي,مرفوض,3.0,,نعم
MKC-2025782,2024-03-27,2024-04-02,أجياد,شكوى باعة متجولين,شكوى,مكتب خدمة العملاء,مغلق - تم الحل,6.0,4.0,نعم
MKC-2024484,2024-03-27,2024-04-04,النسيم,تجديد رخصة تجارية,طلب ترخيص,المركز الموحد 940,مقبول ومنفذ,8.0,3.0,نعم
MKC-2026285,2024-03-27,2024-04-09,الرصيفة,شكوى صرف صحي,شكوى,حساب X (تويتر),مغلق - تم الحل,13.0,4.0,نعم
MKC-2027622,2024-03-27,2024-03-29,العتيبية,شكوى إنارة شوارع,شكوى,تطبيق بلدي,مقبول ومنفذ,2.0,5.0,نعم
MKC-2024774,2024-03-27,2024-05-02,الشرائع,ترخيص بناء,طلب ترخيص,تطبيق بلدي,مغلق - تم الحل,36.0,2.0,نعم
MKC-2023459,2024-03-27,2024-04-01,الشوقية,شكوى صرف صحي,شكوى,تطبيق بلدي,مغلق - تم الحل,5.0,5.0,نعم
MKC-2023390,2024-03-27,2024-04-05,الكعكية,ترخيص تجاري,طلب ترخيص,تطبيق بلدي,مقبول ومنفذ,9.0,4.0,نعم
MKC-2024661,2024-03-28,2024-03-31,بطحاء قريش,شكوى إنارة شوارع,شكوى,تطبيق بلدي,مغلق - تم الحل,3.0,4.0,نعم
MKC-2023307,2024-03-28,2024-04-28,العتيبية,طلب صيانة حديقة/ملعب,طلب صيانة,حساب X (تويتر),مقبول ومنفذ,31.0,3.0,نعم
MKC-2027032,2024-03-28,2024-04-21,النوارية,ترخيص بناء,طلب ترخيص,تطبيق بلدي,مقبول ومنفذ,24.0,3.0,نعم
MKC-2026272,2024-03-28,2024-04-07,جرول,ترخيص لافتات إعلانية,طلب ترخيص,مكتب فرعي بالحي,مغلق - تم الحل,10.0,4.0,نعم
MKC-2025531,2024-03-28,2024-04-18,النسيم,ترخيص بناء,طلب ترخيص,مكتب فرعي بالحي,مقبول ومنفذ,21.0,3.0,نعم
MKC-2026145,2024-03-28,2024-04-05,جرول,شكوى نظافة عامة,شكوى,تطبيق بلدي,مقبول ومنفذ,8.0,5.0,نعم
MKC-2023533,2024-03-28,2024-04-07,العزيزية,شكوى إنارة شوارع,شكوى,مكتب خدمة العملاء,مغلق - تم الحل,10.0,5.0,نعم
MKC-2024847,2024-03-28,2024-04-06,الزاهر,شكوى صرف صحي,شكوى,تطبيق بلدي,محول لجهة أخرى,9.0,,نعم
MKC-2025452,2024-03-28,2024-05-15,الرصيفة,ترخيص بناء,طلب ترخيص,مكتب خدمة العملاء,محول لجهة أخرى,48.0,,نعم
MKC-2028955,2024-03-28,2024-04-08,العزيزية,شكوى إنارة شوارع,شكوى,تطبيق بلدي,محول لجهة أخرى,11.0,,نعم
MKC-2028622,2024-03-28,2024-05-10,الزاهر,شكوى مخالفة بناء,شكوى,المركز الموحد 940,محول لجهة أخرى,43.0,,نعم
MKC-2028741,2024-03-28,2024-04-07,الكعكية,شكوى إشغال طريق,شكوى,حساب X (تويتر),مغلق - تم الحل,10.0,5.0,نعم
MKC-2024750,2024-03-28,,الزاهر,شكوى مخالفة بناء,شكوى,تطبيق بلدي,قيد المعالجة,,,نعم
MKC-2026104,2024-03-28,2024-04-08,أجياد,شكوى صرف صحي,شكوى,تطبيق بلدي,مرفوض,11.0,,نعم
MKC-2023012,2024-03-29,2024-05-30,أجياد,ترخيص بناء,طلب ترخيص,تطبيق بلدي,مقبول ومنفذ,62.0,3.0,نعم
MKC-2023299,2024-03-29,2024-06-25,الرصيفة,ترخيص بناء,طلب ترخيص,تطبيق بلدي,مرفوض,88.0,,نعم
MKC-2026047,2024-03-29,2024-04-13,الهجرة,شكوى مركبات مهملة,شكوى,تطبيق بلدي,مغلق - تم الحل,15.0,5.0,نعم
MKC-2028097,2024-03-29,2024-03-31,الرصيفة,شكوى نظافة عامة,شكوى,تطبيق بلدي,مغلق - تم الحل,2.0,5.0,نعم
MKC-2024930,2024-03-29,2024-04-08,الزاهر,شكوى إشغال طريق,شكوى,المركز الموحد 940,محول لجهة أخرى,10.0,,نعم
MKC-2024632,2024-03-29,2024-04-02,العزيزية,شكوى نظافة عامة,شكوى,مكتب خدمة العملاء,مرفوض,4.0,,نعم
MKC-2028360,2024-03-29,2024-04-22,العزيزية,شكوى إنارة شوارع,شكوى,تطبيق بلدي,مغلق - تم الحل,24.0,4.0,نعم
MKC-2026841,2024-03-29,2024-05-03,الششة,شكوى مركبات مهملة,شكوى,المركز الموحد 940,محول لجهة أخرى,35.0,,نعم
MKC-2025509,2024-03-29,2024-04-30,النوارية,شكوى مخالفة بناء,شكوى,تطبيق بلدي,مرفوض,32.0,,نعم
MKC-2025552,2024-03-29,2024-04-17,الششة,شكوى إنارة شوارع,شكوى,المركز الموحد 940,محول لجهة أخرى,19.0,,نعم
MKC-2026628,2024-03-29,,العزيزية,تجديد رخصة تجارية,طلب ترخيص,مكتب خدمة العملاء,قيد المعالجة,,,نعم
MKC-2025709,2024-03-29,2024-04-04,الرصيفة,شكوى مخالفة بناء,شكوى,تطبيق بلدي,مغلق - تم الحل,6.0,5.0,نعم
MKC-2025835,2024-03-29,2024-04-12,الششة,تجديد رخصة تجارية,طلب ترخيص,تطبيق بلدي,مقبول ومنفذ,14.0,4.0,نعم
MKC-2027770,2024-03-29,2024-03-31,الشوقية,شكوى نظافة عامة,شكوى,تطبيق بلدي,قيد المعالجة,2.0,,نعم
MKC-2024558,2024-03-29,2024-04-07,العتيبية,شكوى نظافة عامة,شكوى,تطبيق بلدي,مغلق - تم الحل,9.0,4.0,نعم
MKC-2027588,2024-03-29,2024-04-05,الشرائع,شكوى باعة متجولين,شكوى,تطبيق بلدي,مرفوض,7.0,,نعم
MKC-2028862,2024-03-30,2024-04-03,الشرائع,شكوى إشغال طريق,شكوى,تطبيق بلدي,مغلق - تم الحل,4.0,3.0,نعم
MKC-2024091,2024-03-30,2024-04-05,الرصيفة,تجديد رخصة تجارية,طلب ترخيص,حساب X (تويتر),مقبول ومنفذ,6.0,3.0,نعم
MKC-2024223,2024-03-30,2024-04-02,الزاهر,شكوى نظافة عامة,شكوى,تطبيق بلدي,مغلق - تم الحل,3.0,5.0,نعم
MKC-2027071,2024-03-30,2024-04-09,الشوقية,شكوى نظافة عامة,شكوى,مكتب خدمة العملاء,مغلق - تم الحل,10.0,4.0,نعم
MKC-2024035,2024-03-30,2024-04-09,بطحاء قريش,شكوى نظافة عامة,شكوى,مكتب فرعي بالحي,مقبول ومنفذ,10.0,5.0,نعم
MKC-2026367,2024-03-30,2024-04-06,المسفلة,شكوى صرف صحي,شكوى,تطبيق بلدي,محول لجهة أخرى,7.0,,نعم
MKC-2028425,2024-03-30,2024-04-04,بطحاء قريش,شكوى نظافة عامة,شكوى,تطبيق بلدي,مغلق - تم الحل,5.0,4.0,نعم
MKC-2028457,2024-03-30,2024-04-03,أجياد,شكوى نظافة عامة,شكوى,تطبيق بلدي,مغلق - تم الحل,4.0,5.0,نعم
MKC-2026503,2024-03-30,2024-04-08,المسفلة,شكوى صرف صحي,شكوى,مكتب خدمة العملاء,مغلق - تم الحل,9.0,5.0,نعم
MKC-2026107,2024-03-30,2024-04-15,الجميزة,تجديد رخصة تجارية,طلب ترخيص,المركز الموحد 940,محول لجهة أخرى,16.0,,نعم
MKC-2026399,2024-03-31,2024-04-11,الزاهر,طلب صيانة حديقة/ملعب,طلب صيانة,مكتب فرعي بالحي,مقبول ومنفذ,11.0,5.0,نعم
MKC-2025776,2024-03-31,2024-04-07,الشوقية,تجديد رخصة تجارية,طلب ترخيص,مكتب خدمة العملاء,مقبول ومنفذ,7.0,5.0,نعم
MKC-2026052,2024-03-31,2024-05-23,العزيزية,ترخيص بناء,طلب ترخيص,مكتب خدمة العملاء,مرفوض,53.0,,نعم
MKC-2026194,2024-03-31,2024-04-21,الرصيفة,شكوى مركبات مهملة,شكوى,مكتب خدمة العملاء,مغلق - تم الحل,21.0,2.0,نعم
MKC-2023564,2024-03-31,,جرول,ترخيص بناء,طلب ترخيص,مكتب فرعي بالحي,قيد المعالجة,,,نعم
MKC-2024492,2024-03-31,2024-04-13,الشوقية,ترخيص تجاري,طلب ترخيص,المركز الموحد 940,مقبول ومنفذ,13.0,4.0,نعم
MKC-2023121,2024-03-31,2024-05-05,الشرائع,شكوى مخالفة بناء,شكوى,تطبيق بلدي,مغلق - تم الحل,35.0,4.0,نعم
MKC-2023466,2024-03-31,2024-04-08,الجميزة,شكوى باعة متجولين,شكوى,تطبيق بلدي,مرفوض,8.0,,نعم
MKC-2028164,2024-03-31,2024-05-08,جرول,طلب صيانة حديقة/ملعب,طلب صيانة,المركز الموحد 940,محول لجهة أخرى,38.0,,نعم
MKC-2023411,2024-03-31,2024-04-04,أجياد,شكوى باعة متجولين,شكوى,مكتب فرعي بالحي,مقبول ومنفذ,4.0,4.0,نعم
MKC-2027634,2024-03-31,2024-06-01,الحجون,ترخيص بناء,طلب ترخيص,تطبيق بلدي,قيد المعالجة,62.0,,نعم
MKC-2025905,2024-03-31,2024-04-19,أجياد,ترخيص تجاري,طلب ترخيص,تطبيق بلدي,مقبول ومنفذ,19.0,4.0,نعم
MKC-2026937,2024-03-31,,الهجرة,طلب صيانة حديقة/ملعب,طلب صيانة,المركز الموحد 940,قيد المعالجة,,,نعم
MKC-2027076,2024-03-31,2024-05-06,النوارية,ترخيص تجاري,طلب ترخيص,تطبيق بلدي,محول لجهة أخرى,36.0,,نعم
MKC-2026203,2024-03-31,2024-04-28,الرصيفة,شكوى مخالفة بناء,شكوى,تطبيق بلدي,مغلق - تم الحل,28.0,2.0,نعم
MKC-2026796,2024-03-31,2024-04-04,الزاهر,شكوى صرف صحي,شكوى,حساب X (تويتر),محول لجهة أخرى,4.0,,نعم
MKC-2025279,2024-03-31,2024-04-13,العزيزية,شكوى إشغال طريق,شكوى,حساب X (تويتر),محول لجهة أخرى,13.0,,نعم
MKC-2025836,2024-03-31,2024-04-06,العزيزية,شكوى إنارة شوارع,شكوى,تطبيق بلدي,مغلق - تم الحل,6.0,4.0,نعم
MKC-2028374,2024-03-31,2024-04-07,أجياد,شكوى باعة متجولين,شكوى,مكتب خدمة العملاء,محول لجهة أخرى,7.0,,نعم
MKC-2026228,2024-03-31,2024-04-08,الحجون,تجديد رخصة تجارية,طلب ترخيص,مكتب فرعي بالحي,مقبول ومنفذ,8.0,3.0,نعم
MKC-2027472,2024-03-31,2024-04-22,الكعكية,ترخيص لافتات إعلانية,طلب ترخيص,تطبيق بلدي,مرفوض,22.0,,نعم
MKC-2023491,2024-03-31,2024-04-13,جرول,تجديد رخصة تجارية,طلب ترخيص,تطبيق بلدي,مقبول ومنفذ,13.0,3.0,نعم
MKC-2027603,2024-04-01,2024-04-16,الحجون,طلب صيانة حديقة/ملعب,طلب صيانة,تطبيق بلدي,مرفوض,15.0,,نعم
MKC-2026795,2024-04-01,2024-05-04,النسيم,ترخيص بناء,طلب ترخيص,المركز الموحد 940,مقبول ومنفذ,33.0,5.0,نعم
MKC-2023905,2024-04-01,2024-04-11,النوارية,شكوى إشغال طريق,شكوى,مكتب خدمة العملاء,مغلق - تم الحل,10.0,4.0,نعم
MKC-2028949,2024-04-01,2024-04-20,العزيزية,شكوى إنارة شوارع,شكوى,مكتب خدمة العملاء,مغلق - تم الحل,19.0,5.0,نعم
MKC-2028726,2024-04-01,2024-05-13,أجياد,شكوى مخالفة بناء,شكوى,مكتب خدمة العملاء,محول لجهة أخرى,42.0,,نعم
MKC-2028613,2024-04-01,2024-04-07,الحجون,شكوى مركبات مهملة,شكوى,تطبيق بلدي,محول لجهة أخرى,6.0,,نعم
MKC-2025971,2024-04-01,2024-04-09,الششة,شكوى إشغال طريق,شكوى,تطبيق بلدي,مغلق - تم الحل,8.0,2.0,نعم
MKC-2023718,2024-04-01,2024-04-17,الشرائع,طلب صيانة حديقة/ملعب,طلب صيانة,تطبيق بلدي,مقبول ومنفذ,16.0,3.0,نعم
MKC-2024376,2024-04-01,2024-04-05,العزيزية,تجديد رخصة تجارية,طلب ترخيص,المركز الموحد 940,مقبول ومنفذ,4.0,2.0,نعم
MKC-2023492,2024-04-01,2024-04-15,العتيبية,شكوى إشغال طريق,شكوى,حساب X (تويتر),مرفوض,14.0,,نعم
MKC-2028353,2024-04-01,2024-05-05,الجميزة,ترخيص تجاري,طلب ترخيص,تطبيق بلدي,مقبول ومنفذ,34.0,2.0,نعم
MKC-2024161,2024-04-01,2024-04-08,العزيزية,شكوى إشغال طريق,شكوى,تطبيق بلدي,مغلق - تم الحل,7.0,3.0,نعم
MKC-2027026,2024-04-01,2024-04-12,المسفلة,تجديد رخصة تجارية,طلب ترخيص,مكتب خدمة العملاء,مقبول ومنفذ,11.0,3.0,نعم
MKC-2026979,2024-04-01,2024-04-11,الكعكية,تجديد رخصة تجارية,طلب ترخيص,مكتب خدمة العملاء,مرفوض,10.0,,نعم
MKC-2025020,2024-04-01,2024-04-14,الشرائع,شكوى إنارة شوارع,شكوى,تطبيق بلدي,مغلق - تم الحل,13.0,5.0,نعم
MKC-2028245,2024-04-01,2024-04-27,المسفلة,ترخيص تجاري,طلب ترخيص,تطبيق بلدي,مقبول ومنفذ,26.0,4.0,نعم
MKC-2024128,2024-04-01,2024-04-09,الشرائع,شكوى نظافة عامة,شكوى,المركز الموحد 940,مغلق - تم الحل,8.0,5.0,نعم
MKC-2023325,2024-04-01,2024-05-17,الششة,ترخيص تجاري,طلب ترخيص,مكتب خدمة العملاء,مرفوض,46.0,,نعم
MKC-2028260,2024-04-01,2024-04-05,جرول,شكوى إشغال طريق,شكوى,حساب X (تويتر),مقبول ومنفذ,4.0,4.0,نعم
MKC-2025592,2024-04-01,2024-04-04,النسيم,شكوى باعة متجولين,شكوى,تطبيق بلدي,محول لجهة أخرى,3.0,,نعم
MKC-2024464,2024-04-01,,الشرائع,ترخيص تجاري,طلب ترخيص,حساب X (تويتر),قيد المعالجة,,,نعم
MKC-2025760,2024-04-01,2024-04-23,العزيزية,ترخيص تجاري,طلب ترخيص,مكتب فرعي بالحي,محول لجهة أخرى,22.0,,نعم
MKC-2026842,2024-04-01,2024-04-10,الشوقية,شكوى إشغال طريق,شكوى,تطبيق بلدي,مقبول ومنفذ,9.0,2.0,نعم
MKC-2028007,2024-04-01,2024-04-25,الزاهر,ترخيص بناء,طلب ترخيص,المركز الموحد 940,مقبول ومنفذ,24.0,4.0,نعم
MKC-2023250,2024-04-01,2024-05-16,الكعكية,ترخيص بناء,طلب ترخيص,المركز الموحد 940,محول لجهة أخرى,45.0,,نعم
MKC-2025003,2024-04-01,2024-04-09,الكعكية,شكوى إنارة شوارع,شكوى,تطبيق بلدي,محول لجهة أخرى,8.0,,نعم
MKC-2027948,2024-04-02,,الزاهر,شكوى إشغال طريق,شكوى,تطبيق بلدي,قيد المعالجة,,,نعم
MKC-2025231,2024-04-02,2024-04-11,الشوقية,شكوى نظافة عامة,شكوى,مكتب خدمة العملاء,مغلق - تم الحل,9.0,4.0,نعم
MKC-2027352,2024-04-02,2024-04-12,العتيبية,شكوى نظافة عامة,شكوى,تطبيق بلدي,محول لجهة أخرى,10.0,,نعم
MKC-2025976,2024-04-02,2024-04-10,الهجرة,شكوى باعة متجولين,شكوى,المركز الموحد 940,مغلق - تم الحل,8.0,5.0,نعم
MKC-2027178,2024-04-02,2024-05-02,الرصيفة,شكوى مركبات مهملة,شكوى,تطبيق بلدي,مغلق - تم الحل,30.0,4.0,نعم
MKC-2028833,2024-04-02,2024-04-07,الرصيفة,شكوى إشغال طريق,شكوى,المركز الموحد 940,محول لجهة أخرى,5.0,,نعم
MKC-2027779,2024-04-02,2024-04-08,أجياد,شكوى باعة متجولين,شكوى,تطبيق بلدي,مغلق - تم الحل,6.0,3.0,نعم
MKC-2025229,2024-04-02,2024-05-01,النسيم,طلب صيانة حديقة/ملعب,طلب صيانة,حساب X (تويتر),مرفوض,29.0,,نعم
MKC-2027847,2024-04-02,2024-04-18,المسفلة,ترخيص تجاري,طلب ترخيص,تطبيق بلدي,مقبول ومنفذ,16.0,4.0,نعم
MKC-2026610,2024-04-02,2024-04-04,الزاهر,شكوى باعة متجولين,شكوى,تطبيق بلدي,محول لجهة أخرى,2.0,,نعم
MKC-2024896,2024-04-02,2024-04-30,العزيزية,شكوى مركبات مهملة,شكوى,مكتب خدمة العملاء,محول لجهة أخرى,28.0,,نعم
MKC-2025568,2024-04-02,2024-04-08,العزيزية,شكوى مخالفة بناء,شكوى,مكتب فرعي بالحي,مغلق - تم الحل,6.0,5.0,نعم
MKC-2023698,2024-04-02,2024-04-20,الهجرة,ترخيص تجاري,طلب ترخيص,تطبيق بلدي,مقبول ومنفذ,18.0,4.0,نعم
MKC-2027393,2024-04-02,2024-04-05,أجياد,شكوى مركبات مهملة,شكوى,مكتب خدمة العملاء,مغلق - تم الحل,3.0,5.0,نعم
MKC-2023611,2024-04-02,2024-04-27,العتيبية,شكوى مركبات مهملة,شكوى,مكتب خدمة العملاء,مرفوض,25.0,,نعم
MKC-2028938,2024-04-02,2024-04-11,الجميزة,تجديد رخصة تجارية,طلب ترخيص,مكتب خدمة العملاء,مقبول ومنفذ,9.0,3.0,نعم
MKC-2027239,2024-04-02,2024-05-15,النسيم,ترخيص تجاري,طلب ترخيص,مكتب فرعي بالحي,مقبول ومنفذ,43.0,2.0,نعم
MKC-2027452,2024-04-02,2024-04-21,بطحاء قريش,شكوى إنارة شوارع,شكوى,تطبيق بلدي,محول لجهة أخرى,19.0,,نعم
MKC-2024197,2024-04-02,2024-04-16,العزيزية,شكوى مركبات مهملة,شكوى,تطبيق بلدي,مغلق - تم الحل,14.0,4.0,نعم
MKC-2025996,2024-04-02,2024-04-25,العزيزية,طلب صيانة حديقة/ملعب,طلب صيانة,مكتب خدمة العملاء,محول لجهة أخرى,23.0,,نعم
MKC-2027475,2024-04-02,2024-04-30,النسيم,طلب صيانة حديقة/ملعب,طلب صيانة,مكتب خدمة العملاء,محول لجهة أخرى,28.0,,نعم
MKC-2024042,2024-04-02,2024-04-29,الرصيفة,ترخيص تجاري,طلب ترخيص,تطبيق بلدي,محول لجهة أخرى,27.0,,نعم
MKC-2027532,2024-04-02,2024-04-15,المسفلة,شكوى إنارة شوارع,شكوى,مكتب خدمة العملاء,مقبول ومنفذ,13.0,5.0,نعم
MKC-2024189,2024-04-02,2024-04-22,جرول,شكوى صرف صحي,شكوى,حساب X (تويتر),مغلق - تم الحل,20.0,4.0,نعم
MKC-2027766,2024-04-03,2024-04-08,الشرائع,شكوى إشغال طريق,شكوى,مكتب خدمة العملاء,محول لجهة أخرى,5.0,,نعم
MKC-2024291,2024-04-03,2024-04-10,الكعكية,طلب صيانة حديقة/ملعب,طلب صيانة,تطبيق بلدي,محول لجهة أخرى,7.0,,نعم
MKC-2023420,2024-04-03,2024-04-13,الكعكية,تجديد رخصة تجارية,طلب ترخيص,تطبيق بلدي,مقبول ومنفذ,10.0,4.0,نعم
MKC-2027101,2024-04-03,,الششة,شكوى صرف صحي,شكوى,المركز الموحد 940,قيد المعالجة,,,نعم
MKC-2025450,2024-04-03,2024-04-16,العتيبية,شكوى مخالفة بناء,شكوى,المركز الموحد 940,مغلق - تم الحل,13.0,5.0,نعم
MKC-2028352,2024-04-03,2024-04-09,الهجرة,تجديد رخصة تجارية,طلب ترخيص,المركز الموحد 940,مقبول ومنفذ,6.0,3.0,نعم
MKC-2027467,2024-04-03,2024-04-06,الجميزة,شكوى إشغال طريق,شكوى,تطبيق بلدي,محول لجهة أخرى,3.0,,نعم
MKC-2023364,2024-04-03,2024-04-16,الششة,شكوى مخالفة بناء,شكوى,تطبيق بلدي,مرفوض,13.0,,نعم
MKC-2028150,2024-04-03,,الرصيفة,شكوى إشغال طريق,شكوى,تطبيق بلدي,قيد المعالجة,,,نعم
MKC-2028432,2024-04-03,2024-04-16,الزاهر,شكوى إشغال طريق,شكوى,مكتب فرعي بالحي,مغلق - تم الحل,13.0,4.0,نعم
MKC-2026410,2024-04-03,2024-05-19,أجياد,طلب صيانة حديقة/ملعب,طلب صيانة,حساب X (تويتر),مقبول ومنفذ,46.0,3.0,نعم
MKC-2026422,2024-04-03,2024-04-12,الشوقية,شكوى باعة متجولين,شكوى,تطبيق بلدي,محول لجهة أخرى,9.0,,نعم
MKC-2028668,2024-04-03,2024-05-30,الحجون,ترخيص بناء,طلب ترخيص,المركز الموحد 940,محول لجهة أخرى,57.0,,نعم
MKC-2028180,2024-04-03,2024-05-29,جرول,ترخيص بناء,طلب ترخيص,تطبيق بلدي,مقبول ومنفذ,56.0,3.0,نعم
MKC-2024718,2024-04-03,2024-04-14,أجياد,شكوى إنارة شوارع,شكوى,تطبيق بلدي,مغلق - تم الحل,11.0,4.0,نعم
MKC-2026113,2024-04-03,2024-04-06,الرصيفة,شكوى باعة متجولين,شكوى,مكتب خدمة العملاء,مغلق - تم الحل,3.0,5.0,نعم
MKC-2025150,2024-04-03,2024-04-09,بطحاء قريش,تجديد رخصة تجارية,طلب ترخيص,تطبيق بلدي,محول لجهة أخرى,6.0,,نعم
MKC-2027362,2024-04-04,2024-05-24,الحجون,ترخيص تجاري,طلب ترخيص,تطبيق بلدي,مقبول ومنفذ,50.0,4.0,نعم
MKC-2024024,2024-04-04,2024-04-17,أجياد,شكوى مخالفة بناء,شكوى,تطبيق بلدي,مغلق - تم الحل,13.0,4.0,نعم
MKC-2028798,2024-04-04,2024-04-21,الهجرة,شكوى إشغال طريق,شكوى,تطبيق بلدي,مغلق - تم الحل,17.0,2.0,نعم
MKC-2024010,2024-04-04,2024-04-10,الزاهر,شكوى مركبات مهملة,شكوى,تطبيق بلدي,محول لجهة أخرى,6.0,,نعم
MKC-2023157,2024-04-04,2024-04-09,الزاهر,شكوى إشغال طريق,شكوى,تطبيق بلدي,مقبول ومنفذ,5.0,5.0,نعم
MKC-2027565,2024-04-04,2024-05-21,الشوقية,شكوى مخالفة بناء,شكوى,حساب X (تويتر),مقبول ومنفذ,47.0,3.0,نعم
MKC-2027453,2024-04-04,2024-04-21,بطحاء قريش,شكوى صرف صحي,شكوى,تطبيق بلدي,مغلق - تم الحل,17.0,4.0,نعم
MKC-2026082,2024-04-04,2024-04-11,العزيزية,شكوى باعة متجولين,شكوى,المركز الموحد 940,مقبول ومنفذ,7.0,5.0,نعم
MKC-2027674,2024-04-04,2024-04-08,النوارية,شكوى نظافة عامة,شكوى,المركز الموحد 940,مغلق - تم الحل,4.0,2.0,نعم
MKC-2023185,2024-04-04,2024-04-17,الشوقية,شكوى إنارة شوارع,شكوى,مكتب فرعي بالحي,مقبول ومنفذ,13.0,3.0,نعم
MKC-2026918,2024-04-04,2024-06-06,الرصيفة,ترخيص بناء,طلب ترخيص,تطبيق بلدي,محول لجهة أخرى,63.0,,نعم
MKC-2024916,2024-04-04,2024-05-03,الرصيفة,شكوى مركبات مهملة,شكوى,المركز الموحد 940,مرفوض,29.0,,نعم
MKC-2025856,2024-04-04,2024-05-05,العتيبية,شكوى مخالفة بناء,شكوى,حساب X (تويتر),مغلق - تم الحل,31.0,2.0,نعم
MKC-2028491,2024-04-05,2024-04-11,العتيبية,شكوى إشغال طريق,شكوى,تطبيق بلدي,مرفوض,6.0,,نعم
MKC-2025199,2024-04-05,2024-04-29,العزيزية,شكوى مخالفة بناء,شكوى,المركز الموحد 940,مقبول ومنفذ,24.0,3.0,نعم
MKC-2026891,2024-04-05,2024-04-27,الشوقية,شكوى إنارة شوارع,شكوى,تطبيق بلدي,مغلق - تم الحل,22.0,3.0,نعم
MKC-2028566,2024-04-05,2024-04-18,الزاهر,تجديد رخصة تجارية,طلب ترخيص,مكتب خدمة العملاء,مقبول ومنفذ,13.0,4.0,نعم
MKC-2024499,2024-04-05,2024-04-11,المسفلة,شكوى باعة متجولين,شكوى,المركز الموحد 940,مرفوض,6.0,,نعم
MKC-2024043,2024-04-05,2024-04-19,الرصيفة,شكوى مخالفة بناء,شكوى,تطبيق بلدي,مغلق - تم الحل,14.0,5.0,نعم
MKC-2026768,2024-04-05,2024-04-12,العزيزية,شكوى إنارة شوارع,شكوى,مكتب خدمة العملاء,محول لجهة أخرى,7.0,,نعم
MKC-2025648,2024-04-05,2024-05-10,العتيبية,شكوى مخالفة بناء,شكوى,تطبيق بلدي,محول لجهة أخرى,35.0,,نعم
MKC-2025437,2024-04-05,2024-04-12,بطحاء قريش,تجديد رخصة تجارية,طلب ترخيص,مكتب فرعي بالحي,محول لجهة أخرى,7.0,,نعم
MKC-2023080,2024-04-05,2024-04-12,الشرائع,شكوى نظافة عامة,شكوى,مكتب خدمة العملاء,محول لجهة أخرى,7.0,,نعم
MKC-2023823,2024-04-05,2024-04-27,الشوقية,شكوى مخالفة بناء,شكوى,مكتب خدمة العملاء,مرفوض,22.0,,نعم
MKC-2024120,2024-04-05,2024-04-19,الششة,شكوى إنارة شوارع,شكوى,تطبيق بلدي,مغلق - تم الحل,14.0,4.0,نعم
MKC-2023222,2024-04-05,2024-05-26,العزيزية,ترخيص بناء,طلب ترخيص,حساب X (تويتر),مرفوض,51.0,,نعم
MKC-2028001,2024-04-05,2024-04-07,الزاهر,شكوى باعة متجولين,شكوى,مكتب خدمة العملاء,محول لجهة أخرى,2.0,,نعم
MKC-2027027,2024-04-05,,جرول,شكوى إشغال طريق,شكوى,حساب X (تويتر),قيد المعالجة,,,نعم
MKC-2028554,2024-04-05,2024-04-19,العزيزية,ترخيص تجاري,طلب ترخيص,مكتب خدمة العملاء,محول لجهة أخرى,14.0,,نعم
MKC-2026280,2024-04-05,2024-04-14,الشوقية,شكوى إشغال طريق,شكوى,المركز الموحد 940,محول لجهة أخرى,9.0,,نعم
MKC-2027864,2024-04-05,2024-05-02,بطحاء قريش,شكوى مخالفة بناء,شكوى,مكتب خدمة العملاء,محول لجهة أخرى,27.0,,نعم
MKC-2023077,2024-04-05,2024-04-14,المسفلة,تجديد رخصة تجارية,طلب ترخيص,مكتب فرعي بالحي,مغلق - تم الحل,9.0,5.0,نعم
MKC-2026806,2024-04-06,2024-04-12,أجياد,شكوى إنارة شوارع,شكوى,تطبيق بلدي,مغلق - تم الحل,6.0,4.0,نعم
MKC-2028984,2024-04-06,2024-04-21,بطحاء قريش,طلب صيانة حديقة/ملعب,طلب صيانة,مكتب خدمة العملاء,مقبول ومنفذ,15.0,4.0,نعم
MKC-2023410,2024-04-06,2024-05-13,الشوقية,ترخيص تجاري,طلب ترخيص,تطبيق بلدي,قيد المعالجة,37.0,,نعم
MKC-2026359,2024-04-06,2024-04-12,جرول,شكوى إنارة شوارع,شكوى,تطبيق بلدي,محول لجهة أخرى,6.0,,نعم
MKC-2025364,2024-04-06,2024-04-14,الشوقية,شكوى صرف صحي,شكوى,مكتب خدمة العملاء,مغلق - تم الحل,8.0,4.0,نعم
MKC-2025608,2024-04-06,2024-04-20,الزاهر,شكوى إشغال طريق,شكوى,تطبيق بلدي,مغلق - تم الحل,14.0,2.0,نعم
MKC-2027822,2024-04-06,,النوارية,شكوى صرف صحي,شكوى,تطبيق بلدي,قيد المعالجة,,,نعم
MKC-2028947,2024-04-06,,العتيبية,شكوى صرف صحي,شكوى,مكتب خدمة العملاء,قيد المعالجة,,,نعم
MKC-2024041,2024-04-06,2024-04-17,الشوقية,ترخيص لافتات إعلانية,طلب ترخيص,المركز الموحد 940,محول لجهة أخرى,11.0,,نعم
MKC-2028348,2024-04-06,2024-04-11,الرصيفة,شكوى إنارة شوارع,شكوى,مكتب خدمة العملاء,محول لجهة أخرى,5.0,,نعم
MKC-2028337,2024-04-06,2024-04-10,الرصيفة,تجديد رخصة تجارية,طلب ترخيص,تطبيق بلدي,مرفوض,4.0,,نعم
MKC-2028979,2024-04-06,2024-04-11,الشوقية,شكوى باعة متجولين,شكوى,تطبيق بلدي,مغلق - تم الحل,5.0,4.0,نعم
MKC-2025934,2024-04-06,2024-04-25,العزيزية,طلب صيانة حديقة/ملعب,طلب صيانة,تطبيق بلدي,مقبول ومنفذ,19.0,4.0,نعم
MKC-2023053,2024-04-06,2024-04-14,الششة,شكوى نظافة عامة,شكوى,تطبيق بلدي,مغلق - تم الحل,8.0,5.0,نعم
MKC-2027536,2024-04-06,2024-04-22,العتيبية,شكوى إشغال طريق,شكوى,المركز الموحد 940,مقبول ومنفذ,16.0,3.0,نعم
MKC-2025601,2024-04-06,2024-04-20,أجياد,شكوى إشغال طريق,شكوى,مكتب خدمة العملاء,محول لجهة أخرى,14.0,,نعم
MKC-2026707,2024-04-07,2024-04-15,العتيبية,شكوى باعة متجولين,شكوى,تطبيق بلدي,قيد المعالجة,8.0,,نعم
MKC-2024307,2024-04-07,2024-04-15,جرول,شكوى إشغال طريق,شكوى,تطبيق بلدي,مغلق - تم الحل,8.0,4.0,نعم
MKC-2023565,2024-04-07,2024-04-20,المسفلة,شكوى إشغال طريق,شكوى,حساب X (تويتر),محول لجهة أخرى,13.0,,نعم
MKC-2028958,2024-04-07,2024-04-13,بطحاء قريش,شكوى نظافة عامة,شكوى,مكتب فرعي بالحي,مغلق - تم الحل,6.0,3.0,نعم
MKC-2023039,2024-04-07,,العزيزية,ترخيص بناء,طلب ترخيص,المركز الموحد 940,قيد المعالجة,,,نعم
MKC-2023060,2024-04-07,2024-04-19,المسفلة,شكوى صرف صحي,شكوى,تطبيق بلدي,مغلق - تم الحل,12.0,4.0,نعم
MKC-2028635,2024-04-07,2024-04-10,العزيزية,شكوى صرف صحي,شكوى,المركز الموحد 940,مغلق - تم الحل,3.0,3.0,نعم
MKC-2026624,2024-04-07,2024-05-08,الكعكية,ترخيص تجاري,طلب ترخيص,مكتب خدمة العملاء,مرفوض,31.0,,نعم
MKC-2026905,2024-04-07,2024-05-06,جرول,طلب صيانة حديقة/ملعب,طلب صيانة,المركز الموحد 940,مرفوض,29.0,,نعم
MKC-2028558,2024-04-07,2024-05-29,المسفلة,ترخيص بناء,طلب ترخيص,المركز الموحد 940,مغلق - تم الحل,52.0,3.0,نعم
MKC-2027695,2024-04-07,2024-04-10,الزاهر,شكوى باعة متجولين,شكوى,تطبيق بلدي,مغلق - تم الحل,3.0,3.0,نعم
MKC-2027917,2024-04-07,2024-05-13,الشوقية,ترخيص تجاري,طلب ترخيص,المركز الموحد 940,مرفوض,36.0,,نعم
MKC-2024050,2024-04-07,2024-04-20,الكعكية,شكوى إشغال طريق,شكوى,مكتب خدمة العملاء,مغلق - تم الحل,13.0,4.0,نعم
MKC-2028737,2024-04-07,2024-04-28,العزيزية,شكوى مركبات مهملة,شكوى,مكتب فرعي بالحي,مغلق - تم الحل,21.0,3.0,نعم
MKC-2024360,2024-04-07,,جرول,شكوى إشغال طريق,شكوى,تطبيق بلدي,قيد المعالجة,,,نعم
MKC-2028293,2024-04-07,2024-04-16,النسيم,تجديد رخصة تجارية,طلب ترخيص,تطبيق بلدي,محول لجهة أخرى,9.0,,نعم
MKC-2027051,2024-04-07,2024-04-24,العزيزية,شكوى إشغال طريق,شكوى,مكتب فرعي بالحي,مغلق - تم الحل,17.0,5.0,نعم
MKC-2023155,2024-04-08,2024-04-11,الهجرة,شكوى باعة متجولين,شكوى,تطبيق بلدي,مقبول ومنفذ,3.0,4.0,نعم
MKC-2024465,2024-04-08,2024-04-16,الكعكية,شكوى نظافة عامة,شكوى,تطبيق بلدي,مغلق - تم الحل,8.0,2.0,نعم
MKC-2028548,2024-04-08,2024-04-27,النوارية,شكوى مركبات مهملة,شكوى,حساب X (تويتر),مغلق - تم الحل,19.0,3.0,نعم
MKC-2024500,2024-04-08,2024-04-18,الهجرة,طلب صيانة حديقة/ملعب,طلب صيانة,مكتب فرعي بالحي,مقبول ومنفذ,10.0,3.0,نعم
MKC-2026345,2024-04-08,,الزاهر,ترخيص تجاري,طلب ترخيص,تطبيق بلدي,قيد المعالجة,,,نعم
MKC-2028830,2024-04-08,2024-04-14,أجياد,شكوى نظافة عامة,شكوى,تطبيق بلدي,مغلق - تم الحل,6.0,5.0,نعم
MKC-2027584,2024-04-08,2024-04-14,العتيبية,شكوى باعة متجولين,شكوى,المركز الموحد 940,مغلق - تم الحل,6.0,4.0,نعم
MKC-2028864,2024-04-08,2024-04-30,الحجون,شكوى إنارة شوارع,شكوى,حساب X (تويتر),مقبول ومنفذ,22.0,4.0,نعم
MKC-2026171,2024-04-08,2024-04-16,الزاهر,شكوى نظافة عامة,شكوى,مكتب فرعي بالحي,مغلق - تم الحل,8.0,4.0,نعم
MKC-2026627,2024-04-08,2024-04-20,النوارية,شكوى إنارة شوارع,شكوى,مكتب خدمة العملاء,مغلق - تم الحل,12.0,2.0,نعم
MKC-2025687,2024-04-08,2024-04-11,العزيزية,شكوى نظافة عامة,شكوى,تطبيق بلدي,مغلق - تم الحل,3.0,3.0,نعم
MKC-2023367,2024-04-08,2024-05-08,النسيم,شكوى مخالفة بناء,شكوى,تطبيق بلدي,قيد المعالجة,30.0,,نعم
MKC-2023652,2024-04-08,2024-04-14,الحجون,شكوى نظافة عامة,شكوى,تطبيق بلدي,محول لجهة أخرى,6.0,,نعم
MKC-2024139,2024-04-08,2024-04-24,العزيزية,شكوى إنارة شوارع,شكوى,مكتب خدمة العملاء,محول لجهة أخرى,16.0,,نعم
MKC-2025084,2024-04-09,2024-05-21,الزاهر,ترخيص بناء,طلب ترخيص,تطبيق بلدي,مقبول ومنفذ,42.0,3.0,نعم
MKC-2025758,2024-04-09,2024-04-24,أجياد,ترخيص لافتات إعلانية,طلب ترخيص,المركز الموحد 940,مقبول ومنفذ,15.0,4.0,نعم
MKC-2026105,2024-04-09,,أجياد,شكوى نظافة عامة,شكوى,تطبيق بلدي,قيد المعالجة,,,نعم
MKC-2023711,2024-04-09,2024-04-12,الرصيفة,شكوى نظافة عامة,شكوى,مكتب خدمة العملاء,محول لجهة أخرى,3.0,,نعم
MKC-2025767,2024-04-09,2024-05-17,أجياد,ترخيص تجاري,طلب ترخيص,مكتب خدمة العملاء,مرفوض,38.0,,نعم
MKC-2026117,2024-04-09,2024-05-21,الشوقية,شكوى مخالفة بناء,شكوى,المركز الموحد 940,مغلق - تم الحل,42.0,3.0,نعم
MKC-2028183,2024-04-09,2024-04-14,الكعكية,شكوى مخالفة بناء,شكوى,حساب X (تويتر),مرفوض,5.0,,نعم
MKC-2024804,2024-04-09,2024-04-11,الكعكية,شكوى باعة متجولين,شكوى,المركز الموحد 940,مرفوض,2.0,,نعم
MKC-2024991,2024-04-09,2024-04-19,الشوقية,ترخيص لافتات إعلانية,طلب ترخيص,مكتب فرعي بالحي,مرفوض,10.0,,نعم
MKC-2026862,2024-04-09,2024-04-17,الشوقية,شكوى نظافة عامة,شكوى,المركز الموحد 940,محول لجهة أخرى,8.0,,نعم
MKC-2024055,2024-04-09,2024-04-14,الكعكية,شكوى نظافة عامة,شكوى,مكتب خدمة العملاء,مغلق - تم الحل,5.0,5.0,نعم
MKC-2025913,2024-04-09,2024-06-24,العزيزية,ترخيص بناء,طلب ترخيص,تطبيق بلدي,مرفوض,76.0,,نعم
MKC-2027612,2024-04-09,2024-04-15,النسيم,شكوى صرف صحي,شكوى,تطبيق بلدي,مغلق - تم الحل,6.0,4.0,نعم
MKC-2023636,2024-04-09,2024-04-18,العزيزية,تجديد رخصة تجارية,طلب ترخيص,مكتب خدمة العملاء,مقبول ومنفذ,9.0,4.0,نعم
MKC-2025923,2024-04-09,,العزيزية,شكوى إشغال طريق,شكوى,المركز الموحد 940,قيد المعالجة,,,نعم
MKC-2028523,2024-04-09,2024-05-08,الشوقية,ترخيص تجاري,طلب ترخيص,مكتب فرعي بالحي,مقبول ومنفذ,29.0,2.0,نعم
MKC-2027553,2024-04-09,2024-04-16,المسفلة,شكوى إشغال طريق,شكوى,المركز الموحد 940,مرفوض,7.0,,نعم
MKC-2028193,2024-04-09,2024-04-15,الرصيفة,تجديد رخصة تجارية,طلب ترخيص,المركز الموحد 940,مرفوض,6.0,,نعم
MKC-2023833,2024-04-10,2024-05-08,النوارية,ترخيص تجاري,طلب ترخيص,حساب X (تويتر),محول لجهة أخرى,28.0,,نعم
MKC-2024694,2024-04-10,2024-04-25,العزيزية,شكوى صرف صحي,شكوى,تطبيق بلدي,مقبول ومنفذ,15.0,4.0,نعم
MKC-2026358,2024-04-10,2024-04-18,الجميزة,شكوى صرف صحي,شكوى,المركز الموحد 940,مغلق - تم الحل,8.0,5.0,نعم
MKC-2026226,2024-04-10,2024-04-15,الشوقية,ترخيص لافتات إعلانية,طلب ترخيص,مكتب خدمة العملاء,مقبول ومنفذ,5.0,4.0,نعم
MKC-2024602,2024-04-10,2024-04-16,العزيزية,شكوى باعة متجولين,شكوى,المركز الموحد 940,مغلق - تم الحل,6.0,4.0,نعم
MKC-2024016,2024-04-10,2024-05-08,الششة,ترخيص تجاري,طلب ترخيص,حساب X (تويتر),محول لجهة أخرى,28.0,,نعم
MKC-2023648,2024-04-10,2024-05-12,الحجون,ترخيص بناء,طلب ترخيص,تطبيق بلدي,مرفوض,32.0,,نعم
MKC-2027580,2024-04-10,2024-04-20,العتيبية,شكوى إنارة شوارع,شكوى,مكتب خدمة العملاء,مغلق - تم الحل,10.0,5.0,نعم
MKC-2025561,2024-04-10,2024-04-25,أجياد,شكوى إنارة شوارع,شكوى,تطبيق بلدي,مغلق - تم الحل,15.0,3.0,نعم
MKC-2026174,2024-04-10,2024-04-20,النسيم,طلب صيانة حديقة/ملعب,طلب صيانة,مكتب فرعي بالحي,مقبول ومنفذ,10.0,3.0,نعم
MKC-2023207,2024-04-10,2024-04-16,العتيبية,شكوى نظافة عامة,شكوى,المركز الموحد 940,مغلق - تم الحل,6.0,5.0,نعم
MKC-2024218,2024-04-10,2024-04-22,العتيبية,شكوى نظافة عامة,شكوى,المركز الموحد 940,مرفوض,12.0,,نعم
MKC-2028577,2024-04-10,2024-04-12,الرصيفة,شكوى باعة متجولين,شكوى,تطبيق بلدي,مغلق - تم الحل,2.0,4.0,نعم
MKC-2026486,2024-04-10,2024-04-21,الشوقية,شكوى صرف صحي,شكوى,تطبيق بلدي,مغلق - تم الحل,11.0,4.0,نعم
MKC-2026772,2024-04-11,2024-04-15,العتيبية,شكوى إشغال طريق,شكوى,تطبيق بلدي,مغلق - تم الحل,4.0,5.0,نعم
MKC-2028744,2024-04-11,2024-04-30,العزيزية,شكوى إشغال طريق,شكوى,تطبيق بلدي,مغلق - تم الحل,19.0,3.0,نعم
MKC-2023274,2024-04-11,2024-05-18,العتيبية,شكوى مخالفة بناء,شكوى,تطبيق بلدي,مغلق - تم الحل,37.0,2.0,نعم
MKC-2025082,2024-04-11,2024-04-30,العزيزية,تجديد رخصة تجارية,طلب ترخيص,تطبيق بلدي,محول لجهة أخرى,19.0,,نعم
MKC-2025821,2024-04-11,2024-04-14,المسفلة,شكوى نظافة عامة,شكوى,مكتب خدمة العملاء,مغلق - تم الحل,3.0,5.0,نعم
MKC-2024315,2024-04-11,2024-05-06,المسفلة,شكوى مركبات مهملة,شكوى,حساب X (تويتر),محول لجهة أخرى,25.0,,نعم
MKC-2027811,2024-04-11,2024-05-14,بطحاء قريش,شكوى مخالفة بناء,شكوى,تطبيق بلدي,مغلق - تم الحل,33.0,2.0,نعم
MKC-2025798,2024-04-11,2024-04-19,الشرائع,ترخيص تجاري,طلب ترخيص,تطبيق بلدي,قيد المعالجة,8.0,,نعم
MKC-2028732,2024-04-11,,النوارية,ترخيص لافتات إعلانية,طلب ترخيص,مكتب خدمة العملاء,قيد المعالجة,,,نعم
MKC-2024233,2024-04-11,2024-04-18,الزاهر,شكوى إنارة شوارع,شكوى,مكتب فرعي بالحي,مغلق - تم الحل,7.0,3.0,نعم
MKC-2028812,2024-04-11,2024-04-21,الهجرة,تجديد رخصة تجارية,طلب ترخيص,مكتب خدمة العملاء,مغلق - تم الحل,10.0,5.0,نعم
MKC-2026508,2024-04-11,,العزيزية,شكوى نظافة عامة,شكوى,حساب X (تويتر),قيد المعالجة,,,نعم
MKC-2027527,2024-04-11,2024-04-13,الكعكية,شكوى إشغال طريق,شكوى,المركز الموحد 940,محول لجهة أخرى,2.0,,نعم
MKC-2025461,2024-04-11,2024-04-19,الرصيفة,شكوى إنارة شوارع,شكوى,المركز الموحد 940,مغلق - تم الحل,8.0,3.0,نعم
MKC-2026663,2024-04-11,2024-06-02,الجميزة,ترخيص بناء,طلب ترخيص,تطبيق بلدي,محول لجهة أخرى,52.0,,نعم
MKC-2024595,2024-04-11,2024-04-19,الششة,شكوى نظافة عامة,شكوى,تطبيق بلدي,محول لجهة أخرى,8.0,,نعم
MKC-2027216,2024-04-11,2024-04-17,الكعكية,شكوى إشغال طريق,شكوى,تطبيق بلدي,مغلق - تم الحل,6.0,5.0,نعم
MKC-2027877,2024-04-11,2024-05-24,النسيم,ترخيص تجاري,طلب ترخيص,تطبيق بلدي,محول لجهة أخرى,43.0,,نعم
MKC-2028191,2024-04-11,2024-04-17,العزيزية,شكوى مركبات مهملة,شكوى,تطبيق بلدي,محول لجهة أخرى,6.0,,نعم
MKC-2026446,2024-04-11,2024-04-27,أجياد,شكوى إنارة شوارع,شكوى,مكتب فرعي بالحي,محول لجهة أخرى,16.0,,نعم
MKC-2028400,2024-04-12,2024-04-15,الزاهر,شكوى نظافة عامة,شكوى,تطبيق بلدي,مغلق - تم الحل,3.0,5.0,نعم
MKC-2025926,2024-04-12,2024-04-26,الرصيفة,شكوى إشغال طريق,شكوى,تطبيق بلدي,مغلق - تم الحل,14.0,3.0,نعم
MKC-2027551,2024-04-12,2024-04-29,الشوقية,ترخيص لافتات إعلانية,طلب ترخيص,مكتب خدمة العملاء,محول لجهة أخرى,17.0,,نعم
MKC-2028474,2024-04-12,2024-04-28,المسفلة,ترخيص لافتات إعلانية,طلب ترخيص,مكتب خدمة العملاء,مقبول ومنفذ,16.0,3.0,نعم
MKC-2025410,2024-04-12,2024-04-16,الزاهر,شكوى باعة متجولين,شكوى,مكتب فرعي بالحي,مغلق - تم الحل,4.0,4.0,نعم
MKC-2025501,2024-04-12,2024-07-01,الشرائع,ترخيص بناء,طلب ترخيص,تطبيق بلدي,مقبول ومنفذ,80.0,4.0,نعم
MKC-2023889,2024-04-12,2024-04-23,الشوقية,شكوى إنارة شوارع,شكوى,تطبيق بلدي,مغلق - تم الحل,11.0,4.0,نعم
MKC-2026840,2024-04-12,2024-04-15,الشوقية,تجديد رخصة تجارية,طلب ترخيص,مكتب فرعي بالحي,مقبول ومنفذ,3.0,4.0,نعم
MKC-2028375,2024-04-12,2024-04-16,العزيزية,شكوى نظافة عامة,شكوى,المركز الموحد 940,مقبول ومنفذ,4.0,3.0,نعم
MKC-2023754,2024-04-12,2024-04-24,النوارية,شكوى مخالفة بناء,شكوى,المركز الموحد 940,محول لجهة أخرى,12.0,,نعم
MKC-2027736,2024-04-12,2024-05-20,الرصيفة,طلب صيانة حديقة/ملعب,طلب صيانة,حساب X (تويتر),مقبول ومنفذ,38.0,5.0,نعم
MKC-2026703,2024-04-12,2024-04-28,الشوقية,شكوى إنارة شوارع,شكوى,تطبيق بلدي,مغلق - تم الحل,16.0,3.0,نعم
MKC-2027219,2024-04-12,2024-04-19,النوارية,شكوى نظافة عامة,شكوى,تطبيق بلدي,محول لجهة أخرى,7.0,,نعم
MKC-2027832,2024-04-12,2024-04-15,العتيبية,شكوى نظافة عامة,شكوى,تطبيق بلدي,مغلق - تم الحل,3.0,5.0,نعم
MKC-2023847,2024-04-12,2024-04-20,النوارية,ترخيص لافتات إعلانية,طلب ترخيص,المركز الموحد 940,مقبول ومنفذ,8.0,4.0,نعم
MKC-2023029,2024-04-12,2024-04-18,الكعكية,شكوى باعة متجولين,شكوى,تطبيق بلدي,مغلق - تم الحل,6.0,5.0,نعم
MKC-2025834,2024-04-12,2024-04-16,الرصيفة,شكوى نظافة عامة,شكوى,تطبيق بلدي,مغلق - تم الحل,4.0,5.0,نعم
MKC-2023048,2024-04-12,2024-04-24,الشرائع,شكوى إشغال طريق,شكوى,المركز الموحد 940,مغلق - تم الحل,12.0,4.0,نعم
MKC-2027789,2024-04-12,2024-04-19,الششة,شكوى نظافة عامة,شكوى,تطبيق بلدي,محول لجهة أخرى,7.0,,نعم
MKC-2024805,2024-04-12,2024-04-21,الششة,شكوى نظافة عامة,شكوى,تطبيق بلدي,محول لجهة أخرى,9.0,,نعم
MKC-2027908,2024-04-12,2024-04-19,الششة,شكوى باعة متجولين,شكوى,مكتب خدمة العملاء,محول لجهة أخرى,7.0,,نعم
MKC-2024067,2024-04-13,2024-04-17,النوارية,شكوى باعة متجولين,شكوى,حساب X (تويتر),محول لجهة أخرى,4.0,,لا
MKC-2028460,2024-04-13,2024-04-20,الششة,شكوى إشغال طريق,شكوى,مكتب خدمة العملاء,مغلق - تم الحل,7.0,4.0,لا
MKC-2026836,2024-04-13,2024-04-20,الشوقية,شكوى إشغال طريق,شكوى,المركز الموحد 940,مغلق - تم الحل,7.0,5.0,لا
MKC-2025365,2024-04-13,2024-05-03,العزيزية,ترخيص بناء,طلب ترخيص,تطبيق بلدي,مرفوض,20.0,,لا
MKC-2026385,2024-04-13,,النوارية,شكوى إنارة شوارع,شكوى,مكتب خدمة العملاء,قيد المعالجة,,,لا
MKC-2026818,2024-04-14,,الشرائع,شكوى مركبات مهملة,شكوى,تطبيق بلدي,قيد المعالجة,,,لا
MKC-2028826,2024-04-14,2024-04-24,الرصيفة,شكوى إنارة شوارع,شكوى,مكتب فرعي بالحي,محول لجهة أخرى,10.0,,لا
MKC-2023393,2024-04-14,2024-04-19,الششة,تجديد رخصة تجارية,طلب ترخيص,المركز الموحد 940,مرفوض,5.0,,لا
MKC-2024127,2024-04-14,2024-04-24,النسيم,شكوى إنارة شوارع,شكوى,مكتب خدمة العملاء,مغلق - تم الحل,10.0,5.0,لا
MKC-2023317,2024-04-14,2024-04-24,الكعكية,تجديد رخصة تجارية,طلب ترخيص,تطبيق بلدي,مقبول ومنفذ,10.0,4.0,لا
MKC-2027264,2024-04-14,2024-04-26,الزاهر,ترخيص بناء,طلب ترخيص,تطبيق بلدي,محول لجهة أخرى,12.0,,لا
MKC-2027660,2024-04-14,2024-04-23,العزيزية,شكوى مركبات مهملة,شكوى,المركز الموحد 940,مغلق - تم الحل,9.0,2.0,لا
MKC-2027098,2024-04-14,2024-04-15,الشوقية,شكوى إشغال طريق,شكوى,حساب X (تويتر),مغلق - تم الحل,1.0,4.0,لا
MKC-2028713,2024-04-14,,العزيزية,شكوى مركبات مهملة,شكوى,تطبيق بلدي,قيد المعالجة,,,لا
MKC-2024787,2024-04-14,2024-04-19,الشوقية,تجديد رخصة تجارية,طلب ترخيص,تطبيق بلدي,مقبول ومنفذ,5.0,4.0,لا
MKC-2023530,2024-04-15,2024-04-22,جرول,شكوى نظافة عامة,شكوى,تطبيق بلدي,مغلق - تم الحل,7.0,4.0,لا
MKC-2028991,2024-04-15,2024-04-27,العتيبية,شكوى صرف صحي,شكوى,تطبيق بلدي,مرفوض,12.0,,لا
MKC-2025009,2024-04-15,2024-04-23,الشوقية,شكوى إنارة شوارع,شكوى,تطبيق بلدي,مقبول ومنفذ,8.0,3.0,لا
MKC-2028398,2024-04-15,2024-04-26,العزيزية,شكوى صرف صحي,شكوى,مكتب خدمة العملاء,مغلق - تم الحل,11.0,3.0,لا
MKC-2025786,2024-04-15,2024-04-26,الهجرة,ترخيص لافتات إعلانية,طلب ترخيص,المركز الموحد 940,مقبول ومنفذ,11.0,5.0,لا
MKC-2026128,2024-04-16,2024-04-18,الجميزة,شكوى إشغال طريق,شكوى,تطبيق بلدي,مرفوض,2.0,,لا
MKC-2025700,2024-04-16,2024-04-21,الرصيفة,تجديد رخصة تجارية,طلب ترخيص,المركز الموحد 940,مقبول ومنفذ,5.0,4.0,لا
MKC-2027299,2024-04-16,2024-04-18,الكعكية,شكوى إشغال طريق,شكوى,المركز الموحد 940,مغلق - تم الحل,2.0,4.0,لا
MKC-2024793,2024-04-16,2024-04-24,أجياد,شكوى مركبات مهملة,شكوى,المركز الموحد 940,مغلق - تم الحل,8.0,4.0,لا
MKC-2028096,2024-04-17,2024-04-23,العتيبية,شكوى نظافة عامة,شكوى,تطبيق بلدي,مرفوض,6.0,,لا
MKC-2025335,2024-04-17,2024-04-23,الشوقية,شكوى نظافة عامة,شكوى,تطبيق بلدي,محول لجهة أخرى,6.0,,لا
MKC-2027637,2024-04-17,2024-04-26,بطحاء قريش,تجديد رخصة تجارية,طلب ترخيص,تطبيق بلدي,مرفوض,9.0,,لا
MKC-2028791,2024-04-18,2024-04-20,الزاهر,شكوى نظافة عامة,شكوى,مكتب فرعي بالحي,مغلق - تم الحل,2.0,4.0,لا
MKC-2024358,2024-04-18,2024-04-28,الهجرة,ترخيص بناء,طلب ترخيص,تطبيق بلدي,مرفوض,10.0,,لا
MKC-2027949,2024-04-18,2024-04-22,الشوقية,تجديد رخصة تجارية,طلب ترخيص,حساب X (تويتر),مقبول ومنفذ,4.0,4.0,لا
MKC-2027147,2024-04-18,2024-05-10,الرصيفة,ترخيص بناء,طلب ترخيص,المركز الموحد 940,مرفوض,22.0,,لا
MKC-2024633,2024-04-18,2024-04-25,النسيم,شكوى نظافة عامة,شكوى,المركز الموحد 940,مغلق - تم الحل,7.0,4.0,لا
MKC-2026165,2024-04-18,2024-05-25,الهجرة,ترخيص بناء,طلب ترخيص,المركز الموحد 940,مغلق - تم الحل,37.0,5.0,لا
MKC-2025532,2024-04-18,2024-04-24,الكعكية,ترخيص تجاري,طلب ترخيص,مكتب خدمة العملاء,مقبول ومنفذ,6.0,4.0,لا
MKC-2027894,2024-04-19,2024-04-21,العزيزية,شكوى نظافة عامة,شكوى,تطبيق بلدي,مغلق - تم الحل,2.0,5.0,لا
MKC-2025427,2024-04-19,2024-04-22,بطحاء قريش,شكوى مركبات مهملة,شكوى,مكتب خدمة العملاء,مغلق - تم الحل,3.0,5.0,لا
MKC-2025785,2024-04-19,2024-04-25,الزاهر,شكوى نظافة عامة,شكوى,مكتب خدمة العملاء,مغلق - تم الحل,6.0,3.0,لا
MKC-2026450,2024-04-19,2024-04-30,بطحاء قريش,شكوى إنارة شوارع,شكوى,حساب X (تويتر),مغلق - تم الحل,11.0,4.0,لا
MKC-2026398,2024-04-19,2024-04-22,الششة,تجديد رخصة تجارية,طلب ترخيص,مكتب فرعي بالحي,مقبول ومنفذ,3.0,5.0,لا
MKC-2027355,2024-04-19,2024-05-11,العزيزية,شكوى مخالفة بناء,شكوى,مكتب خدمة العملاء,محول لجهة أخرى,22.0,,لا
MKC-2025555,2024-04-20,2024-04-26,أجياد,شكوى نظافة عامة,شكوى,تطبيق بلدي,مغلق - تم الحل,6.0,3.0,لا
MKC-2023806,2024-04-20,2024-04-30,جرول,شكوى مركبات مهملة,شكوى,تطبيق بلدي,مغلق - تم الحل,10.0,5.0,لا
MKC-2024987,2024-04-20,,العتيبية,طلب صيانة حديقة/ملعب,طلب صيانة,تطبيق بلدي,قيد المعالجة,,,لا
MKC-2028940,2024-04-20,2024-04-22,المسفلة,شكوى إنارة شوارع,شكوى,تطبيق بلدي,مغلق - تم الحل,2.0,4.0,لا
MKC-2023210,2024-04-21,2024-05-05,أجياد,ترخيص تجاري,طلب ترخيص,حساب X (تويتر),مقبول ومنفذ,14.0,4.0,لا
MKC-2025379,2024-04-21,2024-04-24,الزاهر,شكوى باعة متجولين,شكوى,تطبيق بلدي,محول لجهة أخرى,3.0,,لا
MKC-2024803,2024-04-21,2024-04-25,الشرائع,شكوى نظافة عامة,شكوى,حساب X (تويتر),محول لجهة أخرى,4.0,,لا
MKC-2025812,2024-04-21,2024-04-24,الهجرة,شكوى إشغال طريق,شكوى,مكتب فرعي بالحي,مغلق - تم الحل,3.0,5.0,لا
MKC-2028964,2024-04-21,2024-04-24,بطحاء قريش,ترخيص لافتات إعلانية,طلب ترخيص,تطبيق بلدي,مرفوض,3.0,,لا
MKC-2026366,2024-04-21,2024-05-14,الششة,شكوى مخالفة بناء,شكوى,تطبيق بلدي,مقبول ومنفذ,23.0,5.0,لا
MKC-2027067,2024-04-22,2024-05-02,أجياد,شكوى إشغال طريق,شكوى,المركز الموحد 940,مغلق - تم الحل,10.0,4.0,لا
MKC-2028336,2024-04-22,2024-04-24,الششة,تجديد رخصة تجارية,طلب ترخيص,مكتب فرعي بالحي,مغلق - تم الحل,2.0,4.0,لا
MKC-2026615,2024-04-22,2024-05-01,العزيزية,تجديد رخصة تجارية,طلب ترخيص,المركز الموحد 940,مقبول ومنفذ,9.0,4.0,لا
MKC-2023332,2024-04-22,2024-05-27,الزاهر,ترخيص بناء,طلب ترخيص,تطبيق بلدي,مقبول ومنفذ,35.0,4.0,لا
MKC-2027887,2024-04-22,2024-05-02,الكعكية,ترخيص تجاري,طلب ترخيص,مكتب خدمة العملاء,مقبول ومنفذ,10.0,4.0,لا
MKC-2026962,2024-04-22,2024-04-25,الرصيفة,طلب صيانة حديقة/ملعب,طلب صيانة,حساب X (تويتر),محول لجهة أخرى,3.0,,لا
MKC-2028820,2024-04-23,2024-05-20,النسيم,ترخيص تجاري,طلب ترخيص,مكتب فرعي بالحي,مرفوض,27.0,,لا
MKC-2026223,2024-04-23,2024-04-30,جرول,شكوى إشغال طريق,شكوى,تطبيق بلدي,محول لجهة أخرى,7.0,,لا
MKC-2023091,2024-04-23,2024-04-29,جرول,شكوى نظافة عامة,شكوى,تطبيق بلدي,مغلق - تم الحل,6.0,4.0,لا
MKC-2028665,2024-04-23,2024-05-12,جرول,ترخيص تجاري,طلب ترخيص,تطبيق بلدي,مرفوض,19.0,,لا
MKC-2027872,2024-04-23,2024-05-03,العزيزية,تجديد رخصة تجارية,طلب ترخيص,تطبيق بلدي,مغلق - تم الحل,10.0,4.0,لا
MKC-2026261,2024-04-23,2024-04-28,الزاهر,شكوى نظافة عامة,شكوى,تطبيق بلدي,مقبول ومنفذ,5.0,4.0,لا
MKC-2023003,2024-04-24,2024-05-16,الجميزة,طلب صيانة حديقة/ملعب,طلب صيانة,تطبيق بلدي,محول لجهة أخرى,22.0,,لا
MKC-2025929,2024-04-24,2024-05-11,النسيم,شكوى مركبات مهملة,شكوى,تطبيق بلدي,مرفوض,17.0,,لا
MKC-2028381,2024-04-24,2024-05-01,الشوقية,شكوى نظافة عامة,شكوى,تطبيق بلدي,مرفوض,7.0,,لا
MKC-2025576,2024-04-24,2024-05-01,أجياد,شكوى إشغال طريق,شكوى,مكتب خدمة العملاء,مغلق - تم الحل,7.0,4.0,لا
MKC-2025434,2024-04-24,2024-05-04,الهجرة,شكوى مخالفة بناء,شكوى,المركز الموحد 940,مغلق - تم الحل,10.0,5.0,لا
MKC-2025260,2024-04-25,2024-05-25,المسفلة,شكوى مخالفة بناء,شكوى,المركز الموحد 940,مرفوض,30.0,,لا
MKC-2026013,2024-04-25,2024-04-28,الحجون,شكوى نظافة عامة,شكوى,تطبيق بلدي,مغلق - تم الحل,3.0,4.0,لا
MKC-2026789,2024-04-25,2024-04-29,العتيبية,تجديد رخصة تجارية,طلب ترخيص,حساب X (تويتر),مقبول ومنفذ,4.0,3.0,لا
MKC-2026391,2024-04-25,2024-05-19,الحجون,طلب صيانة حديقة/ملعب,طلب صيانة,حساب X (تويتر),محول لجهة أخرى,24.0,,لا
MKC-2023432,2024-04-25,2024-05-08,الزاهر,شكوى مخالفة بناء,شكوى,تطبيق بلدي,مغلق - تم الحل,13.0,4.0,لا
MKC-2023735,2024-04-25,2024-04-28,المسفلة,شكوى نظافة عامة,شكوى,تطبيق بلدي,مغلق - تم الحل,3.0,3.0,لا
MKC-2025757,2024-04-25,2024-04-26,الزاهر,شكوى إشغال طريق,شكوى,تطبيق بلدي,مغلق - تم الحل,1.0,4.0,لا
MKC-2028580,2024-04-25,2024-05-26,الشوقية,ترخيص بناء,طلب ترخيص,المركز الموحد 940,مقبول ومنفذ,31.0,2.0,لا
MKC-2027210,2024-04-26,2024-05-08,العزيزية,ترخيص بناء,طلب ترخيص,مكتب فرعي بالحي,مقبول ومنفذ,12.0,4.0,لا
MKC-2023101,2024-04-26,2024-05-22,أجياد,ترخيص تجاري,طلب ترخيص,تطبيق بلدي,مرفوض,26.0,,لا
MKC-2027182,2024-04-26,,الكعكية,شكوى باعة متجولين,شكوى,تطبيق بلدي,قيد المعالجة,,,لا
MKC-2023465,2024-04-26,2024-05-01,الششة,ترخيص تجاري,طلب ترخيص,تطبيق بلدي,محول لجهة أخرى,5.0,,لا
MKC-2026484,2024-04-27,2024-05-01,العتيبية,شكوى باعة متجولين,شكوى,مكتب خدمة العملاء,مغلق - تم الحل,4.0,5.0,لا
MKC-2027279,2024-04-27,2024-05-26,المسفلة,ترخيص بناء,طلب ترخيص,مكتب فرعي بالحي,مرفوض,29.0,,لا
MKC-2023042,2024-04-27,2024-05-20,النسيم,طلب صيانة حديقة/ملعب,طلب صيانة,مكتب خدمة العملاء,محول لجهة أخرى,23.0,,لا
MKC-2026193,2024-04-27,2024-05-20,الششة,ترخيص بناء,طلب ترخيص,حساب X (تويتر),مقبول ومنفذ,23.0,3.0,لا
MKC-2023673,2024-04-27,2024-05-13,الشوقية,طلب صيانة حديقة/ملعب,طلب صيانة,تطبيق بلدي,مقبول ومنفذ,16.0,3.0,لا
MKC-2027604,2024-04-27,2024-05-01,الجميزة,شكوى إنارة شوارع,شكوى,تطبيق بلدي,مغلق - تم الحل,4.0,3.0,لا
MKC-2024059,2024-04-28,2024-05-02,الزاهر,شكوى نظافة عامة,شكوى,تطبيق بلدي,مرفوض,4.0,,لا
MKC-2026211,2024-04-28,2024-05-11,العزيزية,ترخيص تجاري,طلب ترخيص,المركز الموحد 940,مرفوض,13.0,,لا
MKC-2023490,2024-04-28,2024-05-05,الرصيفة,شكوى نظافة عامة,شكوى,المركز الموحد 940,مغلق - تم الحل,7.0,4.0,لا
MKC-2028008,2024-04-28,,الجميزة,شكوى باعة متجولين,شكوى,تطبيق بلدي,قيد المعالجة,,,لا
MKC-2023596,2024-04-29,2024-05-28,الجميزة,ترخيص تجاري,طلب ترخيص,تطبيق بلدي,محول لجهة أخرى,29.0,,لا
MKC-2026274,2024-04-30,2024-05-12,أجياد,شكوى مخالفة بناء,شكوى,تطبيق بلدي,محول لجهة أخرى,12.0,,لا
MKC-2027992,2024-04-30,,الهجرة,شكوى نظافة عامة,شكوى,حساب X (تويتر),قيد المعالجة,,,لا
MKC-2027823,2024-04-30,2024-05-02,جرول,شكوى إشغال طريق,شكوى,المركز الموحد 940,مغلق - تم الحل,2.0,5.0,لا
MKC-2027061,2024-04-30,2024-05-09,العزيزية,ترخيص تجاري,طلب ترخيص,تطبيق بلدي,مقبول ومنفذ,9.0,5.0,لا
MKC-2025283,2024-04-30,2024-05-04,المسفلة,شكوى مركبات مهملة,شكوى,تطبيق بلدي,مغلق - تم الحل,4.0,5.0,لا
MKC-2027559,2024-04-30,2024-05-03,العزيزية,تجديد رخصة تجارية,طلب ترخيص,تطبيق بلدي,مقبول ومنفذ,3.0,3.0,لا
MKC-2028806,2024-05-01,2024-05-05,الكعكية,شكوى صرف صحي,شكوى,حساب X (تويتر),مغلق - تم الحل,4.0,3.0,لا
MKC-2026776,2024-05-01,2024-05-07,الرصيفة,شكوى نظافة عامة,شكوى,المركز الموحد 940,مقبول ومنفذ,6.0,5.0,لا
MKC-2024533,2024-05-01,2024-05-06,الشرائع,شكوى إشغال طريق,شكوى,تطبيق بلدي,مغلق - تم الحل,5.0,5.0,لا
MKC-2025910,2024-05-01,2024-05-06,النسيم,شكوى إنارة شوارع,شكوى,مكتب خدمة العملاء,مرفوض,5.0,,لا
MKC-2026534,2024-05-01,2024-05-08,العزيزية,شكوى نظافة عامة,شكوى,مكتب خدمة العملاء,مغلق - تم الحل,7.0,4.0,لا
MKC-2023054,2024-05-01,2024-05-08,النوارية,ترخيص لافتات إعلانية,طلب ترخيص,تطبيق بلدي,مقبول ومنفذ,7.0,5.0,لا
MKC-2024420,2024-05-01,2024-05-27,العتيبية,ترخيص تجاري,طلب ترخيص,المركز الموحد 940,محول لجهة أخرى,26.0,,لا
MKC-2025226,2024-05-01,2024-05-02,المسفلة,شكوى نظافة عامة,شكوى,تطبيق بلدي,مرفوض,1.0,,لا
MKC-2026481,2024-05-01,2024-05-16,العتيبية,ترخيص بناء,طلب ترخيص,تطبيق بلدي,محول لجهة أخرى,15.0,,لا
MKC-2026902,2024-05-01,2024-06-07,الششة,ترخيص بناء,طلب ترخيص,تطبيق بلدي,قيد المعالجة,37.0,,لا
MKC-2026035,2024-05-02,2024-05-14,العزيزية,طلب صيانة حديقة/ملعب,طلب صيانة,تطبيق بلدي,مقبول ومنفذ,12.0,5.0,لا
MKC-2024386,2024-05-02,2024-05-10,الزاهر,شكوى إشغال طريق,شكوى,تطبيق بلدي,مرفوض,8.0,,لا
MKC-2026847,2024-05-02,2024-05-20,بطحاء قريش,شكوى مركبات مهملة,شكوى,تطبيق بلدي,مرفوض,18.0,,لا
MKC-2026858,2024-05-02,2024-06-10,العزيزية,ترخيص بناء,طلب ترخيص,المركز الموحد 940,محول لجهة أخرى,39.0,,لا
MKC-2023531,2024-05-02,2024-05-17,الزاهر,شكوى مركبات مهملة,شكوى,تطبيق بلدي,محول لجهة أخرى,15.0,,لا
MKC-2026511,2024-05-03,2024-06-04,النسيم,ترخيص بناء,طلب ترخيص,تطبيق بلدي,مقبول ومنفذ,32.0,4.0,لا
MKC-2027171,2024-05-03,2024-05-14,الهجرة,ترخيص تجاري,طلب ترخيص,تطبيق بلدي,محول لجهة أخرى,11.0,,لا
MKC-2025738,2024-05-03,2024-05-08,أجياد,تجديد رخصة تجارية,طلب ترخيص,المركز الموحد 940,مرفوض,5.0,,لا
MKC-2025291,2024-05-04,2024-05-10,العتيبية,شكوى نظافة عامة,شكوى,المركز الموحد 940,مغلق - تم الحل,6.0,5.0,لا
MKC-2028776,2024-05-04,2024-05-08,العتيبية,شكوى إشغال طريق,شكوى,تطبيق بلدي,مرفوض,4.0,,لا
MKC-2023799,2024-05-04,2024-05-20,العزيزية,ترخيص بناء,طلب ترخيص,تطبيق بلدي,مقبول ومنفذ,16.0,4.0,لا
MKC-2024524,2024-05-04,2024-05-16,الششة,شكوى مركبات مهملة,شكوى,حساب X (تويتر),محول لجهة أخرى,12.0,,لا
MKC-2024409,2024-05-04,2024-05-15,الشرائع,ترخيص لافتات إعلانية,طلب ترخيص,حساب X (تويتر),مرفوض,11.0,,لا
MKC-2026322,2024-05-04,2024-05-07,النسيم,شكوى نظافة عامة,شكوى,مكتب فرعي بالحي,مغلق - تم الحل,3.0,4.0,لا
MKC-2026728,2024-05-05,2024-05-12,أجياد,شكوى نظافة عامة,شكوى,مكتب خدمة العملاء,مغلق - تم الحل,7.0,4.0,لا
MKC-2023452,2024-05-05,2024-05-27,الشرائع,طلب صيانة حديقة/ملعب,طلب صيانة,تطبيق بلدي,مقبول ومنفذ,22.0,4.0,لا
MKC-2028609,2024-05-05,2024-05-07,النسيم,شكوى نظافة عامة,شكوى,مكتب فرعي بالحي,مغلق - تم الحل,2.0,4.0,لا
MKC-2025919,2024-05-05,2024-05-08,الشوقية,تجديد رخصة تجارية,طلب ترخيص,مكتب فرعي بالحي,مرفوض,3.0,,لا
MKC-2025704,2024-05-05,2024-06-03,العزيزية,شكوى مخالفة بناء,شكوى,تطبيق بلدي,مغلق - تم الحل,29.0,3.0,لا
MKC-2027138,2024-05-05,2024-05-07,الكعكية,شكوى إشغال طريق,شكوى,المركز الموحد 940,مغلق - تم الحل,2.0,5.0,لا
MKC-2027769,2024-05-05,2024-05-08,الشوقية,ترخيص لافتات إعلانية,طلب ترخيص,تطبيق بلدي,مقبول ومنفذ,3.0,5.0,لا
MKC-2026015,2024-05-05,2024-05-07,العتيبية,شكوى باعة متجولين,شكوى,تطبيق بلدي,مغلق - تم الحل,2.0,4.0,لا
MKC-2025105,2024-05-06,2024-05-22,الرصيفة,ترخيص بناء,طلب ترخيص,تطبيق بلدي,محول لجهة أخرى,16.0,,لا
MKC-2026172,2024-05-06,2024-05-10,جرول,شكوى صرف صحي,شكوى,المركز الموحد 940,مغلق - تم الحل,4.0,3.0,لا
MKC-2024744,2024-05-06,2024-06-09,الحجون,ترخيص بناء,طلب ترخيص,تطبيق بلدي,مقبول ومنفذ,34.0,4.0,لا
MKC-2024203,2024-05-06,2024-05-12,النوارية,شكوى إشغال طريق,شكوى,تطبيق بلدي,مغلق - تم الحل,6.0,3.0,لا
MKC-2025977,2024-05-06,2024-05-11,جرول,شكوى نظافة عامة,شكوى,المركز الموحد 940,مغلق - تم الحل,5.0,5.0,لا
MKC-2023946,2024-05-06,2024-05-15,الزاهر,شكوى صرف صحي,شكوى,المركز الموحد 940,مغلق - تم الحل,9.0,3.0,لا
MKC-2026273,2024-05-06,2024-05-12,النسيم,شكوى نظافة عامة,شكوى,تطبيق بلدي,مغلق - تم الحل,6.0,4.0,لا
MKC-2023445,2024-05-06,2024-05-10,العتيبية,شكوى باعة متجولين,شكوى,تطبيق بلدي,مغلق - تم الحل,4.0,4.0,لا
MKC-2027904,2024-05-06,2024-05-13,النوارية,شكوى صرف صحي,شكوى,تطبيق بلدي,مغلق - تم الحل,7.0,5.0,لا
MKC-2024927,2024-05-07,2024-05-16,أجياد,شكوى صرف صحي,شكوى,حساب X (تويتر),مقبول ومنفذ,9.0,2.0,لا
MKC-2024934,2024-05-07,2024-05-09,الرصيفة,تجديد رخصة تجارية,طلب ترخيص,تطبيق بلدي,مقبول ومنفذ,2.0,4.0,لا
MKC-2028611,2024-05-07,2024-05-14,الششة,تجديد رخصة تجارية,طلب ترخيص,تطبيق بلدي,محول لجهة أخرى,7.0,,لا
MKC-2026560,2024-05-07,2024-05-16,العزيزية,تجديد رخصة تجارية,طلب ترخيص,المركز الموحد 940,مقبول ومنفذ,9.0,3.0,لا
MKC-2023760,2024-05-07,2024-05-08,الهجرة,شكوى نظافة عامة,شكوى,مكتب خدمة العملاء,مغلق - تم الحل,1.0,5.0,لا
MKC-2028637,2024-05-07,2024-05-26,الششة,شكوى مخالفة بناء,شكوى,مكتب خدمة العملاء,مغلق - تم الحل,19.0,4.0,لا
MKC-2026147,2024-05-07,2024-05-21,النوارية,شكوى إنارة شوارع,شكوى,تطبيق بلدي,مغلق - تم الحل,14.0,4.0,لا
MKC-2026112,2024-05-07,2024-05-10,الشرائع,شكوى إنارة شوارع,شكوى,تطبيق بلدي,قيد المعالجة,3.0,,لا
MKC-2028234,2024-05-08,2024-05-13,الجميزة,شكوى نظافة عامة,شكوى,مكتب فرعي بالحي,مغلق - تم الحل,5.0,5.0,لا
MKC-2026882,2024-05-08,2024-05-28,الشرائع,ترخيص تجاري,طلب ترخيص,حساب X (تويتر),محول لجهة أخرى,20.0,,لا
MKC-2024776,2024-05-08,,الششة,شكوى مركبات مهملة,شكوى,مكتب فرعي بالحي,قيد المعالجة,,,لا
MKC-2024722,2024-05-08,2024-05-13,بطحاء قريش,شكوى باعة متجولين,شكوى,تطبيق بلدي,مغلق - تم الحل,5.0,4.0,لا
MKC-2027106,2024-05-08,2024-05-19,الكعكية,شكوى مركبات مهملة,شكوى,تطبيق بلدي,مغلق - تم الحل,11.0,5.0,لا
MKC-2028878,2024-05-08,2024-05-20,الزاهر,شكوى صرف صحي,شكوى,تطبيق بلدي,مغلق - تم الحل,12.0,4.0,لا
MKC-2023637,2024-05-09,2024-05-17,العزيزية,تجديد رخصة تجارية,طلب ترخيص,مكتب خدمة العملاء,مقبول ومنفذ,8.0,4.0,لا
MKC-2025106,2024-05-09,2024-05-13,الهجرة,شكوى باعة متجولين,شكوى,حساب X (تويتر),مرفوض,4.0,,لا
MKC-2027301,2024-05-09,2024-05-12,الششة,شكوى صرف صحي,شكوى,مكتب خدمة العملاء,محول لجهة أخرى,3.0,,لا
MKC-2027820,2024-05-10,2024-05-23,الكعكية,ترخيص بناء,طلب ترخيص,المركز الموحد 940,مقبول ومنفذ,13.0,4.0,لا
MKC-2027959,2024-05-10,2024-05-22,العزيزية,شكوى مخالفة بناء,شكوى,مكتب خدمة العملاء,مقبول ومنفذ,12.0,4.0,لا
MKC-2026953,2024-05-10,2024-05-19,جرول,ترخيص تجاري,طلب ترخيص,تطبيق بلدي,مغلق - تم الحل,9.0,5.0,لا
MKC-2026163,2024-05-10,2024-05-22,الششة,ترخيص لافتات إعلانية,طلب ترخيص,المركز الموحد 940,مقبول ومنفذ,12.0,5.0,لا
MKC-2028867,2024-05-11,2024-05-21,الشوقية,ترخيص بناء,طلب ترخيص,المركز الموحد 940,مقبول ومنفذ,10.0,3.0,لا
MKC-2023214,2024-05-11,,الهجرة,شكوى نظافة عامة,شكوى,المركز الموحد 940,قيد المعالجة,,,لا
MKC-2025978,2024-05-11,2024-06-08,المسفلة,شكوى مخالفة بناء,شكوى,تطبيق بلدي,مغلق - تم الحل,28.0,2.0,لا
MKC-2027000,2024-05-11,2024-05-13,بطحاء قريش,شكوى باعة متجولين,شكوى,المركز الموحد 940,محول لجهة أخرى,2.0,,لا
MKC-2028170,2024-05-12,2024-05-23,العزيزية,شكوى مركبات مهملة,شكوى,تطبيق بلدي,قيد المعالجة,11.0,,لا
MKC-2026745,2024-05-12,2024-05-26,الزاهر,ترخيص تجاري,طلب ترخيص,تطبيق بلدي,محول لجهة أخرى,14.0,,لا
MKC-2028813,2024-05-12,2024-05-21,النسيم,شكوى إشغال طريق,شكوى,تطبيق بلدي,محول لجهة أخرى,9.0,,لا
MKC-2028583,2024-05-12,2024-06-01,جرول,شكوى مخالفة بناء,شكوى,تطبيق بلدي,محول لجهة أخرى,20.0,,لا
MKC-2025088,2024-05-12,2024-05-18,العزيزية,شكوى نظافة عامة,شكوى,مكتب خدمة العملاء,محول لجهة أخرى,6.0,,لا
MKC-2023105,2024-05-12,2024-05-31,العزيزية,شكوى مخالفة بناء,شكوى,تطبيق بلدي,مغلق - تم الحل,19.0,5.0,لا
MKC-2026496,2024-05-12,2024-05-26,العتيبية,ترخيص تجاري,طلب ترخيص,تطبيق بلدي,مرفوض,14.0,,لا
MKC-2028584,2024-05-12,2024-05-22,أجياد,ترخيص تجاري,طلب ترخيص,المركز الموحد 940,مقبول ومنفذ,10.0,4.0,لا
MKC-2028079,2024-05-12,2024-05-13,العزيزية,شكوى صرف صحي,شكوى,تطبيق بلدي,مغلق - تم الحل,1.0,5.0,لا
MKC-2027928,2024-05-12,2024-05-22,الشوقية,شكوى مركبات مهملة,شكوى,تطبيق بلدي,محول لجهة أخرى,10.0,,لا
MKC-2025640,2024-05-12,2024-05-23,المسفلة,ترخيص بناء,طلب ترخيص,حساب X (تويتر),مقبول ومنفذ,11.0,4.0,لا
MKC-2027049,2024-05-13,2024-05-26,الهجرة,شكوى إنارة شوارع,شكوى,تطبيق بلدي,محول لجهة أخرى,13.0,,لا
MKC-2023665,2024-05-13,2024-05-29,جرول,ترخيص تجاري,طلب ترخيص,مكتب خدمة العملاء,محول لجهة أخرى,16.0,,لا
MKC-2026880,2024-05-13,2024-05-17,أجياد,شكوى صرف صحي,شكوى,تطبيق بلدي,مغلق - تم الحل,4.0,4.0,لا
MKC-2023386,2024-05-13,2024-05-15,العتيبية,شكوى باعة متجولين,شكوى,مكتب خدمة العملاء,محول لجهة أخرى,2.0,,لا
MKC-2027244,2024-05-13,2024-05-17,بطحاء قريش,شكوى باعة متجولين,شكوى,تطبيق بلدي,مغلق - تم الحل,4.0,5.0,لا
MKC-2025206,2024-05-13,2024-05-23,الشوقية,تجديد رخصة تجارية,طلب ترخيص,مكتب فرعي بالحي,مقبول ومنفذ,10.0,4.0,لا
MKC-2026504,2024-05-13,2024-05-17,الششة,شكوى باعة متجولين,شكوى,مكتب خدمة العملاء,مغلق - تم الحل,4.0,5.0,لا
MKC-2025431,2024-05-13,2024-05-18,الشوقية,شكوى إشغال طريق,شكوى,حساب X (تويتر),مغلق - تم الحل,5.0,5.0,لا
MKC-2023874,2024-05-14,,العزيزية,طلب صيانة حديقة/ملعب,طلب صيانة,تطبيق بلدي,قيد المعالجة,,,لا
MKC-2026304,2024-05-14,2024-05-31,الكعكية,ترخيص تجاري,طلب ترخيص,تطبيق بلدي,مقبول ومنفذ,17.0,4.0,لا
MKC-2023117,2024-05-14,2024-05-18,العتيبية,شكوى مخالفة بناء,شكوى,المركز الموحد 940,مقبول ومنفذ,4.0,4.0,لا
MKC-2025451,2024-05-15,2024-05-18,العتيبية,شكوى نظافة عامة,شكوى,مكتب فرعي بالحي,مقبول ومنفذ,3.0,5.0,لا
MKC-2027388,2024-05-15,2024-05-22,الشوقية,شكوى إشغال طريق,شكوى,مكتب خدمة العملاء,مغلق - تم الحل,7.0,5.0,لا
MKC-2024031,2024-05-15,,العزيزية,ترخيص تجاري,طلب ترخيص,مكتب خدمة العملاء,قيد المعالجة,,,لا
MKC-2026291,2024-05-15,2024-05-22,الرصيفة,شكوى صرف صحي,شكوى,تطبيق بلدي,مغلق - تم الحل,7.0,4.0,لا
MKC-2028740,2024-05-15,2024-05-21,الرصيفة,شكوى إنارة شوارع,شكوى,المركز الموحد 940,مغلق - تم الحل,6.0,5.0,لا
MKC-2028277,2024-05-15,2024-05-21,العزيزية,ترخيص تجاري,طلب ترخيص,حساب X (تويتر),مقبول ومنفذ,6.0,3.0,لا
MKC-2028377,2024-05-16,2024-05-26,الزاهر,شكوى مركبات مهملة,شكوى,المركز الموحد 940,مغلق - تم الحل,10.0,4.0,لا
MKC-2027019,2024-05-16,2024-05-20,أجياد,شكوى باعة متجولين,شكوى,تطبيق بلدي,محول لجهة أخرى,4.0,,لا
MKC-2025192,2024-05-16,2024-05-19,الحجون,تجديد رخصة تجارية,طلب ترخيص,مكتب خدمة العملاء,مقبول ومنفذ,3.0,5.0,لا
MKC-2026134,2024-05-16,2024-06-04,الكعكية,شكوى مركبات مهملة,شكوى,المركز الموحد 940,محول لجهة أخرى,19.0,,لا
MKC-2023603,2024-05-16,2024-06-10,الشرائع,ترخيص بناء,طلب ترخيص,تطبيق بلدي,مقبول ومنفذ,25.0,4.0,لا
MKC-2028822,2024-05-16,2024-05-21,العزيزية,شكوى صرف صحي,شكوى,مكتب فرعي بالحي,مغلق - تم الحل,5.0,5.0,لا
MKC-2023086,2024-05-17,,العزيزية,طلب صيانة حديقة/ملعب,طلب صيانة,تطبيق بلدي,قيد المعالجة,,,لا
MKC-2026583,2024-05-17,2024-05-23,بطحاء قريش,تجديد رخصة تجارية,طلب ترخيص,تطبيق بلدي,مقبول ومنفذ,6.0,4.0,لا
MKC-2024699,2024-05-17,,الزاهر,تجديد رخصة تجارية,طلب ترخيص,حساب X (تويتر),قيد المعالجة,,,لا
MKC-2024468,2024-05-17,2024-06-07,الشوقية,ترخيص بناء,طلب ترخيص,مكتب فرعي بالحي,مقبول ومنفذ,21.0,3.0,لا
MKC-2027376,2024-05-18,2024-06-14,الشوقية,ترخيص بناء,طلب ترخيص,مكتب فرعي بالحي,مقبول ومنفذ,27.0,3.0,لا
MKC-2025472,2024-05-18,2024-05-20,العزيزية,شكوى نظافة عامة,شكوى,مكتب خدمة العملاء,مقبول ومنفذ,2.0,4.0,لا
MKC-2024298,2024-05-18,,العتيبية,ترخيص تجاري,طلب ترخيص,مكتب خدمة العملاء,قيد المعالجة,,,لا
MKC-2026073,2024-05-18,2024-05-20,الرصيفة,شكوى باعة متجولين,شكوى,تطبيق بلدي,مغلق - تم الحل,2.0,4.0,لا
MKC-2025344,2024-05-18,2024-06-08,العزيزية,ترخيص تجاري,طلب ترخيص,حساب X (تويتر),محول لجهة أخرى,21.0,,لا
MKC-2028346,2024-05-18,2024-05-29,العزيزية,ترخيص لافتات إعلانية,طلب ترخيص,مكتب خدمة العملاء,مقبول ومنفذ,11.0,3.0,لا
MKC-2028778,2024-05-18,2024-05-22,الكعكية,شكوى باعة متجولين,شكوى,تطبيق بلدي,مرفوض,4.0,,لا
MKC-2027191,2024-05-18,2024-06-03,الزاهر,ترخيص تجاري,طلب ترخيص,المركز الموحد 940,محول لجهة أخرى,16.0,,لا
MKC-2025268,2024-05-18,2024-05-22,الهجرة,تجديد رخصة تجارية,طلب ترخيص,مكتب خدمة العملاء,مرفوض,4.0,,لا
MKC-2026824,2024-05-18,2024-05-22,الشوقية,شكوى نظافة عامة,شكوى,تطبيق بلدي,مرفوض,4.0,,لا
MKC-2024917,2024-05-19,2024-05-25,الزاهر,ترخيص لافتات إعلانية,طلب ترخيص,حساب X (تويتر),مقبول ومنفذ,6.0,4.0,لا
MKC-2026737,2024-05-19,2024-05-24,النوارية,شكوى مخالفة بناء,شكوى,تطبيق بلدي,قيد المعالجة,5.0,,لا
MKC-2027557,2024-05-19,2024-06-10,الزاهر,ترخيص تجاري,طلب ترخيص,تطبيق بلدي,مقبول ومنفذ,22.0,4.0,لا
MKC-2027937,2024-05-19,2024-05-23,العتيبية,شكوى إشغال طريق,شكوى,مكتب فرعي بالحي,مقبول ومنفذ,4.0,4.0,لا
MKC-2025751,2024-05-19,2024-05-27,الزاهر,تجديد رخصة تجارية,طلب ترخيص,مكتب خدمة العملاء,محول لجهة أخرى,8.0,,لا
MKC-2027526,2024-05-19,2024-05-23,جرول,شكوى باعة متجولين,شكوى,حساب X (تويتر),مغلق - تم الحل,4.0,3.0,لا
MKC-2025425,2024-05-20,2024-05-24,الكعكية,شكوى نظافة عامة,شكوى,مكتب فرعي بالحي,محول لجهة أخرى,4.0,,لا
MKC-2023337,2024-05-20,2024-05-30,العزيزية,شكوى إنارة شوارع,شكوى,تطبيق بلدي,مغلق - تم الحل,10.0,4.0,لا
MKC-2027548,2024-05-20,2024-06-12,الزاهر,طلب صيانة حديقة/ملعب,طلب صيانة,مكتب خدمة العملاء,مقبول ومنفذ,23.0,2.0,لا
MKC-2028302,2024-05-20,2024-05-28,الششة,شكوى صرف صحي,شكوى,المركز الموحد 940,مغلق - تم الحل,8.0,3.0,لا
MKC-2023834,2024-05-20,2024-05-29,المسفلة,شكوى مركبات مهملة,شكوى,حساب X (تويتر),مقبول ومنفذ,9.0,4.0,لا
MKC-2023798,2024-05-20,2024-05-29,الزاهر,شكوى إشغال طريق,شكوى,مكتب فرعي بالحي,قيد المعالجة,9.0,,لا
MKC-2027180,2024-05-20,2024-05-22,الشوقية,شكوى نظافة عامة,شكوى,مكتب فرعي بالحي,مغلق - تم الحل,2.0,4.0,لا
MKC-2028013,2024-05-21,2024-05-30,أجياد,ترخيص تجاري,طلب ترخيص,مكتب فرعي بالحي,مقبول ومنفذ,9.0,3.0,لا
MKC-2023158,2024-05-21,2024-06-11,الشوقية,شكوى مخالفة بناء,شكوى,المركز الموحد 940,محول لجهة أخرى,21.0,,لا
MKC-2027692,2024-05-21,2024-05-23,الششة,شكوى باعة متجولين,شكوى,مكتب فرعي بالحي,قيد المعالجة,2.0,,لا
MKC-2026186,2024-05-21,2024-06-26,الكعكية,ترخيص بناء,طلب ترخيص,تطبيق بلدي,مرفوض,36.0,,لا
MKC-2024008,2024-05-21,2024-06-02,الزاهر,ترخيص لافتات إعلانية,طلب ترخيص,تطبيق بلدي,مرفوض,12.0,,لا
MKC-2028805,2024-05-21,2024-06-09,الزاهر,شكوى مركبات مهملة,شكوى,حساب X (تويتر),مرفوض,19.0,,لا
MKC-2025342,2024-05-22,2024-05-25,النوارية,شكوى باعة متجولين,شكوى,مكتب خدمة العملاء,مقبول ومنفذ,3.0,3.0,لا
MKC-2028414,2024-05-22,2024-06-02,الرصيفة,شكوى إنارة شوارع,شكوى,حساب X (تويتر),مرفوض,11.0,,لا
MKC-2024133,2024-05-22,2024-05-25,النسيم,شكوى باعة متجولين,شكوى,تطبيق بلدي,مغلق - تم الحل,3.0,5.0,لا
MKC-2027107,2024-05-22,2024-06-18,الزاهر,ترخيص بناء,طلب ترخيص,المركز الموحد 940,مغلق - تم الحل,27.0,3.0,لا
MKC-2024676,2024-05-23,2024-05-28,المسفلة,شكوى نظافة عامة,شكوى,تطبيق بلدي,مغلق - تم الحل,5.0,5.0,لا
MKC-2028405,2024-05-23,2024-06-29,الرصيفة,ترخيص بناء,طلب ترخيص,مكتب خدمة العملاء,محول لجهة أخرى,37.0,,لا
MKC-2027082,2024-05-23,2024-05-30,الزاهر,تجديد رخصة تجارية,طلب ترخيص,المركز الموحد 940,مرفوض,7.0,,لا
MKC-2027689,2024-05-23,,النسيم,شكوى إشغال طريق,شكوى,تطبيق بلدي,قيد المعالجة,,,لا
MKC-2025296,2024-05-23,2024-05-26,جرول,شكوى نظافة عامة,شكوى,تطبيق بلدي,مقبول ومنفذ,3.0,3.0,لا
MKC-2024966,2024-05-24,2024-05-30,الشرائع,شكوى إشغال طريق,شكوى,مكتب خدمة العملاء,مرفوض,6.0,,لا
MKC-2027805,2024-05-24,2024-06-08,الشرائع,شكوى مخالفة بناء,شكوى,تطبيق بلدي,مغلق - تم الحل,15.0,4.0,لا
MKC-2026716,2024-05-24,2024-06-05,العتيبية,شكوى صرف صحي,شكوى,تطبيق بلدي,محول لجهة أخرى,12.0,,لا
MKC-2024639,2024-05-24,2024-06-30,بطحاء قريش,ترخيص بناء,طلب ترخيص,تطبيق بلدي,مغلق - تم الحل,37.0,4.0,لا
MKC-2025646,2024-05-24,2024-06-14,الزاهر,ترخيص تجاري,طلب ترخيص,تطبيق بلدي,مرفوض,21.0,,لا
MKC-2027592,2024-05-24,2024-06-01,الرصيفة,تجديد رخصة تجارية,طلب ترخيص,مكتب فرعي بالحي,مرفوض,8.0,,لا
MKC-2023379,2024-05-24,2024-05-31,الرصيفة,شكوى إشغال طريق,شكوى,تطبيق بلدي,مغلق - تم الحل,7.0,4.0,لا
MKC-2025299,2024-05-24,2024-06-03,جرول,شكوى مركبات مهملة,شكوى,تطبيق بلدي,محول لجهة أخرى,10.0,,لا
MKC-2027344,2024-05-24,2024-05-26,الكعكية,شكوى إنارة شوارع,شكوى,المركز الموحد 940,مغلق - تم الحل,2.0,4.0,لا
MKC-2027851,2024-05-25,2024-05-29,الحجون,شكوى إشغال طريق,شكوى,مكتب خدمة العملاء,مغلق - تم الحل,4.0,4.0,لا
MKC-2027130,2024-05-25,2024-06-01,الكعكية,ترخيص لافتات إعلانية,طلب ترخيص,مكتب خدمة العملاء,مقبول ومنفذ,7.0,5.0,لا
MKC-2028279,2024-05-25,2024-06-05,الهجرة,شكوى مخالفة بناء,شكوى,تطبيق بلدي,محول لجهة أخرى,11.0,,لا
MKC-2023861,2024-05-25,2024-06-09,الهجرة,ترخيص تجاري,طلب ترخيص,تطبيق بلدي,مرفوض,15.0,,لا
MKC-2025807,2024-05-25,2024-06-18,جرول,طلب صيانة حديقة/ملعب,طلب صيانة,تطبيق بلدي,مرفوض,24.0,,لا
MKC-2027232,2024-05-26,2024-06-06,النوارية,شكوى إنارة شوارع,شكوى,المركز الموحد 940,محول لجهة أخرى,11.0,,لا
MKC-2026846,2024-05-26,2024-06-03,الجميزة,تجديد رخصة تجارية,طلب ترخيص,المركز الموحد 940,مقبول ومنفذ,8.0,4.0,لا
MKC-2026068,2024-05-26,2024-05-31,النوارية,شكوى نظافة عامة,شكوى,المركز الموحد 940,مغلق - تم الحل,5.0,3.0,لا
MKC-2023608,2024-05-26,,المسفلة,شكوى إنارة شوارع,شكوى,تطبيق بلدي,قيد المعالجة,,,لا
MKC-2028434,2024-05-26,2024-06-02,العتيبية,ترخيص تجاري,طلب ترخيص,تطبيق بلدي,مقبول ومنفذ,7.0,3.0,لا
MKC-2023615,2024-05-27,2024-06-19,الهجرة,ترخيص بناء,طلب ترخيص,تطبيق بلدي,مرفوض,23.0,,لا
MKC-2023856,2024-05-27,2024-06-02,العزيزية,شكوى إشغال طريق,شكوى,تطبيق بلدي,مغلق - تم الحل,6.0,4.0,لا
MKC-2024972,2024-05-27,2024-06-16,بطحاء قريش,ترخيص تجاري,طلب ترخيص,حساب X (تويتر),مقبول ومنفذ,20.0,5.0,لا
MKC-2024839,2024-05-27,2024-06-16,الشوقية,ترخيص بناء,طلب ترخيص,مكتب خدمة العملاء,مقبول ومنفذ,20.0,2.0,لا
MKC-2027524,2024-05-27,2024-06-07,النسيم,شكوى صرف صحي,شكوى,المركز الموحد 940,محول لجهة أخرى,11.0,,لا
MKC-2028165,2024-05-27,2024-05-31,الرصيفة,شكوى مركبات مهملة,شكوى,حساب X (تويتر),مغلق - تم الحل,4.0,4.0,لا
MKC-2028626,2024-05-28,2024-06-07,أجياد,ترخيص لافتات إعلانية,طلب ترخيص,المركز الموحد 940,مقبول ومنفذ,10.0,4.0,لا
MKC-2028863,2024-05-28,2024-06-02,الشوقية,تجديد رخصة تجارية,طلب ترخيص,مكتب فرعي بالحي,مقبول ومنفذ,5.0,4.0,لا
MKC-2026709,2024-05-28,2024-05-31,النسيم,شكوى باعة متجولين,شكوى,مكتب فرعي بالحي,مغلق - تم الحل,3.0,5.0,لا
MKC-2023442,2024-05-28,,الحجون,شكوى مخالفة بناء,شكوى,مكتب خدمة العملاء,قيد المعالجة,,,لا
MKC-2024978,2024-05-28,2024-06-04,الشوقية,تجديد رخصة تجارية,طلب ترخيص,تطبيق بلدي,مقبول ومنفذ,7.0,5.0,لا
MKC-2024199,2024-05-28,2024-06-03,العزيزية,شكوى نظافة عامة,شكوى,تطبيق بلدي,مقبول ومنفذ,6.0,5.0,لا
MKC-2025465,2024-05-28,2024-05-31,الزاهر,شكوى باعة متجولين,شكوى,مكتب خدمة العملاء,مغلق - تم الحل,3.0,5.0,لا
MKC-2023929,2024-05-29,2024-06-16,العزيزية,ترخيص بناء,طلب ترخيص,تطبيق بلدي,مقبول ومنفذ,18.0,5.0,لا
MKC-2026146,2024-05-29,2024-06-05,الشوقية,شكوى مخالفة بناء,شكوى,مكتب خدمة العملاء,مقبول ومنفذ,7.0,5.0,لا
MKC-2023330,2024-05-29,2024-06-01,الشوقية,شكوى نظافة عامة,شكوى,مكتب فرعي بالحي,قيد المعالجة,3.0,,لا
MKC-2023500,2024-05-30,2024-06-06,الشرائع,تجديد رخصة تجارية,طلب ترخيص,حساب X (تويتر),مقبول ومنفذ,7.0,3.0,لا
MKC-2025829,2024-05-30,2024-06-15,العتيبية,ترخيص تجاري,طلب ترخيص,المركز الموحد 940,مقبول ومنفذ,16.0,5.0,لا
MKC-2024506,2024-05-30,2024-06-02,النوارية,شكوى نظافة عامة,شكوى,مكتب خدمة العملاء,محول لجهة أخرى,3.0,,لا
MKC-2024693,2024-05-30,2024-06-12,الشوقية,ترخيص تجاري,طلب ترخيص,المركز الموحد 940,مرفوض,13.0,,لا
MKC-2027683,2024-05-31,2024-06-07,النسيم,شكوى نظافة عامة,شكوى,المركز الموحد 940,مغلق - تم الحل,7.0,5.0,لا
MKC-2024171,2024-05-31,2024-06-03,الزاهر,شكوى باعة متجولين,شكوى,تطبيق بلدي,محول لجهة أخرى,3.0,,لا
MKC-2028785,2024-05-31,2024-06-09,أجياد,شكوى صرف صحي,شكوى,تطبيق بلدي,محول لجهة أخرى,9.0,,لا
MKC-2026680,2024-05-31,2024-06-03,الرصيفة,شكوى نظافة عامة,شكوى,المركز الموحد 940,مغلق - تم الحل,3.0,5.0,لا
MKC-2024824,2024-05-31,2024-06-08,العتيبية,تجديد رخصة تجارية,طلب ترخيص,مكتب خدمة العملاء,مقبول ومنفذ,8.0,5.0,لا
MKC-2026316,2024-05-31,2024-06-02,جرول,شكوى إنارة شوارع,شكوى,حساب X (تويتر),مقبول ومنفذ,2.0,3.0,لا
MKC-2023215,2024-06-01,2024-06-07,الرصيفة,شكوى صرف صحي,شكوى,تطبيق بلدي,قيد المعالجة,6.0,,لا
MKC-2024028,2024-06-01,2024-06-09,المسفلة,شكوى إشغال طريق,شكوى,مكتب خدمة العملاء,مغلق - تم الحل,8.0,5.0,لا
MKC-2025685,2024-06-01,2024-06-07,الشوقية,شكوى نظافة عامة,شكوى,مكتب فرعي بالحي,مغلق - تم الحل,6.0,4.0,لا
MKC-2025825,2024-06-01,,الهجرة,شكوى نظافة عامة,شكوى,مكتب فرعي بالحي,قيد المعالجة,,,لا
MKC-2023800,2024-06-01,2024-06-07,الجميزة,شكوى إشغال طريق,شكوى,تطبيق بلدي,مغلق - تم الحل,6.0,3.0,لا
MKC-2028443,2024-06-01,2024-06-30,بطحاء قريش,ترخيص تجاري,طلب ترخيص,تطبيق بلدي,مقبول ومنفذ,29.0,4.0,لا
MKC-2027833,2024-06-02,2024-06-10,الهجرة,طلب صيانة حديقة/ملعب,طلب صيانة,مكتب خدمة العملاء,محول لجهة أخرى,8.0,,لا
MKC-2028463,2024-06-02,2024-06-12,الششة,شكوى صرف صحي,شكوى,تطبيق بلدي,مغلق - تم الحل,10.0,4.0,لا
MKC-2025792,2024-06-02,2024-06-08,النسيم,تجديد رخصة تجارية,طلب ترخيص,تطبيق بلدي,مرفوض,6.0,,لا
MKC-2023640,2024-06-02,2024-06-05,العتيبية,شكوى نظافة عامة,شكوى,تطبيق بلدي,محول لجهة أخرى,3.0,,لا
MKC-2024964,2024-06-02,2024-06-10,الكعكية,شكوى مركبات مهملة,شكوى,تطبيق بلدي,مغلق - تم الحل,8.0,4.0,لا
MKC-2026394,2024-06-03,2024-06-09,العتيبية,تجديد رخصة تجارية,طلب ترخيص,المركز الموحد 940,محول لجهة أخرى,6.0,,لا
MKC-2025725,2024-06-03,2024-07-06,الزاهر,ترخيص بناء,طلب ترخيص,تطبيق بلدي,محول لجهة أخرى,33.0,,لا
MKC-2023696,2024-06-04,2024-06-29,جرول,ترخيص بناء,طلب ترخيص,تطبيق بلدي,مقبول ومنفذ,25.0,2.0,لا
MKC-2027327,2024-06-04,2024-06-17,الكعكية,شكوى إنارة شوارع,شكوى,مكتب خدمة العملاء,مغلق - تم الحل,13.0,4.0,لا
MKC-2027412,2024-06-04,2024-06-07,الكعكية,شكوى إنارة شوارع,شكوى,مكتب فرعي بالحي,محول لجهة أخرى,3.0,,لا
MKC-2027951,2024-06-04,2024-06-13,الهجرة,شكوى مركبات مهملة,شكوى,مكتب فرعي بالحي,قيد المعالجة,9.0,,لا
MKC-2027359,2024-06-04,2024-06-08,العتيبية,شكوى نظافة عامة,شكوى,تطبيق بلدي,قيد المعالجة,4.0,,لا
MKC-2023982,2024-06-04,2024-06-09,جرول,تجديد رخصة تجارية,طلب ترخيص,تطبيق بلدي,قيد المعالجة,5.0,,لا
MKC-2026021,2024-06-04,2024-06-06,الرصيفة,شكوى باعة متجولين,شكوى,المركز الموحد 940,مغلق - تم الحل,2.0,4.0,لا
MKC-2023860,2024-06-04,2024-06-27,العتيبية,شكوى مخالفة بناء,شكوى,المركز الموحد 940,قيد المعالجة,23.0,,لا
MKC-2028331,2024-06-05,2024-06-27,النوارية,طلب صيانة حديقة/ملعب,طلب صيانة,مكتب خدمة العملاء,مقبول ومنفذ,22.0,4.0,لا
MKC-2023517,2024-06-05,2024-06-13,العتيبية,شكوى إشغال طريق,شكوى,تطبيق بلدي,مقبول ومنفذ,8.0,3.0,لا
MKC-2023870,2024-06-05,2024-07-03,النسيم,ترخيص تجاري,طلب ترخيص,تطبيق بلدي,محول لجهة أخرى,28.0,,لا
MKC-2024318,2024-06-05,2024-06-12,أجياد,شكوى إشغال طريق,شكوى,مكتب خدمة العملاء,مغلق - تم الحل,7.0,5.0,لا
MKC-2024812,2024-06-05,2024-06-16,المسفلة,شكوى مخالفة بناء,شكوى,مكتب خدمة العملاء,مغلق - تم الحل,11.0,4.0,لا
MKC-2024746,2024-06-06,2024-06-29,الششة,طلب صيانة حديقة/ملعب,طلب صيانة,مكتب خدمة العملاء,مقبول ومنفذ,23.0,5.0,لا
MKC-2025653,2024-06-06,2024-06-18,بطحاء قريش,ترخيص بناء,طلب ترخيص,مكتب خدمة العملاء,قيد المعالجة,12.0,,لا
MKC-2028762,2024-06-06,,الهجرة,شكوى نظافة عامة,شكوى,المركز الموحد 940,قيد المعالجة,,,لا
MKC-2024680,2024-06-07,,العزيزية,ترخيص بناء,طلب ترخيص,حساب X (تويتر),قيد المعالجة,,,لا
MKC-2023438,2024-06-07,2024-06-08,بطحاء قريش,شكوى باعة متجولين,شكوى,حساب X (تويتر),مغلق - تم الحل,1.0,5.0,لا
MKC-2026003,2024-06-07,2024-06-09,الحجون,شكوى إشغال طريق,شكوى,تطبيق بلدي,مغلق - تم الحل,2.0,4.0,لا
MKC-2027364,2024-06-07,2024-06-19,الشرائع,شكوى صرف صحي,شكوى,تطبيق بلدي,مغلق - تم الحل,12.0,5.0,لا
MKC-2026578,2024-06-07,2024-06-10,الرصيفة,شكوى باعة متجولين,شكوى,المركز الموحد 940,مغلق - تم الحل,3.0,4.0,لا
MKC-2024085,2024-06-07,2024-07-03,النوارية,ترخيص بناء,طلب ترخيص,تطبيق بلدي,مقبول ومنفذ,26.0,3.0,لا
MKC-2024509,2024-06-07,2024-06-10,العتيبية,شكوى إنارة شوارع,شكوى,حساب X (تويتر),مغلق - تم الحل,3.0,3.0,لا
MKC-2023030,2024-06-07,2024-06-22,الشوقية,ترخيص تجاري,طلب ترخيص,مكتب خدمة العملاء,مغلق - تم الحل,15.0,3.0,لا
MKC-2025678,2024-06-07,2024-06-10,بطحاء قريش,شكوى إشغال طريق,شكوى,مكتب خدمة العملاء,مرفوض,3.0,,لا
MKC-2023255,2024-06-08,2024-07-21,العزيزية,ترخيص بناء,طلب ترخيص,تطبيق بلدي,مقبول ومنفذ,43.0,2.0,لا
MKC-2024735,2024-06-08,2024-06-24,العزيزية,شكوى مخالفة بناء,شكوى,تطبيق بلدي,مقبول ومنفذ,16.0,4.0,لا
MKC-2028659,2024-06-08,2024-06-16,الشرائع,تجديد رخصة تجارية,طلب ترخيص,مكتب خدمة العملاء,محول لجهة أخرى,8.0,,لا
MKC-2028769,2024-06-08,2024-06-12,الهجرة,طلب صيانة حديقة/ملعب,طلب صيانة,مكتب فرعي بالحي,مقبول ومنفذ,4.0,5.0,لا
MKC-2025562,2024-06-08,2024-06-13,الحجون,شكوى نظافة عامة,شكوى,مكتب فرعي بالحي,مغلق - تم الحل,5.0,4.0,لا
MKC-2026487,2024-06-08,2024-06-16,النوارية,شكوى إشغال طريق,شكوى,مكتب فرعي بالحي,مغلق - تم الحل,8.0,4.0,لا
MKC-2027735,2024-06-08,,الزاهر,شكوى نظافة عامة,شكوى,مكتب خدمة العملاء,قيد المعالجة,,,لا
MKC-2023188,2024-06-08,,المسفلة,شكوى مخالفة بناء,شكوى,المركز الموحد 940,قيد المعالجة,,,لا
MKC-2028489,2024-06-08,2024-06-10,المسفلة,شكوى إنارة شوارع,شكوى,تطبيق بلدي,مرفوض,2.0,,لا
MKC-2028922,2024-06-08,2024-06-19,المسفلة,ترخيص لافتات إعلانية,طلب ترخيص,تطبيق بلدي,مقبول ومنفذ,11.0,5.0,لا
MKC-2027555,2024-06-08,2024-06-19,الششة,شكوى صرف صحي,شكوى,المركز الموحد 940,مغلق - تم الحل,11.0,4.0,لا
MKC-2028167,2024-06-08,2024-06-17,الششة,تجديد رخصة تجارية,طلب ترخيص,المركز الموحد 940,محول لجهة أخرى,9.0,,لا
MKC-2027401,2024-06-08,2024-06-10,الشوقية,شكوى باعة متجولين,شكوى,حساب X (تويتر),محول لجهة أخرى,2.0,,لا
MKC-2027204,2024-06-08,2024-06-16,العزيزية,شكوى إشغال طريق,شكوى,تطبيق بلدي,مقبول ومنفذ,8.0,5.0,لا
MKC-2028452,2024-06-09,2024-06-18,الششة,شكوى إشغال طريق,شكوى,مكتب خدمة العملاء,مقبول ومنفذ,9.0,4.0,لا
MKC-2025100,2024-06-09,2024-06-19,المسفلة,ترخيص لافتات إعلانية,طلب ترخيص,مكتب فرعي بالحي,مرفوض,10.0,,لا
MKC-2026215,2024-06-09,2024-06-18,العزيزية,تجديد رخصة تجارية,طلب ترخيص,مكتب فرعي بالحي,محول لجهة أخرى,9.0,,لا
MKC-2024625,2024-06-09,2024-06-14,الششة,تجديد رخصة تجارية,طلب ترخيص,تطبيق بلدي,مرفوض,5.0,,لا
MKC-2024513,2024-06-09,2024-06-20,الزاهر,شكوى مركبات مهملة,شكوى,المركز الموحد 940,مغلق - تم الحل,11.0,4.0,لا
MKC-2025858,2024-06-09,2024-06-11,بطحاء قريش,شكوى نظافة عامة,شكوى,المركز الموحد 940,مرفوض,2.0,,لا
MKC-2025234,2024-06-10,2024-06-19,الرصيفة,شكوى إنارة شوارع,شكوى,مكتب فرعي بالحي,مقبول ومنفذ,9.0,5.0,نعم
MKC-2024732,2024-06-10,2024-06-14,الشرائع,شكوى باعة متجولين,شكوى,مكتب خدمة العملاء,مغلق - تم الحل,4.0,4.0,نعم
MKC-2024021,2024-06-10,2024-06-13,الرصيفة,تجديد رخصة تجارية,طلب ترخيص,تطبيق بلدي,مقبول ومنفذ,3.0,4.0,نعم
MKC-2028694,2024-06-10,,العتيبية,طلب صيانة حديقة/ملعب,طلب صيانة,مكتب خدمة العملاء,قيد المعالجة,,,نعم
MKC-2025388,2024-06-10,2024-06-12,الرصيفة,شكوى صرف صحي,شكوى,مكتب فرعي بالحي,مغلق - تم الحل,2.0,5.0,نعم
MKC-2026044,2024-06-10,2024-07-25,العزيزية,ترخيص تجاري,طلب ترخيص,تطبيق بلدي,محول لجهة أخرى,45.0,,نعم
MKC-2023179,2024-06-10,2024-06-25,أجياد,شكوى إشغال طريق,شكوى,المركز الموحد 940,مغلق - تم الحل,15.0,3.0,نعم
MKC-2027916,2024-06-10,2024-06-28,الكعكية,شكوى صرف صحي,شكوى,تطبيق بلدي,مغلق - تم الحل,18.0,4.0,نعم
MKC-2023616,2024-06-10,2024-06-17,النسيم,تجديد رخصة تجارية,طلب ترخيص,مكتب خدمة العملاء,مقبول ومنفذ,7.0,4.0,نعم
MKC-2027787,2024-06-10,2024-06-25,الكعكية,شكوى مركبات مهملة,شكوى,تطبيق بلدي,محول لجهة أخرى,15.0,,نعم
MKC-2026485,2024-06-10,2024-06-19,العزيزية,طلب صيانة حديقة/ملعب,طلب صيانة,تطبيق بلدي,مقبول ومنفذ,9.0,5.0,نعم
MKC-2024537,2024-06-10,2024-06-27,النوارية,ترخيص تجاري,طلب ترخيص,مكتب فرعي بالحي,مقبول ومنفذ,17.0,4.0,نعم
MKC-2028347,2024-06-10,2024-07-30,العزيزية,ترخيص بناء,طلب ترخيص,مكتب فرعي بالحي,مرفوض,50.0,,نعم
MKC-2024146,2024-06-10,2024-07-01,المسفلة,شكوى صرف صحي,شكوى,تطبيق بلدي,مغلق - تم الحل,21.0,4.0,نعم
MKC-2024883,2024-06-10,2024-06-26,جرول,شكوى صرف صحي,شكوى,تطبيق بلدي,مغلق - تم الحل,16.0,4.0,نعم
MKC-2024175,2024-06-10,2024-06-19,الرصيفة,شكوى إشغال طريق,شكوى,مكتب فرعي بالحي,محول لجهة أخرى,9.0,,نعم
MKC-2024682,2024-06-10,2024-06-15,الششة,تجديد رخصة تجارية,طلب ترخيص,المركز الموحد 940,مقبول ومنفذ,5.0,5.0,نعم
MKC-2028753,2024-06-11,2024-06-23,جرول,شكوى إشغال طريق,شكوى,مكتب فرعي بالحي,مرفوض,12.0,,نعم
MKC-2028351,2024-06-11,,الكعكية,شكوى إنارة شوارع,شكوى,مكتب خدمة العملاء,قيد المعالجة,,,نعم
MKC-2024173,2024-06-11,2024-06-20,الششة,تجديد رخصة تجارية,طلب ترخيص,تطبيق بلدي,مقبول ومنفذ,9.0,4.0,نعم
MKC-2024547,2024-06-11,2024-06-20,الكعكية,شكوى نظافة عامة,شكوى,المركز الموحد 940,مرفوض,9.0,,نعم
MKC-2028254,2024-06-11,2024-06-23,بطحاء قريش,شكوى نظافة عامة,شكوى,المركز الموحد 940,مغلق - تم الحل,12.0,2.0,نعم
MKC-2024180,2024-06-11,2024-07-17,العتيبية,شكوى مخالفة بناء,شكوى,تطبيق بلدي,محول لجهة أخرى,36.0,,نعم
MKC-2028579,2024-06-11,2024-07-29,العزيزية,ترخيص بناء,طلب ترخيص,تطبيق بلدي,مرفوض,48.0,,نعم
MKC-2028535,2024-06-11,2024-06-20,النوارية,شكوى مخالفة بناء,شكوى,تطبيق بلدي,مغلق - تم الحل,9.0,4.0,نعم
MKC-2027205,2024-06-11,2024-06-17,النوارية,ترخيص لافتات إعلانية,طلب ترخيص,المركز الموحد 940,مقبول ومنفذ,6.0,4.0,نعم
MKC-2028112,2024-06-11,2024-06-14,النوارية,شكوى باعة متجولين,شكوى,تطبيق بلدي,مقبول ومنفذ,3.0,5.0,نعم
MKC-2025266,2024-06-11,2024-06-27,العتيبية,شكوى إنارة شوارع,شكوى,تطبيق بلدي,قيد المعالجة,16.0,,نعم
MKC-2023688,2024-06-11,2024-06-27,أجياد,ترخيص لافتات إعلانية,طلب ترخيص,المركز الموحد 940,مقبول ومنفذ,16.0,4.0,نعم
MKC-2026753,2024-06-11,2024-06-23,أجياد,شكوى نظافة عامة,شكوى,المركز الموحد 940,محول لجهة أخرى,12.0,,نعم
MKC-2026694,2024-06-11,2024-06-16,أجياد,شكوى صرف صحي,شكوى,المركز الموحد 940,مرفوض,5.0,,نعم
MKC-2028198,2024-06-11,2024-07-25,النوارية,ترخيص تجاري,طلب ترخيص,حساب X (تويتر),مقبول ومنفذ,44.0,2.0,نعم
MKC-2026009,2024-06-11,2024-06-25,الشوقية,تجديد رخصة تجارية,طلب ترخيص,حساب X (تويتر),قيد المعالجة,14.0,,نعم
MKC-2027041,2024-06-11,,الهجرة,شكوى مخالفة بناء,شكوى,المركز الموحد 940,قيد المعالجة,,,نعم
MKC-2025603,2024-06-11,2024-07-01,الكعكية,شكوى مركبات مهملة,شكوى,المركز الموحد 940,مغلق - تم الحل,20.0,4.0,نعم
MKC-2023894,2024-06-11,2024-06-15,الكعكية,شكوى باعة متجولين,شكوى,تطبيق بلدي,محول لجهة أخرى,4.0,,نعم
MKC-2023991,2024-06-11,2024-06-29,الزاهر,تجديد رخصة تجارية,طلب ترخيص,تطبيق بلدي,مقبول ومنفذ,18.0,4.0,نعم
MKC-2025402,2024-06-11,2024-06-24,الششة,شكوى إنارة شوارع,شكوى,حساب X (تويتر),مقبول ومنفذ,13.0,4.0,نعم
MKC-2025572,2024-06-11,2024-06-17,العتيبية,شكوى صرف صحي,شكوى,المركز الموحد 940,مرفوض,6.0,,نعم
MKC-2026464,2024-06-11,2024-06-24,العتيبية,شكوى صرف صحي,شكوى,تطبيق بلدي,محول لجهة أخرى,13.0,,نعم
MKC-2024302,2024-06-12,2024-06-19,النسيم,شكوى باعة متجولين,شكوى,مكتب فرعي بالحي,محول لجهة أخرى,7.0,,نعم
MKC-2028976,2024-06-12,2024-06-23,الحجون,شكوى نظافة عامة,شكوى,المركز الموحد 940,محول لجهة أخرى,11.0,,نعم
MKC-2027566,2024-06-12,,جرول,شكوى باعة متجولين,شكوى,المركز الموحد 940,قيد المعالجة,,,نعم
MKC-2024640,2024-06-12,2024-06-30,الكعكية,شكوى إنارة شوارع,شكوى,تطبيق بلدي,مغلق - تم الحل,18.0,4.0,نعم
MKC-2028809,2024-06-12,2024-07-18,جرول,ترخيص بناء,طلب ترخيص,تطبيق بلدي,مقبول ومنفذ,36.0,5.0,نعم
MKC-2025391,2024-06-12,2024-06-15,الهجرة,شكوى باعة متجولين,شكوى,مكتب خدمة العملاء,محول لجهة أخرى,3.0,,نعم
MKC-2026713,2024-06-12,2024-06-24,العزيزية,شكوى إشغال طريق,شكوى,تطبيق بلدي,محول لجهة أخرى,12.0,,نعم
MKC-2027508,2024-06-12,2024-06-19,الشوقية,طلب صيانة حديقة/ملعب,طلب صيانة,تطبيق بلدي,مقبول ومنفذ,7.0,4.0,نعم
MKC-2025774,2024-06-12,2024-06-22,بطحاء قريش,شكوى مركبات مهملة,شكوى,مكتب خدمة العملاء,مغلق - تم الحل,10.0,4.0,نعم
MKC-2028275,2024-06-12,2024-07-02,الرصيفة,ترخيص تجاري,طلب ترخيص,المركز الموحد 940,مقبول ومنفذ,20.0,2.0,نعم
MKC-2028678,2024-06-12,2024-08-06,العتيبية,ترخيص بناء,طلب ترخيص,مكتب خدمة العملاء,مقبول ومنفذ,55.0,1.0,نعم
MKC-2023548,2024-06-12,2024-07-02,النوارية,شكوى مركبات مهملة,شكوى,تطبيق بلدي,مغلق - تم الحل,20.0,3.0,نعم
MKC-2024995,2024-06-12,2024-07-12,العزيزية,ترخيص بناء,طلب ترخيص,مكتب خدمة العملاء,مقبول ومنفذ,30.0,4.0,نعم
MKC-2024853,2024-06-12,,الزاهر,شكوى صرف صحي,شكوى,تطبيق بلدي,قيد المعالجة,,,نعم
MKC-2025272,2024-06-12,2024-06-17,الششة,شكوى نظافة عامة,شكوى,حساب X (تويتر),مقبول ومنفذ,5.0,5.0,نعم
MKC-2026645,2024-06-12,2024-06-25,الحجون,شكوى صرف صحي,شكوى,حساب X (تويتر),محول لجهة أخرى,13.0,,نعم
MKC-2024256,2024-06-12,,الرصيفة,شكوى باعة متجولين,شكوى,المركز الموحد 940,قيد المعالجة,,,نعم
MKC-2025439,2024-06-12,2024-06-29,الزاهر,شكوى إشغال طريق,شكوى,المركز الموحد 940,مغلق - تم الحل,17.0,5.0,نعم
MKC-2026296,2024-06-12,,المسفلة,ترخيص تجاري,طلب ترخيص,مكتب فرعي بالحي,قيد المعالجة,,,نعم
MKC-2026515,2024-06-12,2024-07-22,النوارية,شكوى مخالفة بناء,شكوى,المركز الموحد 940,مغلق - تم الحل,40.0,3.0,نعم
MKC-2025854,2024-06-13,2024-06-18,الششة,شكوى إشغال طريق,شكوى,تطبيق بلدي,محول لجهة أخرى,5.0,,نعم
MKC-2026729,2024-06-13,,الشرائع,شكوى إشغال طريق,شكوى,تطبيق بلدي,قيد المعالجة,,,نعم
MKC-2026778,2024-06-13,2024-07-03,النوارية,طلب صيانة حديقة/ملعب,طلب صيانة,تطبيق بلدي,محول لجهة أخرى,20.0,,نعم
MKC-2027397,2024-06-13,2024-06-18,الحجون,شكوى إشغال طريق,شكوى,مكتب خدمة العملاء,محول لجهة أخرى,5.0,,نعم
MKC-2028703,2024-06-13,2024-06-16,الشوقية,شكوى نظافة عامة,شكوى,المركز الموحد 940,محول لجهة أخرى,3.0,,نعم
MKC-2024210,2024-06-13,2024-07-06,العزيزية,ترخيص بناء,طلب ترخيص,تطبيق بلدي,مقبول ومنفذ,23.0,3.0,نعم
MKC-2023116,2024-06-13,2024-06-30,النسيم,ترخيص تجاري,طلب ترخيص,المركز الموحد 940,مقبول ومنفذ,17.0,4.0,نعم
MKC-2026711,2024-06-13,2024-07-08,العتيبية,شكوى إنارة شوارع,شكوى,المركز الموحد 940,محول لجهة أخرى,25.0,,نعم
MKC-2025131,2024-06-13,2024-06-19,الشرائع,شكوى نظافة عامة,شكوى,المركز الموحد 940,مرفوض,6.0,,نعم
MKC-2027930,2024-06-13,2024-06-24,أجياد,شكوى نظافة عامة,شكوى,تطبيق بلدي,مغلق - تم الحل,11.0,3.0,نعم
MKC-2026497,2024-06-13,2024-07-09,النسيم,شكوى مخالفة بناء,شكوى,المركز الموحد 940,مغلق - تم الحل,26.0,5.0,نعم
MKC-2026447,2024-06-13,2024-06-29,الرصيفة,طلب صيانة حديقة/ملعب,طلب صيانة,مكتب فرعي بالحي,مرفوض,16.0,,نعم
MKC-2023836,2024-06-13,2024-07-11,الهجرة,طلب صيانة حديقة/ملعب,طلب صيانة,تطبيق بلدي,مرفوض,28.0,,نعم
MKC-2027269,2024-06-13,2024-06-18,العزيزية,شكوى إنارة شوارع,شكوى,مكتب خدمة العملاء,مغلق - تم الحل,5.0,4.0,نعم
MKC-2028091,2024-06-13,2024-06-21,الكعكية,طلب صيانة حديقة/ملعب,طلب صيانة,حساب X (تويتر),قيد المعالجة,8.0,,نعم
MKC-2027799,2024-06-13,2024-07-09,أجياد,شكوى مخالفة بناء,شكوى,تطبيق بلدي,مغلق - تم الحل,26.0,4.0,نعم
MKC-2023020,2024-06-13,2024-07-06,الشرائع,ترخيص تجاري,طلب ترخيص,تطبيق بلدي,مقبول ومنفذ,23.0,4.0,نعم
MKC-2025301,2024-06-13,2024-07-17,النوارية,ترخيص تجاري,طلب ترخيص,تطبيق بلدي,مقبول ومنفذ,34.0,1.0,نعم
MKC-2025429,2024-06-13,2024-06-22,الششة,شكوى إنارة شوارع,شكوى,تطبيق بلدي,مغلق - تم الحل,9.0,4.0,نعم
MKC-2024891,2024-06-13,2024-06-25,بطحاء قريش,شكوى إنارة شوارع,شكوى,حساب X (تويتر),مغلق - تم الحل,12.0,4.0,نعم
MKC-2026200,2024-06-14,2024-06-20,العزيزية,تجديد رخصة تجارية,طلب ترخيص,تطبيق بلدي,مقبول ومنفذ,6.0,4.0,نعم
MKC-2026222,2024-06-14,2024-06-17,العزيزية,شكوى إشغال طريق,شكوى,تطبيق بلدي,مغلق - تم الحل,3.0,5.0,نعم
MKC-2024523,2024-06-14,2024-07-29,الزاهر,شكوى مخالفة بناء,شكوى,المركز الموحد 940,قيد المعالجة,45.0,,نعم
MKC-2026012,2024-06-14,2024-07-19,الجميزة,ترخيص تجاري,طلب ترخيص,حساب X (تويتر),محول لجهة أخرى,35.0,,نعم
MKC-2025641,2024-06-14,2024-06-30,جرول,تجديد رخصة تجارية,طلب ترخيص,حساب X (تويتر),مقبول ومنفذ,16.0,3.0,نعم
MKC-2023601,2024-06-14,2024-06-23,العزيزية,شكوى إشغال طريق,شكوى,حساب X (تويتر),مرفوض,9.0,,نعم
MKC-2023006,2024-06-14,2024-06-19,العزيزية,شكوى باعة متجولين,شكوى,مكتب فرعي بالحي,مغلق - تم الحل,5.0,4.0,نعم
MKC-2028802,2024-06-14,2024-08-01,الكعكية,شكوى مخالفة بناء,شكوى,مكتب خدمة العملاء,محول لجهة أخرى,48.0,,نعم
MKC-2024849,2024-06-14,2024-06-16,جرول,شكوى إشغال طريق,شكوى,المركز الموحد 940,محول لجهة أخرى,2.0,,نعم
MKC-2026135,2024-06-14,2024-07-26,الرصيفة,ترخيص تجاري,طلب ترخيص,مكتب فرعي بالحي,مقبول ومنفذ,42.0,3.0,نعم
MKC-2024816,2024-06-14,2024-06-23,الكعكية,شكوى صرف صحي,شكوى,مكتب خدمة العملاء,مقبول ومنفذ,9.0,4.0,نعم
MKC-2026570,2024-06-14,2024-06-24,الرصيفة,شكوى نظافة عامة,شكوى,المركز الموحد 940,مغلق - تم الحل,10.0,5.0,نعم
MKC-2027682,2024-06-14,2024-07-06,الزاهر,شكوى مخالفة بناء,شكوى,تطبيق بلدي,مغلق - تم الحل,22.0,3.0,نعم
MKC-2026103,2024-06-14,2024-06-28,الرصيفة,شكوى مركبات مهملة,شكوى,تطبيق بلدي,مغلق - تم الحل,14.0,4.0,نعم
MKC-2028752,2024-06-14,2024-06-22,العزيزية,تجديد رخصة تجارية,طلب ترخيص,مكتب خدمة العملاء,مرفوض,8.0,,نعم
MKC-2024672,2024-06-14,2024-07-16,جرول,ترخيص تجاري,طلب ترخيص,تطبيق بلدي,مقبول ومنفذ,32.0,4.0,نعم
MKC-2023933,2024-06-14,2024-06-18,النسيم,شكوى إشغال طريق,شكوى,تطبيق بلدي,محول لجهة أخرى,4.0,,نعم
MKC-2026084,2024-06-14,2024-07-05,النوارية,ترخيص تجاري,طلب ترخيص,حساب X (تويتر),مقبول ومنفذ,21.0,3.0,نعم
MKC-2027391,2024-06-14,2024-06-20,العتيبية,شكوى نظافة عامة,شكوى,تطبيق بلدي,مغلق - تم الحل,6.0,4.0,نعم
MKC-2025385,2024-06-15,2024-07-22,الرصيفة,طلب صيانة حديقة/ملعب,طلب صيانة,تطبيق بلدي,مقبول ومنفذ,37.0,4.0,نعم
MKC-2027518,2024-06-15,,بطحاء قريش,طلب صيانة حديقة/ملعب,طلب صيانة,مكتب خدمة العملاء,قيد المعالجة,,,نعم
MKC-2025287,2024-06-15,2024-06-21,بطحاء قريش,شكوى إشغال طريق,شكوى,تطبيق بلدي,مغلق - تم الحل,6.0,4.0,نعم
MKC-2025138,2024-06-15,2024-07-09,العتيبية,طلب صيانة حديقة/ملعب,طلب صيانة,مكتب خدمة العملاء,مرفوض,24.0,,نعم
MKC-2025743,2024-06-15,2024-06-20,الزاهر,شكوى باعة متجولين,شكوى,تطبيق بلدي,محول لجهة أخرى,5.0,,نعم
MKC-2026042,2024-06-15,2024-06-27,الرصيفة,شكوى صرف صحي,شكوى,مكتب خدمة العملاء,مغلق - تم الحل,12.0,5.0,نعم
MKC-2024087,2024-06-15,2024-07-28,النسيم,ترخيص تجاري,طلب ترخيص,المركز الموحد 940,محول لجهة أخرى,43.0,,نعم
MKC-2023566,2024-06-15,2024-06-25,الزاهر,تجديد رخصة تجارية,طلب ترخيص,مكتب خدمة العملاء,مقبول ومنفذ,10.0,4.0,نعم
MKC-2028720,2024-06-15,2024-07-13,العتيبية,ترخيص لافتات إعلانية,طلب ترخيص,تطبيق بلدي,مقبول ومنفذ,28.0,3.0,نعم
MKC-2027091,2024-06-15,2024-06-21,الشرائع,شكوى باعة متجولين,شكوى,تطبيق بلدي,مغلق - تم الحل,6.0,4.0,نعم
MKC-2023910,2024-06-15,2024-06-20,الهجرة,شكوى نظافة عامة,شكوى,المركز الموحد 940,مغلق - تم الحل,5.0,4.0,نعم
MKC-2025039,2024-06-15,2024-06-18,العتيبية,شكوى إنارة شوارع,شكوى,مكتب خدمة العملاء,مغلق - تم الحل,3.0,4.0,نعم
MKC-2023356,2024-06-15,2024-06-25,الحجون,شكوى إنارة شوارع,شكوى,المركز الموحد 940,مغلق - تم الحل,10.0,3.0,نعم
MKC-2024086,2024-06-15,2024-06-26,الهجرة,شكوى مخالفة بناء,شكوى,تطبيق بلدي,مغلق - تم الحل,11.0,3.0,نعم
MKC-2025317,2024-06-15,2024-06-20,المسفلة,تجديد رخصة تجارية,طلب ترخيص,المركز الموحد 940,مغلق - تم الحل,5.0,4.0,نعم
MKC-2024952,2024-06-15,2024-08-04,جرول,ترخيص تجاري,طلب ترخيص,مكتب خدمة العملاء,مقبول ومنفذ,50.0,3.0,نعم
MKC-2028294,2024-06-15,2024-08-28,العزيزية,ترخيص بناء,طلب ترخيص,تطبيق بلدي,مقبول ومنفذ,74.0,3.0,نعم
MKC-2023370,2024-06-15,2024-06-25,المسفلة,تجديد رخصة تجارية,طلب ترخيص,تطبيق بلدي,مرفوض,10.0,,نعم
MKC-2024555,2024-06-15,2024-06-18,الشرائع,شكوى نظافة عامة,شكوى,تطبيق بلدي,مغلق - تم الحل,3.0,3.0,نعم
MKC-2026267,2024-06-15,2024-06-26,الرصيفة,طلب صيانة حديقة/ملعب,طلب صيانة,تطبيق بلدي,مقبول ومنفذ,11.0,5.0,نعم
MKC-2028039,2024-06-15,2024-06-18,العزيزية,شكوى نظافة عامة,شكوى,تطبيق بلدي,مغلق - تم الحل,3.0,4.0,نعم
MKC-2023063,2024-06-15,2024-07-01,أجياد,شكوى إشغال طريق,شكوى,مكتب فرعي بالحي,مغلق - تم الحل,16.0,3.0,نعم
MKC-2024790,2024-06-15,2024-06-20,الشوقية,شكوى صرف صحي,شكوى,تطبيق بلدي,قيد المعالجة,5.0,,نعم
MKC-2025142,2024-06-16,2024-06-29,الجميزة,شكوى إشغال طريق,شكوى,المركز الموحد 940,مغلق - تم الحل,13.0,3.0,نعم
MKC-2027114,2024-06-16,2024-06-20,أجياد,شكوى نظافة عامة,شكوى,تطبيق بلدي,محول لجهة أخرى,4.0,,نعم
MKC-2025848,2024-06-16,2024-06-19,بطحاء قريش,شكوى إشغال طريق,شكوى,تطبيق بلدي,مغلق - تم الحل,3.0,4.0,نعم
MKC-2026519,2024-06-16,2024-06-26,الكعكية,شكوى إشغال طريق,شكوى,مكتب خدمة العملاء,محول لجهة أخرى,10.0,,نعم
MKC-2026580,2024-06-16,2024-07-10,أجياد,ترخيص بناء,طلب ترخيص,المركز الموحد 940,مرفوض,24.0,,نعم
MKC-2027346,2024-06-16,2024-06-28,جرول,شكوى نظافة عامة,شكوى,مكتب فرعي بالحي,مغلق - تم الحل,12.0,3.0,نعم
MKC-2028117,2024-06-16,2024-07-16,أجياد,ترخيص تجاري,طلب ترخيص,تطبيق بلدي,مقبول ومنفذ,30.0,4.0,نعم
MKC-2025590,2024-06-16,2024-07-02,جرول,ترخيص بناء,طلب ترخيص,المركز الموحد 940,مقبول ومنفذ,16.0,4.0,نعم
MKC-2025422,2024-06-16,2024-06-19,أجياد,شكوى إشغال طريق,شكوى,تطبيق بلدي,مغلق - تم الحل,3.0,5.0,نعم
MKC-2028330,2024-06-16,2024-06-28,العتيبية,شكوى نظافة عامة,شكوى,المركز الموحد 940,مغلق - تم الحل,12.0,4.0,نعم
MKC-2028002,2024-06-16,2024-06-19,العزيزية,شكوى نظافة عامة,شكوى,مكتب خدمة العملاء,مرفوض,3.0,,نعم
MKC-2024838,2024-06-17,2024-07-25,العزيزية,طلب صيانة حديقة/ملعب,طلب صيانة,مكتب خدمة العملاء,محول لجهة أخرى,38.0,,نعم
MKC-2024715,2024-06-17,2024-06-25,الرصيفة,شكوى مخالفة بناء,شكوى,تطبيق بلدي,محول لجهة أخرى,8.0,,نعم
MKC-2027556,2024-06-17,2024-07-04,جرول,شكوى مركبات مهملة,شكوى,حساب X (تويتر),محول لجهة أخرى,17.0,,نعم
MKC-2026820,2024-06-17,2024-07-02,الشوقية,ترخيص تجاري,طلب ترخيص,مكتب خدمة العملاء,مقبول ومنفذ,15.0,5.0,نعم
MKC-2027585,2024-06-17,2024-07-16,الزاهر,شكوى مخالفة بناء,شكوى,مكتب خدمة العملاء,مغلق - تم الحل,29.0,3.0,نعم
MKC-2023159,2024-06-17,2024-06-21,المسفلة,شكوى نظافة عامة,شكوى,مكتب خدمة العملاء,مغلق - تم الحل,4.0,5.0,نعم
MKC-2023573,2024-06-17,2024-06-25,جرول,تجديد رخصة تجارية,طلب ترخيص,مكتب خدمة العملاء,قيد المعالجة,8.0,,نعم
MKC-2028688,2024-06-17,2024-07-28,جرول,ترخيص تجاري,طلب ترخيص,المركز الموحد 940,مقبول ومنفذ,41.0,3.0,نعم
MKC-2028627,2024-06-17,2024-06-22,الهجرة,شكوى نظافة عامة,شكوى,مكتب خدمة العملاء,مغلق - تم الحل,5.0,3.0,نعم
MKC-2025148,2024-06-17,2024-07-29,الشوقية,ترخيص تجاري,طلب ترخيص,تطبيق بلدي,مرفوض,42.0,,نعم
MKC-2027530,2024-06-17,2024-06-23,المسفلة,ترخيص لافتات إعلانية,طلب ترخيص,تطبيق بلدي,قيد المعالجة,6.0,,نعم
MKC-2025799,2024-06-17,2024-06-20,بطحاء قريش,شكوى نظافة عامة,شكوى,حساب X (تويتر),محول لجهة أخرى,3.0,,نعم
MKC-2025152,2024-06-17,2024-07-04,العزيزية,تجديد رخصة تجارية,طلب ترخيص,حساب X (تويتر),مقبول ومنفذ,17.0,4.0,نعم
MKC-2027499,2024-06-17,2024-06-29,العزيزية,ترخيص تجاري,طلب ترخيص,مكتب خدمة العملاء,مغلق - تم الحل,12.0,4.0,نعم
MKC-2027522,2024-06-18,2024-08-06,بطحاء قريش,ترخيص بناء,طلب ترخيص,تطبيق بلدي,مقبول ومنفذ,49.0,2.0,نعم
MKC-2028794,2024-06-18,2024-06-22,العزيزية,شكوى نظافة عامة,شكوى,تطبيق بلدي,مغلق - تم الحل,4.0,3.0,نعم
MKC-2025613,2024-06-18,2024-06-24,العزيزية,شكوى نظافة عامة,شكوى,مكتب فرعي بالحي,مقبول ومنفذ,6.0,3.0,نعم
MKC-2024612,2024-06-18,2024-06-28,الششة,شكوى إشغال طريق,شكوى,تطبيق بلدي,محول لجهة أخرى,10.0,,نعم
MKC-2023934,2024-06-18,2024-06-26,الجميزة,شكوى نظافة عامة,شكوى,تطبيق بلدي,مرفوض,8.0,,نعم
MKC-2023778,2024-06-18,2024-06-20,النوارية,شكوى إشغال طريق,شكوى,مكتب خدمة العملاء,مغلق - تم الحل,2.0,4.0,نعم
MKC-2027233,2024-06-18,2024-06-23,النوارية,شكوى نظافة عامة,شكوى,المركز الموحد 940,محول لجهة أخرى,5.0,,نعم
MKC-2025486,2024-06-18,2024-07-09,العزيزية,شكوى إنارة شوارع,شكوى,مكتب خدمة العملاء,مغلق - تم الحل,21.0,5.0,نعم
MKC-2028710,2024-06-18,2024-07-01,النوارية,تجديد رخصة تجارية,طلب ترخيص,المركز الموحد 940,مقبول ومنفذ,13.0,5.0,نعم
MKC-2028966,2024-06-18,,المسفلة,شكوى نظافة عامة,شكوى,تطبيق بلدي,قيد المعالجة,,,نعم
MKC-2023431,2024-06-18,2024-07-01,أجياد,شكوى إشغال طريق,شكوى,المركز الموحد 940,قيد المعالجة,13.0,,نعم
MKC-2025251,2024-06-18,2024-08-17,النوارية,ترخيص بناء,طلب ترخيص,تطبيق بلدي,مقبول ومنفذ,60.0,2.0,نعم
MKC-2024460,2024-06-18,2024-07-27,الرصيفة,ترخيص بناء,طلب ترخيص,مكتب فرعي بالحي,مرفوض,39.0,,نعم
MKC-2023528,2024-06-18,2024-07-02,النوارية,ترخيص تجاري,طلب ترخيص,حساب X (تويتر),مقبول ومنفذ,14.0,4.0,نعم
MKC-2027112,2024-06-18,2024-07-12,العزيزية,ترخيص تجاري,طلب ترخيص,مكتب خدمة العملاء,مقبول ومنفذ,24.0,4.0,نعم
MKC-2023184,2024-06-18,2024-06-23,المسفلة,شكوى باعة متجولين,شكوى,تطبيق بلدي,مغلق - تم الحل,5.0,3.0,نعم
MKC-2028411,2024-06-19,2024-07-31,الهجرة,ترخيص تجاري,طلب ترخيص,مكتب خدمة العملاء,مقبول ومنفذ,42.0,4.0,نعم
MKC-2028335,2024-06-19,2024-07-02,النوارية,تجديد رخصة تجارية,طلب ترخيص,تطبيق بلدي,مقبول ومنفذ,13.0,4.0,نعم
MKC-2027699,2024-06-19,2024-07-23,الشوقية,ترخيص تجاري,طلب ترخيص,تطبيق بلدي,مقبول ومنفذ,34.0,2.0,نعم
MKC-2027863,2024-06-19,2024-07-07,العزيزية,شكوى إنارة شوارع,شكوى,المركز الموحد 940,مغلق - تم الحل,18.0,4.0,نعم
MKC-2028006,2024-06-19,2024-06-26,العتيبية,شكوى باعة متجولين,شكوى,مكتب فرعي بالحي,محول لجهة أخرى,7.0,,نعم
MKC-2027849,2024-06-19,2024-07-12,الهجرة,شكوى إنارة شوارع,شكوى,حساب X (تويتر),مغلق - تم الحل,23.0,3.0,نعم
MKC-2023000,2024-06-19,2024-07-01,الكعكية,ترخيص تجاري,طلب ترخيص,المركز الموحد 940,مرفوض,12.0,,نعم
MKC-2023638,2024-06-19,2024-06-21,العزيزية,شكوى صرف صحي,شكوى,المركز الموحد 940,مغلق - تم الحل,2.0,4.0,نعم
MKC-2026005,2024-06-19,2024-06-26,النوارية,شكوى مخالفة بناء,شكوى,تطبيق بلدي,مرفوض,7.0,,نعم
MKC-2024611,2024-06-19,2024-06-27,جرول,تجديد رخصة تجارية,طلب ترخيص,مكتب خدمة العملاء,محول لجهة أخرى,8.0,,نعم
MKC-2027415,2024-06-19,2024-07-02,جرول,شكوى نظافة عامة,شكوى,تطبيق بلدي,محول لجهة أخرى,13.0,,نعم
MKC-2024330,2024-06-19,2024-07-26,الشوقية,ترخيص تجاري,طلب ترخيص,تطبيق بلدي,مقبول ومنفذ,37.0,2.0,نعم
MKC-2024771,2024-06-19,,الهجرة,شكوى باعة متجولين,شكوى,مكتب فرعي بالحي,قيد المعالجة,,,نعم
MKC-2026348,2024-06-19,,العتيبية,ترخيص تجاري,طلب ترخيص,تطبيق بلدي,قيد المعالجة,,,نعم
MKC-2025137,2024-06-19,2024-07-04,الجميزة,ترخيص لافتات إعلانية,طلب ترخيص,تطبيق بلدي,مغلق - تم الحل,15.0,4.0,نعم
MKC-2024159,2024-06-19,2024-07-06,الجميزة,طلب صيانة حديقة/ملعب,طلب صيانة,المركز الموحد 940,محول لجهة أخرى,17.0,,نعم
MKC-2024105,2024-06-19,,النوارية,طلب صيانة حديقة/ملعب,طلب صيانة,تطبيق بلدي,قيد المعالجة,,,نعم
MKC-2023366,2024-06-19,2024-07-02,الهجرة,تجديد رخصة تجارية,طلب ترخيص,تطبيق بلدي,مقبول ومنفذ,13.0,4.0,نعم
MKC-2027486,2024-06-19,2024-06-21,أجياد,شكوى إشغال طريق,شكوى,تطبيق بلدي,مغلق - تم الحل,2.0,5.0,نعم
MKC-2028895,2024-06-20,2024-07-05,جرول,شكوى صرف صحي,شكوى,مكتب فرعي بالحي,محول لجهة أخرى,15.0,,نعم
MKC-2023417,2024-06-20,2024-06-27,أجياد,شكوى باعة متجولين,شكوى,تطبيق بلدي,مغلق - تم الحل,7.0,4.0,نعم
MKC-2028385,2024-06-20,2024-07-03,المسفلة,شكوى صرف صحي,شكوى,المركز الموحد 940,محول لجهة أخرى,13.0,,نعم
MKC-2027399,2024-06-20,2024-07-09,العزيزية,شكوى مخالفة بناء,شكوى,المركز الموحد 940,محول لجهة أخرى,19.0,,نعم
MKC-2023300,2024-06-20,2024-07-06,العزيزية,شكوى إشغال طريق,شكوى,تطبيق بلدي,مغلق - تم الحل,16.0,3.0,نعم
MKC-2027742,2024-06-20,2024-07-20,العزيزية,شكوى مركبات مهملة,شكوى,تطبيق بلدي,مغلق - تم الحل,30.0,3.0,نعم
MKC-2026138,2024-06-20,2024-07-13,النوارية,ترخيص بناء,طلب ترخيص,مكتب خدمة العملاء,مقبول ومنفذ,23.0,4.0,نعم
MKC-2023620,2024-06-20,2024-07-04,الحجون,شكوى مخالفة بناء,شكوى,تطبيق بلدي,مغلق - تم الحل,14.0,4.0,نعم
MKC-2028917,2024-06-20,2024-06-30,أجياد,شكوى نظافة عامة,شكوى,تطبيق بلدي,محول لجهة أخرى,10.0,,نعم
MKC-2024932,2024-06-20,2024-06-29,الزاهر,ترخيص تجاري,طلب ترخيص,تطبيق بلدي,مقبول ومنفذ,9.0,4.0,نعم
MKC-2025951,2024-06-20,2024-07-24,الكعكية,شكوى مركبات مهملة,شكوى,مكتب فرعي بالحي,مغلق - تم الحل,34.0,3.0,نعم
MKC-2023024,2024-06-20,2024-07-01,المسفلة,شكوى إنارة شوارع,شكوى,المركز الموحد 940,محول لجهة أخرى,11.0,,نعم
MKC-2024047,2024-06-20,2024-07-08,بطحاء قريش,طلب صيانة حديقة/ملعب,طلب صيانة,مكتب خدمة العملاء,محول لجهة أخرى,18.0,,نعم
MKC-2023104,2024-06-20,2024-06-27,الزاهر,شكوى باعة متجولين,شكوى,المركز الموحد 940,محول لجهة أخرى,7.0,,نعم
MKC-2023956,2024-06-20,2024-06-23,أجياد,شكوى باعة متجولين,شكوى,مكتب خدمة العملاء,مغلق - تم الحل,3.0,4.0,نعم
MKC-2023200,2024-06-20,,بطحاء قريش,تجديد رخصة تجارية,طلب ترخيص,تطبيق بلدي,قيد المعالجة,,,نعم
MKC-2026797,2024-06-20,2024-06-22,جرول,شكوى إشغال طريق,شكوى,تطبيق بلدي,محول لجهة أخرى,2.0,,نعم
MKC-2023055,2024-06-21,2024-07-19,النوارية,طلب صيانة حديقة/ملعب,طلب صيانة,مكتب خدمة العملاء,مقبول ومنفذ,28.0,3.0,نعم
MKC-2024674,2024-06-21,2024-07-02,النسيم,شكوى إنارة شوارع,شكوى,تطبيق بلدي,محول لجهة أخرى,11.0,,نعم
MKC-2023402,2024-06-21,2024-07-18,النسيم,شكوى مركبات مهملة,شكوى,حساب X (تويتر),مقبول ومنفذ,27.0,2.0,نعم
MKC-2023605,2024-06-21,2024-06-26,النسيم,شكوى باعة متجولين,شكوى,تطبيق بلدي,مغلق - تم الحل,5.0,5.0,نعم
MKC-2023382,2024-06-21,2024-07-09,الشرائع,شكوى مخالفة بناء,شكوى,تطبيق بلدي,مغلق - تم الحل,18.0,3.0,نعم
MKC-2025536,2024-06-21,2024-06-23,الزاهر,شكوى صرف صحي,شكوى,تطبيق بلدي,محول لجهة أخرى,2.0,,نعم
MKC-2024428,2024-06-21,2024-06-28,أجياد,شكوى نظافة عامة,شكوى,المركز الموحد 940,مغلق - تم الحل,7.0,3.0,نعم
MKC-2026083,2024-06-21,2024-06-27,العتيبية,شكوى نظافة عامة,شكوى,حساب X (تويتر),محول لجهة أخرى,6.0,,نعم
MKC-2026588,2024-06-21,2024-06-25,الكعكية,شكوى باعة متجولين,شكوى,مكتب فرعي بالحي,محول لجهة أخرى,4.0,,نعم
MKC-2024739,2024-06-21,2024-06-27,الشرائع,شكوى باعة متجولين,شكوى,المركز الموحد 940,محول لجهة أخرى,6.0,,نعم
MKC-2023298,2024-06-21,2024-07-17,الكعكية,ترخيص تجاري,طلب ترخيص,مكتب فرعي بالحي,مقبول ومنفذ,26.0,3.0,نعم
MKC-2024493,2024-06-21,2024-07-26,الشرائع,ترخيص بناء,طلب ترخيص,مكتب فرعي بالحي,قيد المعالجة,35.0,,نعم
MKC-2023748,2024-06-21,2024-08-05,جرول,شكوى مخالفة بناء,شكوى,حساب X (تويتر),مغلق - تم الحل,45.0,3.0,نعم
MKC-2023862,2024-06-22,2024-06-25,الحجون,شكوى باعة متجولين,شكوى,المركز الموحد 940,مقبول ومنفذ,3.0,4.0,نعم
MKC-2023707,2024-06-22,2024-06-29,أجياد,شكوى صرف صحي,شكوى,حساب X (تويتر),مرفوض,7.0,,نعم
MKC-2023458,2024-06-22,2024-06-30,العتيبية,شكوى إشغال طريق,شكوى,المركز الموحد 940,مغلق - تم الحل,8.0,5.0,نعم
MKC-2024662,2024-06-22,2024-06-29,أجياد,ترخيص لافتات إعلانية,طلب ترخيص,تطبيق بلدي,مقبول ومنفذ,7.0,3.0,نعم
MKC-2026455,2024-06-22,2024-07-06,الزاهر,شكوى مركبات مهملة,شكوى,المركز الموحد 940,مقبول ومنفذ,14.0,3.0,نعم
MKC-2028642,2024-06-22,2024-06-29,المسفلة,شكوى إشغال طريق,شكوى,تطبيق بلدي,محول لجهة أخرى,7.0,,نعم
MKC-2027240,2024-06-22,2024-07-12,الرصيفة,شكوى مركبات مهملة,شكوى,مكتب فرعي بالحي,مرفوض,20.0,,نعم
MKC-2025180,2024-06-22,2024-07-10,الكعكية,شكوى إشغال طريق,شكوى,تطبيق بلدي,مقبول ومنفذ,18.0,5.0,نعم
MKC-2025745,2024-06-22,2024-07-10,الزاهر,ترخيص تجاري,طلب ترخيص,مكتب فرعي بالحي,مقبول ومنفذ,18.0,4.0,نعم
MKC-2028367,2024-06-22,2024-07-31,الزاهر,ترخيص بناء,طلب ترخيص,مكتب خدمة العملاء,مقبول ومنفذ,39.0,4.0,نعم
MKC-2024536,2024-06-22,2024-07-29,العتيبية,ترخيص تجاري,طلب ترخيص,المركز الموحد 940,مرفوض,37.0,,نعم
MKC-2026053,2024-06-22,2024-07-02,الشوقية,تجديد رخصة تجارية,طلب ترخيص,تطبيق بلدي,مقبول ومنفذ,10.0,5.0,نعم
MKC-2025035,2024-06-22,2024-07-29,النسيم,ترخيص تجاري,طلب ترخيص,المركز الموحد 940,مقبول ومنفذ,37.0,3.0,نعم
MKC-2023344,2024-06-22,2024-06-28,الكعكية,شكوى نظافة عامة,شكوى,المركز الموحد 940,مغلق - تم الحل,6.0,4.0,نعم
MKC-2028086,2024-06-22,2024-07-13,العتيبية,ترخيص تجاري,طلب ترخيص,مكتب فرعي بالحي,مقبول ومنفذ,21.0,3.0,نعم
MKC-2023237,2024-06-22,2024-06-25,جرول,تجديد رخصة تجارية,طلب ترخيص,المركز الموحد 940,مرفوض,3.0,,نعم
MKC-2023138,2024-06-22,2024-06-28,أجياد,شكوى إشغال طريق,شكوى,مكتب خدمة العملاء,مقبول ومنفذ,6.0,4.0,نعم
MKC-2023079,2024-06-22,2024-07-25,الششة,طلب صيانة حديقة/ملعب,طلب صيانة,تطبيق بلدي,مقبول ومنفذ,33.0,2.0,نعم
MKC-2028382,2024-06-22,2024-07-01,الشوقية,شكوى مخالفة بناء,شكوى,المركز الموحد 940,مغلق - تم الحل,9.0,3.0,نعم
MKC-2027947,2024-06-22,2024-07-02,جرول,شكوى مركبات مهملة,شكوى,مكتب خدمة العملاء,مغلق - تم الحل,10.0,3.0,نعم
MKC-2025726,2024-06-22,2024-07-21,الشرائع,ترخيص بناء,طلب ترخيص,مكتب خدمة العملاء,محول لجهة أخرى,29.0,,نعم
MKC-2028286,2024-06-23,2024-07-29,العزيزية,ترخيص تجاري,طلب ترخيص,مكتب خدمة العملاء,مرفوض,36.0,,نعم
MKC-2027932,2024-06-23,2024-07-11,أجياد,ترخيص بناء,طلب ترخيص,المركز الموحد 940,مقبول ومنفذ,18.0,4.0,نعم
MKC-2023052,2024-06-23,2024-07-01,الرصيفة,شكوى نظافة عامة,شكوى,تطبيق بلدي,محول لجهة أخرى,8.0,,نعم
MKC-2028742,2024-06-23,2024-06-26,الجميزة,شكوى إنارة شوارع,شكوى,تطبيق بلدي,محول لجهة أخرى,3.0,,نعم
MKC-2024690,2024-06-23,2024-07-20,العتيبية,شكوى مخالفة بناء,شكوى,مكتب خدمة العملاء,محول لجهة أخرى,27.0,,نعم
MKC-2024323,2024-06-23,2024-07-10,الرصيفة,شكوى مركبات مهملة,شكوى,تطبيق بلدي,مغلق - تم الحل,17.0,3.0,نعم
MKC-2023007,2024-06-23,,الرصيفة,شكوى نظافة عامة,شكوى,المركز الموحد 940,قيد المعالجة,,,نعم
MKC-2024141,2024-06-23,2024-06-29,الشوقية,شكوى إشغال طريق,شكوى,مكتب فرعي بالحي,مغلق - تم الحل,6.0,5.0,نعم
MKC-2026417,2024-06-23,2024-07-08,الشوقية,تجديد رخصة تجارية,طلب ترخيص,المركز الموحد 940,محول لجهة أخرى,15.0,,نعم
MKC-2023494,2024-06-23,2024-06-28,العتيبية,شكوى نظافة عامة,شكوى,تطبيق بلدي,مقبول ومنفذ,5.0,4.0,نعم
MKC-2023714,2024-06-23,2024-07-26,العزيزية,ترخيص بناء,طلب ترخيص,تطبيق بلدي,مقبول ومنفذ,33.0,4.0,نعم
MKC-2028849,2024-06-23,2024-07-23,العزيزية,ترخيص بناء,طلب ترخيص,حساب X (تويتر),مقبول ومنفذ,30.0,2.0,نعم
MKC-2028508,2024-06-23,2024-07-16,النوارية,شكوى إنارة شوارع,شكوى,المركز الموحد 940,مغلق - تم الحل,23.0,3.0,نعم
MKC-2025840,2024-06-23,2024-07-12,الجميزة,شكوى صرف صحي,شكوى,تطبيق بلدي,مغلق - تم الحل,19.0,4.0,نعم
MKC-2028882,2024-06-23,2024-07-16,الشوقية,ترخيص تجاري,طلب ترخيص,مكتب فرعي بالحي,محول لجهة أخرى,23.0,,نعم
MKC-2028422,2024-06-23,2024-08-25,العزيزية,ترخيص بناء,طلب ترخيص,مكتب خدمة العملاء,مقبول ومنفذ,63.0,2.0,نعم
MKC-2027828,2024-06-23,2024-08-15,الزاهر,شكوى مخالفة بناء,شكوى,مكتب خدمة العملاء,محول لجهة أخرى,53.0,,نعم
MKC-2025041,2024-06-23,2024-07-07,الحجون,تجديد رخصة تجارية,طلب ترخيص,تطبيق بلدي,مقبول ومنفذ,14.0,3.0,نعم
MKC-2027065,2024-06-24,2024-06-28,الهجرة,شكوى صرف صحي,شكوى,تطبيق بلدي,مغلق - تم الحل,4.0,5.0,نعم
MKC-2025453,2024-06-24,2024-06-29,الزاهر,طلب صيانة حديقة/ملعب,طلب صيانة,تطبيق بلدي,محول لجهة أخرى,5.0,,نعم
MKC-2026461,2024-06-24,2024-07-04,أجياد,شكوى إنارة شوارع,شكوى,مكتب فرعي بالحي,مغلق - تم الحل,10.0,3.0,نعم
MKC-2027317,2024-06-24,2024-07-12,العزيزية,شكوى صرف صحي,شكوى,مكتب فرعي بالحي,مغلق - تم الحل,18.0,4.0,نعم
MKC-2024710,2024-06-24,2024-08-17,الزاهر,ترخيص بناء,طلب ترخيص,مكتب خدمة العملاء,مقبول ومنفذ,54.0,2.0,نعم
MKC-2026765,2024-06-24,2024-07-03,الكعكية,شكوى إشغال طريق,شكوى,تطبيق بلدي,مغلق - تم الحل,9.0,5.0,نعم
MKC-2027174,2024-06-24,2024-06-30,الشوقية,ترخيص لافتات إعلانية,طلب ترخيص,مكتب فرعي بالحي,مغلق - تم الحل,6.0,4.0,نعم
MKC-2027482,2024-06-24,2024-06-28,الزاهر,شكوى صرف صحي,شكوى,حساب X (تويتر),محول لجهة أخرى,4.0,,نعم
MKC-2026030,2024-06-24,2024-07-02,الشوقية,تجديد رخصة تجارية,طلب ترخيص,تطبيق بلدي,مرفوض,8.0,,نعم
MKC-2028591,2024-06-25,2024-07-02,الشرائع,شكوى مخالفة بناء,شكوى,تطبيق بلدي,مغلق - تم الحل,7.0,5.0,نعم
MKC-2025990,2024-06-25,,الهجرة,شكوى إشغال طريق,شكوى,حساب X (تويتر),قيد المعالجة,,,نعم
MKC-2026212,2024-06-25,2024-07-16,الشوقية,طلب صيانة حديقة/ملعب,طلب صيانة,مكتب خدمة العملاء,محول لجهة أخرى,21.0,,نعم
MKC-2027268,2024-06-25,2024-07-03,العزيزية,ترخيص لافتات إعلانية,طلب ترخيص,حساب X (تويتر),قيد المعالجة,8.0,,نعم
MKC-2024564,2024-06-25,2024-06-27,المسفلة,شكوى باعة متجولين,شكوى,تطبيق بلدي,مغلق - تم الحل,2.0,4.0,نعم
MKC-2027899,2024-06-25,2024-07-14,الحجون,شكوى إشغال طريق,شكوى,تطبيق بلدي,مغلق - تم الحل,19.0,3.0,نعم
MKC-2026774,2024-06-25,2024-07-01,الجميزة,شكوى باعة متجولين,شكوى,تطبيق بلدي,مغلق - تم الحل,6.0,5.0,نعم
MKC-2024117,2024-06-25,2024-07-10,النوارية,ترخيص تجاري,طلب ترخيص,تطبيق بلدي,مقبول ومنفذ,15.0,2.0,نعم
MKC-2023706,2024-06-25,2024-07-03,الزاهر,طلب صيانة حديقة/ملعب,طلب صيانة,مكتب خدمة العملاء,مقبول ومنفذ,8.0,5.0,نعم
MKC-2025401,2024-06-25,2024-07-03,النوارية,شكوى إشغال طريق,شكوى,مكتب خدمة العملاء,محول لجهة أخرى,8.0,,نعم
MKC-2026674,2024-06-25,2024-08-06,الرصيفة,شكوى مخالفة بناء,شكوى,تطبيق بلدي,مغلق - تم الحل,42.0,3.0,نعم
MKC-2026581,2024-06-25,2024-07-04,أجياد,شكوى إشغال طريق,شكوى,المركز الموحد 940,محول لجهة أخرى,9.0,,نعم
MKC-2026459,2024-06-25,2024-07-09,الرصيفة,شكوى إنارة شوارع,شكوى,تطبيق بلدي,محول لجهة أخرى,14.0,,نعم
MKC-2027581,2024-06-25,2024-06-30,أجياد,شكوى مركبات مهملة,شكوى,تطبيق بلدي,مغلق - تم الحل,5.0,5.0,نعم
MKC-2026465,2024-06-25,2024-07-05,العزيزية,ترخيص لافتات إعلانية,طلب ترخيص,مكتب خدمة العملاء,مقبول ومنفذ,10.0,5.0,نعم
MKC-2024576,2024-06-25,2024-07-04,النسيم,شكوى نظافة عامة,شكوى,تطبيق بلدي,مغلق - تم الحل,9.0,3.0,نعم
MKC-2028829,2024-06-25,2024-07-02,العتيبية,شكوى باعة متجولين,شكوى,تطبيق بلدي,محول لجهة أخرى,7.0,,نعم
MKC-2025257,2024-06-26,2024-07-04,الرصيفة,تجديد رخصة تجارية,طلب ترخيص,تطبيق بلدي,مقبول ومنفذ,8.0,3.0,لا
MKC-2027710,2024-06-26,2024-07-14,العتيبية,ترخيص تجاري,طلب ترخيص,المركز الموحد 940,مقبول ومنفذ,18.0,4.0,لا
MKC-2028815,2024-06-26,2024-07-18,المسفلة,ترخيص بناء,طلب ترخيص,تطبيق بلدي,مقبول ومنفذ,22.0,2.0,لا
MKC-2023989,2024-06-26,2024-07-28,العتيبية,ترخيص بناء,طلب ترخيص,تطبيق بلدي,محول لجهة أخرى,32.0,,لا
MKC-2023992,2024-06-26,2024-07-08,العزيزية,شكوى إنارة شوارع,شكوى,مكتب خدمة العملاء,مغلق - تم الحل,12.0,5.0,لا
MKC-2023626,2024-06-26,2024-07-02,الزاهر,شكوى إشغال طريق,شكوى,المركز الموحد 940,مقبول ومنفذ,6.0,4.0,لا
MKC-2026346,2024-06-27,2024-07-04,بطحاء قريش,تجديد رخصة تجارية,طلب ترخيص,المركز الموحد 940,مرفوض,7.0,,لا
MKC-2024350,2024-06-27,2024-07-22,الجميزة,ترخيص تجاري,طلب ترخيص,تطبيق بلدي,مقبول ومنفذ,25.0,3.0,لا
MKC-2026838,2024-06-27,2024-07-07,العزيزية,ترخيص تجاري,طلب ترخيص,مكتب خدمة العملاء,مقبول ومنفذ,10.0,4.0,لا
MKC-2023345,2024-06-27,2024-07-05,الجميزة,شكوى إنارة شوارع,شكوى,المركز الموحد 940,مغلق - تم الحل,8.0,5.0,لا
MKC-2026535,2024-06-27,2024-07-02,الششة,شكوى إشغال طريق,شكوى,مكتب فرعي بالحي,مرفوض,5.0,,لا
MKC-2024697,2024-06-27,2024-07-02,الششة,تجديد رخصة تجارية,طلب ترخيص,مكتب خدمة العملاء,مقبول ومنفذ,5.0,4.0,لا
MKC-2025355,2024-06-27,2024-07-04,العزيزية,شكوى صرف صحي,شكوى,تطبيق بلدي,مرفوض,7.0,,لا
MKC-2024781,2024-06-28,2024-07-06,العتيبية,شكوى صرف صحي,شكوى,مكتب خدمة العملاء,مغلق - تم الحل,8.0,5.0,لا
MKC-2028466,2024-06-28,2024-07-01,العزيزية,تجديد رخصة تجارية,طلب ترخيص,المركز الموحد 940,مقبول ومنفذ,3.0,4.0,لا
MKC-2027024,2024-06-28,2024-07-04,الشوقية,شكوى نظافة عامة,شكوى,تطبيق بلدي,محول لجهة أخرى,6.0,,لا
MKC-2027139,2024-06-28,2024-07-16,المسفلة,ترخيص تجاري,طلب ترخيص,تطبيق بلدي,مغلق - تم الحل,18.0,3.0,لا
MKC-2024647,2024-06-28,2024-07-27,الجميزة,ترخيص بناء,طلب ترخيص,تطبيق بلدي,مقبول ومنفذ,29.0,4.0,لا
MKC-2024415,2024-06-28,2024-07-01,الهجرة,شكوى إنارة شوارع,شكوى,تطبيق بلدي,مرفوض,3.0,,لا
MKC-2026738,2024-06-28,2024-07-20,العزيزية,ترخيص بناء,طلب ترخيص,المركز الموحد 940,مقبول ومنفذ,22.0,2.0,لا
MKC-2023841,2024-06-28,2024-07-19,العتيبية,ترخيص بناء,طلب ترخيص,مكتب خدمة العملاء,مقبول ومنفذ,21.0,5.0,لا
MKC-2023241,2024-06-29,2024-07-20,المسفلة,شكوى مخالفة بناء,شكوى,مكتب فرعي بالحي,محول لجهة أخرى,21.0,,لا
MKC-2025755,2024-06-29,2024-07-12,النسيم,شكوى إنارة شوارع,شكوى,تطبيق بلدي,قيد المعالجة,13.0,,لا
MKC-2028641,2024-06-29,2024-06-30,الششة,شكوى نظافة عامة,شكوى,تطبيق بلدي,مغلق - تم الحل,1.0,5.0,لا
MKC-2025960,2024-06-29,2024-07-03,العزيزية,شكوى مركبات مهملة,شكوى,مكتب خدمة العملاء,مغلق - تم الحل,4.0,5.0,لا
MKC-2024102,2024-06-29,2024-07-10,العتيبية,شكوى إنارة شوارع,شكوى,تطبيق بلدي,مغلق - تم الحل,11.0,4.0,لا
MKC-2025947,2024-06-30,2024-07-04,العزيزية,شكوى نظافة عامة,شكوى,حساب X (تويتر),مغلق - تم الحل,4.0,5.0,لا
MKC-2028916,2024-06-30,2024-07-10,جرول,طلب صيانة حديقة/ملعب,طلب صيانة,المركز الموحد 940,مقبول ومنفذ,10.0,3.0,لا
MKC-2028903,2024-06-30,2024-07-12,بطحاء قريش,ترخيص تجاري,طلب ترخيص,تطبيق بلدي,مقبول ومنفذ,12.0,4.0,لا
MKC-2024875,2024-06-30,2024-07-03,أجياد,شكوى نظافة عامة,شكوى,المركز الموحد 940,مقبول ومنفذ,3.0,5.0,لا
MKC-2027400,2024-06-30,2024-07-27,الهجرة,شكوى مخالفة بناء,شكوى,تطبيق بلدي,مغلق - تم الحل,27.0,4.0,لا
MKC-2027121,2024-06-30,2024-07-04,أجياد,شكوى باعة متجولين,شكوى,تطبيق بلدي,مرفوض,4.0,,لا
MKC-2027128,2024-06-30,2024-08-10,الهجرة,ترخيص بناء,طلب ترخيص,تطبيق بلدي,مقبول ومنفذ,41.0,1.0,لا
MKC-2025647,2024-06-30,2024-07-09,الجميزة,شكوى إشغال طريق,شكوى,تطبيق بلدي,مغلق - تم الحل,9.0,3.0,لا
MKC-2027311,2024-06-30,2024-07-05,جرول,شكوى مركبات مهملة,شكوى,المركز الموحد 940,محول لجهة أخرى,5.0,,لا
MKC-2026809,2024-06-30,2024-07-04,الشوقية,ترخيص لافتات إعلانية,طلب ترخيص,تطبيق بلدي,مرفوض,4.0,,لا
MKC-2023867,2024-06-30,2024-07-08,الزاهر,تجديد رخصة تجارية,طلب ترخيص,تطبيق بلدي,مقبول ومنفذ,8.0,5.0,لا
MKC-2023505,2024-07-01,2024-07-06,الجميزة,شكوى نظافة عامة,شكوى,مكتب فرعي بالحي,مغلق - تم الحل,5.0,4.0,لا
MKC-2028657,2024-07-01,,العتيبية,شكوى إشغال طريق,شكوى,المركز الموحد 940,قيد المعالجة,,,لا
MKC-2023788,2024-07-01,2024-07-05,الهجرة,شكوى باعة متجولين,شكوى,المركز الموحد 940,مرفوض,4.0,,لا
MKC-2026725,2024-07-01,2024-07-03,بطحاء قريش,شكوى إنارة شوارع,شكوى,مكتب فرعي بالحي,مغلق - تم الحل,2.0,5.0,لا
MKC-2025771,2024-07-01,2024-07-23,الرصيفة,ترخيص تجاري,طلب ترخيص,حساب X (تويتر),مقبول ومنفذ,22.0,4.0,لا
MKC-2025153,2024-07-01,2024-07-04,النسيم,شكوى باعة متجولين,شكوى,مكتب خدمة العملاء,مغلق - تم الحل,3.0,3.0,لا
MKC-2028969,2024-07-01,2024-07-28,أجياد,ترخيص بناء,طلب ترخيص,مكتب خدمة العملاء,مرفوض,27.0,,لا
MKC-2026555,2024-07-01,2024-07-18,الشرائع,شكوى مخالفة بناء,شكوى,مكتب فرعي بالحي,مغلق - تم الحل,17.0,5.0,لا
MKC-2023357,2024-07-01,2024-07-04,جرول,شكوى نظافة عامة,شكوى,تطبيق بلدي,محول لجهة أخرى,3.0,,لا
MKC-2027945,2024-07-02,2024-07-16,الشوقية,ترخيص لافتات إعلانية,طلب ترخيص,تطبيق بلدي,مقبول ومنفذ,14.0,3.0,لا
MKC-2026585,2024-07-02,2024-07-04,الشرائع,شكوى نظافة عامة,شكوى,تطبيق بلدي,مغلق - تم الحل,2.0,5.0,لا
MKC-2025680,2024-07-02,,الجميزة,شكوى نظافة عامة,شكوى,المركز الموحد 940,قيد المعالجة,,,لا
MKC-2023342,2024-07-02,2024-07-25,بطحاء قريش,شكوى مخالفة بناء,شكوى,تطبيق بلدي,مغلق - تم الحل,23.0,3.0,لا
MKC-2027059,2024-07-02,2024-07-09,بطحاء قريش,شكوى إشغال طريق,شكوى,المركز الموحد 940,مرفوض,7.0,,لا
MKC-2028724,2024-07-02,2024-07-08,الزاهر,شكوى نظافة عامة,شكوى,المركز الموحد 940,مغلق - تم الحل,6.0,4.0,لا
MKC-2028230,2024-07-02,2024-07-03,جرول,شكوى صرف صحي,شكوى,تطبيق بلدي,مقبول ومنفذ,1.0,5.0,لا
MKC-2027249,2024-07-02,2024-07-04,جرول,شكوى نظافة عامة,شكوى,مكتب خدمة العملاء,مغلق - تم الحل,2.0,4.0,لا
MKC-2023641,2024-07-02,2024-07-22,الشرائع,ترخيص تجاري,طلب ترخيص,المركز الموحد 940,مقبول ومنفذ,20.0,3.0,لا
MKC-2023429,2024-07-02,2024-07-11,الرصيفة,ترخيص لافتات إعلانية,طلب ترخيص,مكتب فرعي بالحي,مقبول ومنفذ,9.0,5.0,لا
MKC-2024450,2024-07-02,2024-07-13,أجياد,ترخيص لافتات إعلانية,طلب ترخيص,مكتب خدمة العملاء,مقبول ومنفذ,11.0,4.0,لا
MKC-2023425,2024-07-03,,العزيزية,شكوى باعة متجولين,شكوى,مكتب خدمة العملاء,قيد المعالجة,,,لا
MKC-2023629,2024-07-03,,بطحاء قريش,تجديد رخصة تجارية,طلب ترخيص,المركز الموحد 940,قيد المعالجة,,,لا
MKC-2026323,2024-07-03,2024-07-23,العزيزية,طلب صيانة حديقة/ملعب,طلب صيانة,تطبيق بلدي,مقبول ومنفذ,20.0,3.0,لا
MKC-2023297,2024-07-03,2024-07-11,العتيبية,تجديد رخصة تجارية,طلب ترخيص,المركز الموحد 940,مقبول ومنفذ,8.0,4.0,لا
MKC-2026717,2024-07-03,2024-07-08,جرول,شكوى نظافة عامة,شكوى,تطبيق بلدي,مرفوض,5.0,,لا
MKC-2024147,2024-07-03,2024-07-06,الهجرة,شكوى نظافة عامة,شكوى,تطبيق بلدي,مغلق - تم الحل,3.0,3.0,لا
MKC-2028770,2024-07-03,2024-07-08,الششة,ترخيص لافتات إعلانية,طلب ترخيص,تطبيق بلدي,مقبول ومنفذ,5.0,5.0,لا
MKC-2026247,2024-07-03,2024-07-11,الششة,شكوى صرف صحي,شكوى,المركز الموحد 940,مغلق - تم الحل,8.0,4.0,لا
MKC-2027651,2024-07-04,2024-07-18,النوارية,شكوى إنارة شوارع,شكوى,تطبيق بلدي,مغلق - تم الحل,14.0,5.0,لا
MKC-2024908,2024-07-04,2024-07-25,الزاهر,ترخيص تجاري,طلب ترخيص,تطبيق بلدي,مقبول ومنفذ,21.0,3.0,لا
MKC-2024649,2024-07-04,2024-07-07,الشرائع,شكوى إنارة شوارع,شكوى,مكتب خدمة العملاء,مغلق - تم الحل,3.0,5.0,لا
MKC-2025487,2024-07-04,2024-07-13,الحجون,شكوى مخالفة بناء,شكوى,المركز الموحد 940,مغلق - تم الحل,9.0,3.0,لا
MKC-2027726,2024-07-05,2024-07-09,أجياد,شكوى إنارة شوارع,شكوى,حساب X (تويتر),مغلق - تم الحل,4.0,5.0,لا
MKC-2023213,2024-07-05,2024-07-29,العزيزية,شكوى مخالفة بناء,شكوى,مكتب فرعي بالحي,محول لجهة أخرى,24.0,,لا
MKC-2026590,2024-07-05,2024-07-20,بطحاء قريش,ترخيص تجاري,طلب ترخيص,مكتب خدمة العملاء,مرفوض,15.0,,لا
MKC-2026856,2024-07-05,2024-07-08,العتيبية,شكوى باعة متجولين,شكوى,المركز الموحد 940,مغلق - تم الحل,3.0,4.0,لا
MKC-2026255,2024-07-05,2024-07-06,الرصيفة,شكوى نظافة عامة,شكوى,مكتب خدمة العملاء,مرفوض,1.0,,لا
MKC-2028253,2024-07-05,2024-07-14,الششة,شكوى إشغال طريق,شكوى,المركز الموحد 940,مغلق - تم الحل,9.0,5.0,لا
MKC-2023235,2024-07-05,2024-07-06,الشرائع,شكوى إشغال طريق,شكوى,تطبيق بلدي,مغلق - تم الحل,1.0,4.0,لا
MKC-2026638,2024-07-06,2024-07-14,الحجون,طلب صيانة حديقة/ملعب,طلب صيانة,حساب X (تويتر),مرفوض,8.0,,لا
MKC-2023045,2024-07-06,2024-07-11,الشوقية,شكوى مركبات مهملة,شكوى,مكتب فرعي بالحي,مغلق - تم الحل,5.0,4.0,لا
MKC-2023326,2024-07-06,2024-07-08,الزاهر,شكوى باعة متجولين,شكوى,المركز الموحد 940,محول لجهة أخرى,2.0,,لا
MKC-2025404,2024-07-07,2024-07-12,الهجرة,شكوى نظافة عامة,شكوى,مكتب خدمة العملاء,مغلق - تم الحل,5.0,4.0,لا
MKC-2027852,2024-07-07,2024-07-20,العتيبية,ترخيص بناء,طلب ترخيص,تطبيق بلدي,مقبول ومنفذ,13.0,4.0,لا
MKC-2026592,2024-07-07,2024-07-11,الزاهر,شكوى مخالفة بناء,شكوى,مكتب فرعي بالحي,محول لجهة أخرى,4.0,,لا
MKC-2025665,2024-07-07,2024-07-29,جرول,ترخيص تجاري,طلب ترخيص,مكتب خدمة العملاء,مقبول ومنفذ,22.0,4.0,لا
MKC-2025143,2024-07-07,2024-07-20,العتيبية,طلب صيانة حديقة/ملعب,طلب صيانة,المركز الموحد 940,مرفوض,13.0,,لا
MKC-2027201,2024-07-07,2024-07-12,الزاهر,شكوى نظافة عامة,شكوى,المركز الموحد 940,مغلق - تم الحل,5.0,3.0,لا
MKC-2024265,2024-07-07,2024-07-08,العزيزية,شكوى إشغال طريق,شكوى,مكتب خدمة العملاء,محول لجهة أخرى,1.0,,لا
MKC-2027185,2024-07-08,2024-07-10,العتيبية,شكوى باعة متجولين,شكوى,حساب X (تويتر),مغلق - تم الحل,2.0,5.0,لا
MKC-2023666,2024-07-08,2024-07-25,النسيم,شكوى مخالفة بناء,شكوى,المركز الموحد 940,مغلق - تم الحل,17.0,4.0,لا
MKC-2027272,2024-07-08,2024-08-20,الرصيفة,ترخيص بناء,طلب ترخيص,تطبيق بلدي,مقبول ومنفذ,43.0,3.0,لا
MKC-2025721,2024-07-08,2024-07-12,العزيزية,شكوى نظافة عامة,شكوى,المركز الموحد 940,قيد المعالجة,4.0,,لا
MKC-2025102,2024-07-08,2024-07-14,المسفلة,شكوى إنارة شوارع,شكوى,حساب X (تويتر),محول لجهة أخرى,6.0,,لا
MKC-2023167,2024-07-09,,بطحاء قريش,شكوى صرف صحي,شكوى,مكتب خدمة العملاء,قيد المعالجة,,,لا
MKC-2026225,2024-07-09,2024-07-18,النسيم,طلب صيانة حديقة/ملعب,طلب صيانة,حساب X (تويتر),مقبول ومنفذ,9.0,3.0,لا
MKC-2027294,2024-07-10,2024-07-12,أجياد,شكوى إنارة شوارع,شكوى,المركز الموحد 940,مرفوض,2.0,,لا
MKC-2024373,2024-07-10,2024-07-11,العتيبية,شكوى إشغال طريق,شكوى,مكتب خدمة العملاء,مغلق - تم الحل,1.0,4.0,لا
MKC-2028465,2024-07-10,2024-07-16,النوارية,شكوى نظافة عامة,شكوى,تطبيق بلدي,محول لجهة أخرى,6.0,,لا
MKC-2028529,2024-07-11,2024-07-19,الشرائع,تجديد رخصة تجارية,طلب ترخيص,المركز الموحد 940,محول لجهة أخرى,8.0,,لا
MKC-2024622,2024-07-11,2024-07-29,الششة,شكوى مخالفة بناء,شكوى,المركز الموحد 940,محول لجهة أخرى,18.0,,لا
MKC-2026507,2024-07-11,2024-07-19,النسيم,شكوى إشغال طريق,شكوى,حساب X (تويتر),مرفوض,8.0,,لا
MKC-2027666,2024-07-11,2024-07-19,العزيزية,شكوى إشغال طريق,شكوى,المركز الموحد 940,مغلق - تم الحل,8.0,3.0,لا
MKC-2026901,2024-07-11,2024-07-21,جرول,شكوى إنارة شوارع,شكوى,المركز الموحد 940,مغلق - تم الحل,10.0,4.0,لا
MKC-2025026,2024-07-11,2024-08-07,العزيزية,شكوى مخالفة بناء,شكوى,تطبيق بلدي,مقبول ومنفذ,27.0,3.0,لا
MKC-2024933,2024-07-11,2024-07-13,الرصيفة,شكوى باعة متجولين,شكوى,تطبيق بلدي,مرفوض,2.0,,لا
MKC-2026221,2024-07-12,2024-07-16,العزيزية,شكوى نظافة عامة,شكوى,تطبيق بلدي,مغلق - تم الحل,4.0,4.0,لا
MKC-2024341,2024-07-12,2024-07-25,النوارية,ترخيص لافتات إعلانية,طلب ترخيص,المركز الموحد 940,محول لجهة أخرى,13.0,,لا
MKC-2027339,2024-07-12,2024-07-14,النوارية,شكوى باعة متجولين,شكوى,تطبيق بلدي,مرفوض,2.0,,لا
MKC-2024598,2024-07-12,2024-07-17,الرصيفة,شكوى إشغال طريق,شكوى,مكتب خدمة العملاء,مرفوض,5.0,,لا
MKC-2028441,2024-07-12,2024-07-17,الزاهر,شكوى نظافة عامة,شكوى,تطبيق بلدي,محول لجهة أخرى,5.0,,لا
MKC-2024753,2024-07-12,2024-07-18,الزاهر,شكوى مخالفة بناء,شكوى,تطبيق بلدي,مغلق - تم الحل,6.0,5.0,لا
MKC-2027978,2024-07-12,2024-07-30,العتيبية,طلب صيانة حديقة/ملعب,طلب صيانة,تطبيق بلدي,مغلق - تم الحل,18.0,4.0,لا
MKC-2028788,2024-07-12,2024-07-29,الزاهر,ترخيص تجاري,طلب ترخيص,تطبيق بلدي,مقبول ومنفذ,17.0,2.0,لا
MKC-2025828,2024-07-13,2024-07-23,الرصيفة,شكوى إنارة شوارع,شكوى,حساب X (تويتر),قيد المعالجة,10.0,,لا
MKC-2025703,2024-07-13,,الشوقية,ترخيص لافتات إعلانية,طلب ترخيص,مكتب خدمة العملاء,قيد المعالجة,,,لا
MKC-2024504,2024-07-13,2024-07-14,بطحاء قريش,شكوى صرف صحي,شكوى,تطبيق بلدي,مغلق - تم الحل,1.0,4.0,لا
MKC-2026405,2024-07-13,2024-07-18,المسفلة,شكوى صرف صحي,شكوى,مكتب خدمة العملاء,مرفوض,5.0,,لا
MKC-2026565,2024-07-13,2024-08-09,الرصيفة,شكوى مخالفة بناء,شكوى,تطبيق بلدي,مغلق - تم الحل,27.0,2.0,لا
MKC-2026906,2024-07-13,2024-07-27,المسفلة,ترخيص تجاري,طلب ترخيص,تطبيق بلدي,مرفوض,14.0,,لا
MKC-2025652,2024-07-14,2024-07-24,بطحاء قريش,طلب صيانة حديقة/ملعب,طلب صيانة,تطبيق بلدي,مغلق - تم الحل,10.0,4.0,لا
MKC-2023082,2024-07-14,2024-08-08,الهجرة,شكوى مخالفة بناء,شكوى,مكتب فرعي بالحي,قيد المعالجة,25.0,,لا
MKC-2027563,2024-07-14,2024-07-22,جرول,تجديد رخصة تجارية,طلب ترخيص,تطبيق بلدي,مرفوض,8.0,,لا
MKC-2023786,2024-07-14,2024-07-17,جرول,شكوى إشغال طريق,شكوى,تطبيق بلدي,مغلق - تم الحل,3.0,4.0,لا
MKC-2028787,2024-07-15,2024-08-05,جرول,ترخيص تجاري,طلب ترخيص,مكتب خدمة العملاء,مرفوض,21.0,,لا
MKC-2023712,2024-07-15,2024-07-24,المسفلة,تجديد رخصة تجارية,طلب ترخيص,المركز الموحد 940,مقبول ومنفذ,9.0,3.0,لا
MKC-2025852,2024-07-15,2024-07-21,الزاهر,شكوى إنارة شوارع,شكوى,تطبيق بلدي,مرفوض,6.0,,لا
MKC-2027915,2024-07-15,2024-07-17,الزاهر,شكوى نظافة عامة,شكوى,تطبيق بلدي,محول لجهة أخرى,2.0,,لا
MKC-2024538,2024-07-15,2024-08-05,جرول,طلب صيانة حديقة/ملعب,طلب صيانة,تطبيق بلدي,مغلق - تم الحل,21.0,3.0,لا
MKC-2027804,2024-07-15,2024-08-14,أجياد,ترخيص تجاري,طلب ترخيص,تطبيق بلدي,مقبول ومنفذ,30.0,3.0,لا
MKC-2025942,2024-07-15,,الرصيفة,شكوى إشغال طريق,شكوى,المركز الموحد 940,قيد المعالجة,,,لا
MKC-2024603,2024-07-15,2024-08-12,جرول,ترخيص تجاري,طلب ترخيص,تطبيق بلدي,مقبول ومنفذ,28.0,5.0,لا
MKC-2025195,2024-07-16,2024-07-24,الهجرة,شكوى إشغال طريق,شكوى,تطبيق بلدي,محول لجهة أخرى,8.0,,لا
MKC-2026642,2024-07-16,2024-07-21,الرصيفة,شكوى نظافة عامة,شكوى,تطبيق بلدي,مغلق - تم الحل,5.0,5.0,لا
MKC-2026495,2024-07-16,2024-08-07,العزيزية,ترخيص بناء,طلب ترخيص,المركز الموحد 940,مرفوض,22.0,,لا
MKC-2026072,2024-07-16,2024-07-27,الجميزة,شكوى صرف صحي,شكوى,مكتب خدمة العملاء,محول لجهة أخرى,11.0,,لا
MKC-2027267,2024-07-16,2024-07-23,العتيبية,تجديد رخصة تجارية,طلب ترخيص,تطبيق بلدي,مقبول ومنفذ,7.0,4.0,لا
MKC-2025484,2024-07-16,2024-08-01,الهجرة,طلب صيانة حديقة/ملعب,طلب صيانة,تطبيق بلدي,مقبول ومنفذ,16.0,4.0,لا
MKC-2028997,2024-07-16,2024-07-24,الشرائع,ترخيص تجاري,طلب ترخيص,تطبيق بلدي,مقبول ومنفذ,8.0,3.0,لا
MKC-2024097,2024-07-16,2024-07-18,الحجون,شكوى صرف صحي,شكوى,تطبيق بلدي,مغلق - تم الحل,2.0,4.0,لا
MKC-2028943,2024-07-16,2024-08-01,الشرائع,طلب صيانة حديقة/ملعب,طلب صيانة,مكتب فرعي بالحي,مقبول ومنفذ,16.0,5.0,لا
MKC-2023256,2024-07-17,2024-07-25,المسفلة,تجديد رخصة تجارية,طلب ترخيص,مكتب خدمة العملاء,مقبول ومنفذ,8.0,3.0,لا
MKC-2028427,2024-07-17,2024-07-27,الشرائع,شكوى صرف صحي,شكوى,المركز الموحد 940,مغلق - تم الحل,10.0,4.0,لا
MKC-2027263,2024-07-17,2024-07-31,جرول,ترخيص لافتات إعلانية,طلب ترخيص,تطبيق بلدي,مقبول ومنفذ,14.0,3.0,لا
MKC-2028054,2024-07-17,2024-07-28,المسفلة,شكوى صرف صحي,شكوى,تطبيق بلدي,مرفوض,11.0,,لا
MKC-2028927,2024-07-17,2024-07-27,أجياد,شكوى صرف صحي,شكوى,تطبيق بلدي,مرفوض,10.0,,لا
MKC-2023981,2024-07-18,2024-07-20,الكعكية,شكوى نظافة عامة,شكوى,مكتب فرعي بالحي,مغلق - تم الحل,2.0,4.0,لا
MKC-2028409,2024-07-18,2024-08-24,النسيم,ترخيص بناء,طلب ترخيص,حساب X (تويتر),مقبول ومنفذ,37.0,4.0,لا
MKC-2025677,2024-07-18,2024-07-26,الشوقية,ترخيص تجاري,طلب ترخيص,مكتب خدمة العملاء,مقبول ومنفذ,8.0,5.0,لا
MKC-2025186,2024-07-18,2024-07-22,المسفلة,تجديد رخصة تجارية,طلب ترخيص,حساب X (تويتر),محول لجهة أخرى,4.0,,لا
MKC-2026773,2024-07-18,2024-07-22,الجميزة,شكوى باعة متجولين,شكوى,المركز الموحد 940,مقبول ومنفذ,4.0,5.0,لا
MKC-2025498,2024-07-19,2024-08-02,جرول,طلب صيانة حديقة/ملعب,طلب صيانة,تطبيق بلدي,مقبول ومنفذ,14.0,4.0,لا
MKC-2025975,2024-07-19,2024-07-30,المسفلة,شكوى مركبات مهملة,شكوى,مكتب فرعي بالحي,مقبول ومنفذ,11.0,4.0,لا
MKC-2028926,2024-07-19,2024-07-22,الشوقية,تجديد رخصة تجارية,طلب ترخيص,تطبيق بلدي,مرفوض,3.0,,لا
MKC-2028442,2024-07-19,2024-08-17,العزيزية,شكوى مخالفة بناء,شكوى,تطبيق بلدي,مغلق - تم الحل,29.0,3.0,لا
MKC-2025696,2024-07-19,2024-07-28,الرصيفة,شكوى مركبات مهملة,شكوى,مكتب فرعي بالحي,محول لجهة أخرى,9.0,,لا
MKC-2028359,2024-07-19,2024-08-17,العزيزية,ترخيص تجاري,طلب ترخيص,تطبيق بلدي,مقبول ومنفذ,29.0,3.0,لا
MKC-2025611,2024-07-19,2024-07-20,الششة,شكوى إنارة شوارع,شكوى,حساب X (تويتر),مقبول ومنفذ,1.0,5.0,لا
MKC-2024168,2024-07-19,2024-07-29,جرول,شكوى صرف صحي,شكوى,حساب X (تويتر),محول لجهة أخرى,10.0,,لا
MKC-2028999,2024-07-19,2024-07-24,النسيم,شكوى نظافة عامة,شكوى,تطبيق بلدي,محول لجهة أخرى,5.0,,لا
MKC-2027313,2024-07-20,2024-07-22,بطحاء قريش,شكوى نظافة عامة,شكوى,حساب X (تويتر),مغلق - تم الحل,2.0,5.0,لا
MKC-2026724,2024-07-20,2024-07-25,العزيزية,تجديد رخصة تجارية,طلب ترخيص,مكتب فرعي بالحي,مقبول ومنفذ,5.0,3.0,لا
MKC-2026275,2024-07-20,2024-07-22,العزيزية,شكوى باعة متجولين,شكوى,مكتب خدمة العملاء,مقبول ومنفذ,2.0,4.0,لا
MKC-2024257,2024-07-20,2024-08-05,جرول,ترخيص تجاري,طلب ترخيص,تطبيق بلدي,مقبول ومنفذ,16.0,3.0,لا
MKC-2028790,2024-07-20,2024-08-11,الحجون,ترخيص تجاري,طلب ترخيص,حساب X (تويتر),مقبول ومنفذ,22.0,3.0,لا
MKC-2026909,2024-07-20,2024-07-31,النوارية,ترخيص تجاري,طلب ترخيص,مكتب خدمة العملاء,مقبول ومنفذ,11.0,3.0,لا
MKC-2024540,2024-07-20,2024-07-22,الرصيفة,شكوى نظافة عامة,شكوى,تطبيق بلدي,مرفوض,2.0,,لا
MKC-2024681,2024-07-20,2024-08-30,العتيبية,ترخيص بناء,طلب ترخيص,حساب X (تويتر),مرفوض,41.0,,لا
MKC-2026576,2024-07-20,2024-07-30,الحجون,تجديد رخصة تجارية,طلب ترخيص,مكتب فرعي بالحي,مرفوض,10.0,,لا
MKC-2026341,2024-07-21,2024-07-26,الششة,شكوى نظافة عامة,شكوى,المركز الموحد 940,مغلق - تم الحل,5.0,4.0,لا
MKC-2024143,2024-07-21,2024-08-02,الشوقية,طلب صيانة حديقة/ملعب,طلب صيانة,تطبيق بلدي,محول لجهة أخرى,12.0,,لا
MKC-2026429,2024-07-21,2024-07-26,الحجون,شكوى نظافة عامة,شكوى,مكتب فرعي بالحي,مغلق - تم الحل,5.0,5.0,لا
MKC-2028855,2024-07-21,2024-07-27,الهجرة,تجديد رخصة تجارية,طلب ترخيص,مكتب خدمة العملاء,مقبول ومنفذ,6.0,5.0,لا
MKC-2027039,2024-07-21,2024-07-31,الهجرة,شكوى صرف صحي,شكوى,مكتب خدمة العملاء,مغلق - تم الحل,10.0,4.0,لا
MKC-2026449,2024-07-21,2024-07-25,النوارية,شكوى باعة متجولين,شكوى,حساب X (تويتر),محول لجهة أخرى,4.0,,لا
MKC-2027576,2024-07-21,2024-07-25,المسفلة,شكوى باعة متجولين,شكوى,تطبيق بلدي,مرفوض,4.0,,لا
MKC-2023631,2024-07-22,2024-09-03,بطحاء قريش,ترخيص بناء,طلب ترخيص,تطبيق بلدي,محول لجهة أخرى,43.0,,لا
MKC-2024491,2024-07-22,2024-07-24,العزيزية,شكوى نظافة عامة,شكوى,حساب X (تويتر),مغلق - تم الحل,2.0,5.0,لا
MKC-2025638,2024-07-22,2024-08-01,العزيزية,شكوى صرف صحي,شكوى,تطبيق بلدي,مغلق - تم الحل,10.0,5.0,لا
MKC-2023013,2024-07-22,2024-08-11,العزيزية,ترخيص تجاري,طلب ترخيص,المركز الموحد 940,مقبول ومنفذ,20.0,3.0,لا
MKC-2025991,2024-07-22,2024-08-03,العتيبية,طلب صيانة حديقة/ملعب,طلب صيانة,مكتب خدمة العملاء,قيد المعالجة,12.0,,لا
MKC-2026636,2024-07-22,2024-07-28,النسيم,شكوى إشغال طريق,شكوى,تطبيق بلدي,مغلق - تم الحل,6.0,4.0,لا
MKC-2028249,2024-07-22,2024-07-29,العزيزية,شكوى مخالفة بناء,شكوى,مكتب فرعي بالحي,مغلق - تم الحل,7.0,3.0,لا
MKC-2025618,2024-07-23,2024-08-02,الزاهر,شكوى إنارة شوارع,شكوى,مكتب خدمة العملاء,محول لجهة أخرى,10.0,,لا
MKC-2025177,2024-07-23,2024-07-28,الجميزة,شكوى مخالفة بناء,شكوى,مكتب فرعي بالحي,محول لجهة أخرى,5.0,,لا
MKC-2028700,2024-07-23,2024-07-26,الششة,شكوى إشغال طريق,شكوى,المركز الموحد 940,مغلق - تم الحل,3.0,4.0,لا
MKC-2024185,2024-07-23,2024-08-02,الرصيفة,شكوى إنارة شوارع,شكوى,حساب X (تويتر),مغلق - تم الحل,10.0,3.0,لا
MKC-2024166,2024-07-23,2024-07-28,النوارية,شكوى صرف صحي,شكوى,مكتب خدمة العملاء,مغلق - تم الحل,5.0,3.0,لا
MKC-2024162,2024-07-23,2024-07-30,الرصيفة,شكوى إشغال طريق,شكوى,مكتب خدمة العملاء,مغلق - تم الحل,7.0,5.0,لا
MKC-2024944,2024-07-24,2024-08-23,الزاهر,ترخيص بناء,طلب ترخيص,مكتب خدمة العملاء,محول لجهة أخرى,30.0,,لا
MKC-2023261,2024-07-24,2024-07-30,الزاهر,شكوى إشغال طريق,شكوى,تطبيق بلدي,محول لجهة أخرى,6.0,,لا
MKC-2027320,2024-07-24,2024-08-04,الششة,ترخيص لافتات إعلانية,طلب ترخيص,تطبيق بلدي,مرفوض,11.0,,لا
MKC-2027459,2024-07-24,2024-07-29,الكعكية,شكوى إشغال طريق,شكوى,المركز الموحد 940,محول لجهة أخرى,5.0,,لا
MKC-2028104,2024-07-25,2024-08-02,أجياد,شكوى إشغال طريق,شكوى,المركز الموحد 940,مقبول ومنفذ,8.0,4.0,لا
MKC-2023396,2024-07-25,2024-07-30,جرول,شكوى إشغال طريق,شكوى,مكتب خدمة العملاء,محول لجهة أخرى,5.0,,لا
MKC-2028272,2024-07-25,2024-07-30,الشوقية,شكوى نظافة عامة,شكوى,تطبيق بلدي,مغلق - تم الحل,5.0,5.0,لا
MKC-2026476,2024-07-26,2024-08-07,الزاهر,ترخيص تجاري,طلب ترخيص,تطبيق بلدي,مقبول ومنفذ,12.0,5.0,لا
MKC-2028716,2024-07-26,2024-07-31,الهجرة,شكوى صرف صحي,شكوى,المركز الموحد 940,مقبول ومنفذ,5.0,4.0,لا
MKC-2026144,2024-07-26,2024-07-30,النسيم,تجديد رخصة تجارية,طلب ترخيص,حساب X (تويتر),مقبول ومنفذ,4.0,4.0,لا
MKC-2025573,2024-07-26,2024-08-02,الجميزة,شكوى إشغال طريق,شكوى,مكتب خدمة العملاء,مغلق - تم الحل,7.0,5.0,لا
MKC-2028866,2024-07-26,2024-07-28,الرصيفة,شكوى نظافة عامة,شكوى,تطبيق بلدي,مغلق - تم الحل,2.0,4.0,لا
MKC-2024769,2024-07-26,2024-07-31,الجميزة,شكوى نظافة عامة,شكوى,مكتب خدمة العملاء,محول لجهة أخرى,5.0,,لا
MKC-2025332,2024-07-26,2024-08-01,أجياد,شكوى صرف صحي,شكوى,مكتب فرعي بالحي,مغلق - تم الحل,6.0,3.0,لا
MKC-2027835,2024-07-26,2024-07-28,العزيزية,شكوى باعة متجولين,شكوى,تطبيق بلدي,قيد المعالجة,2.0,,لا
MKC-2023519,2024-07-26,2024-08-07,العزيزية,ترخيص بناء,طلب ترخيص,مكتب خدمة العملاء,محول لجهة أخرى,12.0,,لا
MKC-2028446,2024-07-26,2024-07-27,جرول,شكوى نظافة عامة,شكوى,مكتب خدمة العملاء,مرفوض,1.0,,لا
MKC-2024304,2024-07-26,2024-08-07,الشرائع,شكوى إنارة شوارع,شكوى,حساب X (تويتر),مغلق - تم الحل,12.0,3.0,لا
MKC-2024211,2024-07-26,2024-08-03,أجياد,ترخيص لافتات إعلانية,طلب ترخيص,المركز الموحد 940,مقبول ومنفذ,8.0,4.0,لا
MKC-2023150,2024-07-26,2024-08-01,الرصيفة,ترخيص لافتات إعلانية,طلب ترخيص,مكتب فرعي بالحي,مقبول ومنفذ,6.0,4.0,لا
MKC-2025833,2024-07-26,2024-08-02,الرصيفة,شكوى إشغال طريق,شكوى,تطبيق بلدي,قيد المعالجة,7.0,,لا
MKC-2027241,2024-07-27,2024-07-30,الزاهر,شكوى نظافة عامة,شكوى,تطبيق بلدي,مغلق - تم الحل,3.0,4.0,لا
MKC-2028098,2024-07-27,2024-08-06,الششة,شكوى صرف صحي,شكوى,مكتب خدمة العملاء,محول لجهة أخرى,10.0,,لا
MKC-2028982,2024-07-27,2024-08-18,الحجون,شكوى مخالفة بناء,شكوى,مكتب فرعي بالحي,مغلق - تم الحل,22.0,3.0,لا
MKC-2027054,2024-07-27,2024-07-29,النسيم,شكوى إشغال طريق,شكوى,مكتب فرعي بالحي,مرفوض,2.0,,لا
MKC-2028368,2024-07-27,2024-07-30,الشرائع,شكوى باعة متجولين,شكوى,المركز الموحد 940,مغلق - تم الحل,3.0,5.0,لا
MKC-2027111,2024-07-27,2024-08-20,الكعكية,طلب صيانة حديقة/ملعب,طلب صيانة,تطبيق بلدي,مقبول ومنفذ,24.0,4.0,لا
MKC-2023018,2024-07-27,2024-07-29,الششة,شكوى صرف صحي,شكوى,تطبيق بلدي,مغلق - تم الحل,2.0,4.0,لا
MKC-2025466,2024-07-27,2024-08-04,الششة,شكوى إشغال طريق,شكوى,تطبيق بلدي,مغلق - تم الحل,8.0,4.0,لا
MKC-2025430,2024-07-27,2024-08-01,الششة,شكوى نظافة عامة,شكوى,المركز الموحد 940,مغلق - تم الحل,5.0,5.0,لا
MKC-2027478,2024-07-28,2024-08-27,النوارية,شكوى مخالفة بناء,شكوى,تطبيق بلدي,مغلق - تم الحل,30.0,3.0,لا
MKC-2028379,2024-07-28,2024-08-13,أجياد,شكوى مخالفة بناء,شكوى,تطبيق بلدي,محول لجهة أخرى,16.0,,لا
MKC-2027436,2024-07-28,2024-08-05,العتيبية,ترخيص لافتات إعلانية,طلب ترخيص,مكتب فرعي بالحي,مقبول ومنفذ,8.0,5.0,لا
MKC-2026927,2024-07-28,2024-08-03,النوارية,تجديد رخصة تجارية,طلب ترخيص,تطبيق بلدي,مرفوض,6.0,,لا
MKC-2028338,2024-07-28,,العتيبية,شكوى نظافة عامة,شكوى,المركز الموحد 940,قيد المعالجة,,,لا
MKC-2023240,2024-07-28,2024-08-13,الشوقية,شكوى مخالفة بناء,شكوى,تطبيق بلدي,مغلق - تم الحل,16.0,3.0,لا
MKC-2024202,2024-07-28,2024-08-13,النوارية,ترخيص تجاري,طلب ترخيص,مكتب خدمة العملاء,مقبول ومنفذ,16.0,5.0,لا
MKC-2025503,2024-07-28,2024-08-01,الكعكية,شكوى نظافة عامة,شكوى,تطبيق بلدي,مغلق - تم الحل,4.0,3.0,لا
MKC-2026000,2024-07-28,2024-07-30,النسيم,شكوى صرف صحي,شكوى,تطبيق بلدي,مغلق - تم الحل,2.0,5.0,لا
MKC-2025528,2024-07-28,2024-08-25,النسيم,شكوى مخالفة بناء,شكوى,مكتب خدمة العملاء,محول لجهة أخرى,28.0,,لا
MKC-2023166,2024-07-29,2024-07-31,الشرائع,شكوى نظافة عامة,شكوى,مكتب خدمة العملاء,مغلق - تم الحل,2.0,4.0,لا
MKC-2024719,2024-07-29,2024-08-01,الحجون,شكوى إشغال طريق,شكوى,حساب X (تويتر),مغلق - تم الحل,3.0,4.0,لا
MKC-2024410,2024-07-29,2024-08-13,الجميزة,ترخيص لافتات إعلانية,طلب ترخيص,تطبيق بلدي,مقبول ومنفذ,15.0,3.0,لا
MKC-2028436,2024-07-29,2024-08-06,أجياد,شكوى إشغال طريق,شكوى,تطبيق بلدي,مغلق - تم الحل,8.0,4.0,لا
MKC-2024814,2024-07-29,2024-08-04,الحجون,شكوى نظافة عامة,شكوى,المركز الموحد 940,مغلق - تم الحل,6.0,4.0,لا
MKC-2028807,2024-07-29,2024-08-01,النسيم,شكوى نظافة عامة,شكوى,تطبيق بلدي,مقبول ومنفذ,3.0,3.0,لا
MKC-2025360,2024-07-30,2024-07-31,العتيبية,شكوى صرف صحي,شكوى,تطبيق بلدي,مغلق - تم الحل,1.0,5.0,لا
MKC-2023193,2024-07-30,2024-08-15,الشوقية,شكوى مخالفة بناء,شكوى,المركز الموحد 940,مرفوض,16.0,,لا
MKC-2027432,2024-07-30,2024-08-09,بطحاء قريش,شكوى مركبات مهملة,شكوى,مكتب خدمة العملاء,محول لجهة أخرى,10.0,,لا
MKC-2028047,2024-07-30,2024-08-16,جرول,شكوى مركبات مهملة,شكوى,تطبيق بلدي,مغلق - تم الحل,17.0,5.0,لا
MKC-2023044,2024-07-31,2024-09-09,النوارية,ترخيص بناء,طلب ترخيص,مكتب خدمة العملاء,مرفوض,40.0,,لا
MKC-2027349,2024-07-31,2024-08-16,العزيزية,ترخيص بناء,طلب ترخيص,مكتب فرعي بالحي,مقبول ومنفذ,16.0,4.0,لا
MKC-2024142,2024-07-31,2024-08-02,الكعكية,شكوى نظافة عامة,شكوى,تطبيق بلدي,محول لجهة أخرى,2.0,,لا
MKC-2028669,2024-07-31,2024-08-26,جرول,ترخيص تجاري,طلب ترخيص,تطبيق بلدي,مقبول ومنفذ,26.0,4.0,لا
MKC-2023041,2024-07-31,2024-08-06,الزاهر,شكوى نظافة عامة,شكوى,تطبيق بلدي,مغلق - تم الحل,6.0,3.0,لا
MKC-2026715,2024-07-31,2024-08-21,الحجون,ترخيص بناء,طلب ترخيص,تطبيق بلدي,محول لجهة أخرى,21.0,,لا
MKC-2024122,2024-07-31,2024-08-12,العزيزية,طلب صيانة حديقة/ملعب,طلب صيانة,المركز الموحد 940,مرفوض,12.0,,لا
MKC-2024869,2024-08-01,2024-08-14,العزيزية,ترخيص لافتات إعلانية,طلب ترخيص,المركز الموحد 940,محول لجهة أخرى,13.0,,لا
MKC-2028900,2024-08-01,2024-08-11,الكعكية,شكوى مركبات مهملة,شكوى,تطبيق بلدي,مقبول ومنفذ,10.0,2.0,لا
MKC-2023290,2024-08-01,2024-09-07,الششة,ترخيص بناء,طلب ترخيص,تطبيق بلدي,مقبول ومنفذ,37.0,3.0,لا
MKC-2028145,2024-08-02,2024-08-11,العزيزية,شكوى إشغال طريق,شكوى,حساب X (تويتر),مغلق - تم الحل,9.0,3.0,لا
MKC-2026401,2024-08-02,,بطحاء قريش,شكوى مركبات مهملة,شكوى,تطبيق بلدي,قيد المعالجة,,,لا
MKC-2024594,2024-08-02,2024-08-12,الشوقية,طلب صيانة حديقة/ملعب,طلب صيانة,مكتب خدمة العملاء,مقبول ومنفذ,10.0,2.0,لا
MKC-2024394,2024-08-02,,العتيبية,تجديد رخصة تجارية,طلب ترخيص,تطبيق بلدي,قيد المعالجة,,,لا
MKC-2027193,2024-08-03,2024-08-11,الكعكية,شكوى إشغال طريق,شكوى,المركز الموحد 940,مغلق - تم الحل,8.0,5.0,لا
MKC-2028939,2024-08-03,2024-09-01,النوارية,شكوى مخالفة بناء,شكوى,تطبيق بلدي,مغلق - تم الحل,29.0,3.0,لا
MKC-2027092,2024-08-03,2024-08-18,العتيبية,ترخيص بناء,طلب ترخيص,مكتب فرعي بالحي,مقبول ومنفذ,15.0,3.0,لا
MKC-2024614,2024-08-03,2024-08-12,الجميزة,تجديد رخصة تجارية,طلب ترخيص,مكتب خدمة العملاء,مقبول ومنفذ,9.0,4.0,لا
MKC-2025790,2024-08-03,2024-08-06,الهجرة,شكوى باعة متجولين,شكوى,حساب X (تويتر),محول لجهة أخرى,3.0,,لا
MKC-2028617,2024-08-03,2024-08-08,العزيزية,شكوى إنارة شوارع,شكوى,حساب X (تويتر),مرفوض,5.0,,لا
MKC-2025347,2024-08-03,2024-09-10,الرصيفة,ترخيص بناء,طلب ترخيص,مكتب خدمة العملاء,مرفوض,38.0,,لا
MKC-2026623,2024-08-03,2024-08-07,الشوقية,شكوى باعة متجولين,شكوى,مكتب خدمة العملاء,محول لجهة أخرى,4.0,,لا
MKC-2023539,2024-08-04,2024-09-18,الحجون,ترخيص بناء,طلب ترخيص,مكتب خدمة العملاء,مقبول ومنفذ,45.0,2.0,لا
MKC-2026781,2024-08-04,2024-08-12,الرصيفة,شكوى إشغال طريق,شكوى,مكتب خدمة العملاء,محول لجهة أخرى,8.0,,لا
MKC-2028109,2024-08-04,2024-08-12,الهجرة,شكوى إنارة شوارع,شكوى,مكتب فرعي بالحي,مغلق - تم الحل,8.0,5.0,لا
MKC-2025515,2024-08-04,2024-08-15,الحجون,شكوى مركبات مهملة,شكوى,مكتب خدمة العملاء,محول لجهة أخرى,11.0,,لا
MKC-2023824,2024-08-04,2024-08-10,العتيبية,شكوى صرف صحي,شكوى,حساب X (تويتر),مغلق - تم الحل,6.0,4.0,لا
MKC-2023407,2024-08-04,2024-08-09,العتيبية,شكوى باعة متجولين,شكوى,حساب X (تويتر),محول لجهة أخرى,5.0,,لا
MKC-2024573,2024-08-04,2024-08-15,العتيبية,ترخيص لافتات إعلانية,طلب ترخيص,مكتب فرعي بالحي,مغلق - تم الحل,11.0,3.0,لا
MKC-2025581,2024-08-04,2024-08-07,الزاهر,شكوى باعة متجولين,شكوى,المركز الموحد 940,محول لجهة أخرى,3.0,,لا
MKC-2026528,2024-08-05,2024-08-18,الرصيفة,شكوى مخالفة بناء,شكوى,تطبيق بلدي,مقبول ومنفذ,13.0,3.0,لا
MKC-2024391,2024-08-05,2024-09-08,الرصيفة,ترخيص بناء,طلب ترخيص,تطبيق بلدي,قيد المعالجة,34.0,,لا
MKC-2024351,2024-08-05,2024-08-12,الششة,شكوى مركبات مهملة,شكوى,مكتب خدمة العملاء,محول لجهة أخرى,7.0,,لا
MKC-2023433,2024-08-05,2024-08-11,الششة,شكوى نظافة عامة,شكوى,مكتب فرعي بالحي,محول لجهة أخرى,6.0,,لا
MKC-2025752,2024-08-05,2024-09-16,المسفلة,ترخيص بناء,طلب ترخيص,المركز الموحد 940,مقبول ومنفذ,42.0,2.0,لا
MKC-2028172,2024-08-05,,الرصيفة,تجديد رخصة تجارية,طلب ترخيص,المركز الموحد 940,قيد المعالجة,,,لا
MKC-2023507,2024-08-05,2024-09-18,الشوقية,ترخيص بناء,طلب ترخيص,تطبيق بلدي,مرفوض,44.0,,لا
MKC-2025182,2024-08-05,2024-08-08,الهجرة,تجديد رخصة تجارية,طلب ترخيص,المركز الموحد 940,محول لجهة أخرى,3.0,,لا
MKC-2026568,2024-08-05,2024-08-06,جرول,شكوى إنارة شوارع,شكوى,تطبيق بلدي,مرفوض,1.0,,لا
MKC-2028707,2024-08-06,2024-08-12,أجياد,شكوى مركبات مهملة,شكوى,مكتب خدمة العملاء,مقبول ومنفذ,6.0,5.0,لا
MKC-2026482,2024-08-06,2024-08-12,العزيزية,شكوى نظافة عامة,شكوى,مكتب خدمة العملاء,محول لجهة أخرى,6.0,,لا
MKC-2023542,2024-08-06,2024-08-14,الشوقية,شكوى إنارة شوارع,شكوى,مكتب خدمة العملاء,مقبول ومنفذ,8.0,4.0,لا
MKC-2024103,2024-08-06,2024-08-08,النسيم,شكوى إنارة شوارع,شكوى,المركز الموحد 940,مغلق - تم الحل,2.0,3.0,لا
MKC-2028021,2024-08-07,2024-08-12,أجياد,شكوى مخالفة بناء,شكوى,تطبيق بلدي,مغلق - تم الحل,5.0,5.0,لا
MKC-2028534,2024-08-07,2024-08-10,الحجون,شكوى باعة متجولين,شكوى,مكتب فرعي بالحي,محول لجهة أخرى,3.0,,لا
MKC-2027328,2024-08-07,2024-08-15,الرصيفة,شكوى إشغال طريق,شكوى,حساب X (تويتر),مغلق - تم الحل,8.0,3.0,لا
MKC-2027334,2024-08-07,2024-08-18,الششة,ترخيص بناء,طلب ترخيص,مكتب فرعي بالحي,مقبول ومنفذ,11.0,4.0,لا
MKC-2025660,2024-08-08,2024-08-11,العتيبية,شكوى نظافة عامة,شكوى,مكتب فرعي بالحي,مقبول ومنفذ,3.0,5.0,لا
MKC-2026819,2024-08-08,2024-08-14,أجياد,شكوى صرف صحي,شكوى,المركز الموحد 940,محول لجهة أخرى,6.0,,لا
MKC-2028531,2024-08-08,2024-08-19,أجياد,ترخيص لافتات إعلانية,طلب ترخيص,تطبيق بلدي,مقبول ومنفذ,11.0,4.0,لا
MKC-2025768,2024-08-08,2024-08-28,الرصيفة,شكوى مخالفة بناء,شكوى,المركز الموحد 940,مغلق - تم الحل,20.0,4.0,لا
MKC-2028897,2024-08-08,2024-08-16,الحجون,شكوى مخالفة بناء,شكوى,مكتب خدمة العملاء,مغلق - تم الحل,8.0,4.0,لا
MKC-2023749,2024-08-08,2024-09-11,النوارية,ترخيص بناء,طلب ترخيص,تطبيق بلدي,مغلق - تم الحل,34.0,4.0,لا
MKC-2024785,2024-08-09,2024-08-11,النوارية,شكوى نظافة عامة,شكوى,المركز الموحد 940,مغلق - تم الحل,2.0,4.0,لا
MKC-2027384,2024-08-09,2024-08-15,أجياد,شكوى إنارة شوارع,شكوى,تطبيق بلدي,مقبول ومنفذ,6.0,5.0,لا
MKC-2024412,2024-08-09,2024-09-14,الحجون,ترخيص بناء,طلب ترخيص,حساب X (تويتر),مقبول ومنفذ,36.0,2.0,لا
MKC-2027450,2024-08-09,2024-08-20,الكعكية,شكوى مخالفة بناء,شكوى,تطبيق بلدي,محول لجهة أخرى,11.0,,لا
MKC-2023511,2024-08-09,2024-09-06,الرصيفة,ترخيص بناء,طلب ترخيص,المركز الموحد 940,قيد المعالجة,28.0,,لا
MKC-2025273,2024-08-09,2024-08-12,الرصيفة,شكوى إشغال طريق,شكوى,تطبيق بلدي,مغلق - تم الحل,3.0,3.0,لا
MKC-2028139,2024-08-10,2024-08-14,المسفلة,شكوى نظافة عامة,شكوى,تطبيق بلدي,مغلق - تم الحل,4.0,4.0,لا
MKC-2023294,2024-08-10,2024-08-12,الحجون,شكوى نظافة عامة,شكوى,مكتب فرعي بالحي,محول لجهة أخرى,2.0,,لا
MKC-2027798,2024-08-10,2024-08-24,جرول,ترخيص لافتات إعلانية,طلب ترخيص,تطبيق بلدي,مقبول ومنفذ,14.0,4.0,لا
MKC-2025000,2024-08-10,2024-08-19,الشرائع,شكوى إنارة شوارع,شكوى,المركز الموحد 940,مغلق - تم الحل,9.0,4.0,لا
MKC-2023562,2024-08-10,2024-08-19,الزاهر,تجديد رخصة تجارية,طلب ترخيص,تطبيق بلدي,مقبول ومنفذ,9.0,5.0,لا
MKC-2025053,2024-08-10,2024-08-21,الجميزة,ترخيص لافتات إعلانية,طلب ترخيص,مكتب فرعي بالحي,مقبول ومنفذ,11.0,3.0,لا
MKC-2024083,2024-08-10,2024-08-15,أجياد,شكوى إشغال طريق,شكوى,تطبيق بلدي,مغلق - تم الحل,5.0,3.0,لا
MKC-2028888,2024-08-10,2024-08-12,الكعكية,شكوى نظافة عامة,شكوى,تطبيق بلدي,محول لجهة أخرى,2.0,,لا
MKC-2026136,2024-08-10,2024-08-22,الششة,شكوى إنارة شوارع,شكوى,مكتب فرعي بالحي,مغلق - تم الحل,12.0,4.0,لا
MKC-2027650,2024-08-11,2024-08-14,الكعكية,شكوى إشغال طريق,شكوى,مكتب خدمة العملاء,محول لجهة أخرى,3.0,,لا
MKC-2025741,2024-08-11,,النسيم,شكوى نظافة عامة,شكوى,مكتب خدمة العملاء,قيد المعالجة,,,لا
MKC-2025139,2024-08-11,2024-08-13,الرصيفة,شكوى باعة متجولين,شكوى,تطبيق بلدي,مغلق - تم الحل,2.0,3.0,لا
MKC-2023571,2024-08-11,2024-08-23,النسيم,ترخيص لافتات إعلانية,طلب ترخيص,تطبيق بلدي,محول لجهة أخرى,12.0,,لا
MKC-2024998,2024-08-12,2024-08-15,النسيم,شكوى نظافة عامة,شكوى,حساب X (تويتر),مغلق - تم الحل,3.0,5.0,لا
MKC-2028821,2024-08-12,2024-08-17,العزيزية,شكوى إنارة شوارع,شكوى,تطبيق بلدي,مغلق - تم الحل,5.0,4.0,لا
MKC-2023921,2024-08-12,2024-08-25,النسيم,ترخيص بناء,طلب ترخيص,المركز الموحد 940,مرفوض,13.0,,لا
MKC-2027885,2024-08-12,2024-08-20,الرصيفة,شكوى صرف صحي,شكوى,تطبيق بلدي,محول لجهة أخرى,8.0,,لا
MKC-2025649,2024-08-13,,الكعكية,شكوى صرف صحي,شكوى,حساب X (تويتر),قيد المعالجة,,,لا
MKC-2024657,2024-08-13,2024-08-14,العزيزية,شكوى إنارة شوارع,شكوى,مكتب فرعي بالحي,محول لجهة أخرى,1.0,,لا
MKC-2025794,2024-08-13,2024-09-05,الهجرة,طلب صيانة حديقة/ملعب,طلب صيانة,تطبيق بلدي,مرفوض,23.0,,لا
MKC-2027254,2024-08-13,2024-08-14,الكعكية,شكوى باعة متجولين,شكوى,مكتب خدمة العملاء,مغلق - تم الحل,1.0,3.0,لا
MKC-2023941,2024-08-13,2024-08-18,العتيبية,شكوى إشغال طريق,شكوى,مكتب فرعي بالحي,مقبول ومنفذ,5.0,3.0,لا
MKC-2027037,2024-08-13,2024-08-29,العزيزية,شكوى مخالفة بناء,شكوى,تطبيق بلدي,مغلق - تم الحل,16.0,5.0,لا
MKC-2024017,2024-08-13,2024-08-19,بطحاء قريش,شكوى نظافة عامة,شكوى,مكتب خدمة العملاء,مغلق - تم الحل,6.0,5.0,لا
MKC-2026325,2024-08-13,2024-08-26,الهجرة,شكوى مخالفة بناء,شكوى,المركز الموحد 940,محول لجهة أخرى,13.0,,لا
MKC-2025380,2024-08-14,2024-08-22,المسفلة,شكوى صرف صحي,شكوى,المركز الموحد 940,مقبول ومنفذ,8.0,4.0,لا
MKC-2028893,2024-08-14,,العتيبية,شكوى مخالفة بناء,شكوى,المركز الموحد 940,قيد المعالجة,,,لا
MKC-2024577,2024-08-14,,الشوقية,شكوى نظافة عامة,شكوى,مكتب خدمة العملاء,قيد المعالجة,,,لا
MKC-2027574,2024-08-15,2024-09-11,أجياد,ترخيص تجاري,طلب ترخيص,تطبيق بلدي,مرفوض,27.0,,لا
MKC-2023324,2024-08-15,,الشوقية,ترخيص تجاري,طلب ترخيص,تطبيق بلدي,قيد المعالجة,,,لا
MKC-2024967,2024-08-15,2024-08-21,النسيم,شكوى نظافة عامة,شكوى,تطبيق بلدي,مغلق - تم الحل,6.0,4.0,لا
MKC-2026327,2024-08-15,2024-09-25,الحجون,ترخيص بناء,طلب ترخيص,تطبيق بلدي,مرفوض,41.0,,لا
MKC-2024666,2024-08-15,2024-08-23,الشرائع,شكوى صرف صحي,شكوى,المركز الموحد 940,محول لجهة أخرى,8.0,,لا
MKC-2024902,2024-08-15,2024-08-24,المسفلة,شكوى إشغال طريق,شكوى,المركز الموحد 940,محول لجهة أخرى,9.0,,لا
MKC-2026092,2024-08-16,2024-08-21,الكعكية,شكوى صرف صحي,شكوى,حساب X (تويتر),مرفوض,5.0,,لا
MKC-2027055,2024-08-16,2024-09-12,أجياد,شكوى مخالفة بناء,شكوى,تطبيق بلدي,مغلق - تم الحل,27.0,3.0,لا
MKC-2026887,2024-08-16,2024-08-30,العزيزية,شكوى مركبات مهملة,شكوى,المركز الموحد 940,مقبول ومنفذ,14.0,5.0,لا
MKC-2023773,2024-08-16,,الشوقية,ترخيص بناء,طلب ترخيص,تطبيق بلدي,قيد المعالجة,,,لا
MKC-2023427,2024-08-16,,الرصيفة,شكوى نظافة عامة,شكوى,مكتب خدمة العملاء,قيد المعالجة,,,لا
MKC-2027626,2024-08-16,2024-08-22,العزيزية,شكوى نظافة عامة,شكوى,تطبيق بلدي,محول لجهة أخرى,6.0,,لا
MKC-2024854,2024-08-16,2024-09-13,الكعكية,شكوى مخالفة بناء,شكوى,المركز الموحد 940,مغلق - تم الحل,28.0,2.0,لا
MKC-2027582,2024-08-16,2024-08-25,الرصيفة,ترخيص تجاري,طلب ترخيص,مكتب خدمة العملاء,مرفوض,9.0,,لا
MKC-2024958,2024-08-16,2024-08-20,الشرائع,شكوى مخالفة بناء,شكوى,حساب X (تويتر),مغلق - تم الحل,4.0,4.0,لا
MKC-2027491,2024-08-17,2024-08-25,الحجون,شكوى صرف صحي,شكوى,تطبيق بلدي,قيد المعالجة,8.0,,لا
MKC-2023578,2024-08-17,2024-08-22,العزيزية,ترخيص تجاري,طلب ترخيص,تطبيق بلدي,مقبول ومنفذ,5.0,5.0,لا
MKC-2023279,2024-08-17,2024-09-08,أجياد,ترخيص تجاري,طلب ترخيص,تطبيق بلدي,مقبول ومنفذ,22.0,4.0,لا
MKC-2023440,2024-08-17,2024-09-06,العزيزية,ترخيص تجاري,طلب ترخيص,تطبيق بلدي,مقبول ومنفذ,20.0,4.0,لا
MKC-2023389,2024-08-17,2024-09-05,الشوقية,ترخيص تجاري,طلب ترخيص,تطبيق بلدي,مقبول ومنفذ,19.0,5.0,لا
MKC-2024888,2024-08-17,2024-08-25,الكعكية,ترخيص تجاري,طلب ترخيص,تطبيق بلدي,مقبول ومنفذ,8.0,4.0,لا
MKC-2026722,2024-08-17,2024-08-21,أجياد,شكوى نظافة عامة,شكوى,مكتب فرعي بالحي,مقبول ومنفذ,4.0,3.0,لا
MKC-2023947,2024-08-17,2024-08-24,الزاهر,شكوى نظافة عامة,شكوى,المركز الموحد 940,مرفوض,7.0,,لا
MKC-2027523,2024-08-17,2024-08-26,العزيزية,شكوى صرف صحي,شكوى,المركز الموحد 940,مغلق - تم الحل,9.0,4.0,لا
MKC-2024665,2024-08-17,2024-08-18,بطحاء قريش,شكوى نظافة عامة,شكوى,تطبيق بلدي,مغلق - تم الحل,1.0,4.0,لا
MKC-2028578,2024-08-17,2024-08-29,الحجون,طلب صيانة حديقة/ملعب,طلب صيانة,تطبيق بلدي,محول لجهة أخرى,12.0,,لا
MKC-2026419,2024-08-17,2024-09-16,النسيم,ترخيص تجاري,طلب ترخيص,حساب X (تويتر),مقبول ومنفذ,30.0,3.0,لا
MKC-2028031,2024-08-18,2024-08-26,الشوقية,تجديد رخصة تجارية,طلب ترخيص,تطبيق بلدي,مقبول ومنفذ,8.0,4.0,لا
MKC-2024319,2024-08-18,2024-08-22,النسيم,شكوى باعة متجولين,شكوى,تطبيق بلدي,محول لجهة أخرى,4.0,,لا
MKC-2023574,2024-08-18,2024-08-27,الرصيفة,شكوى صرف صحي,شكوى,المركز الموحد 940,مغلق - تم الحل,9.0,3.0,لا
MKC-2027002,2024-08-18,2024-08-30,أجياد,ترخيص تجاري,طلب ترخيص,تطبيق بلدي,مقبول ومنفذ,12.0,4.0,لا
MKC-2024255,2024-08-18,2024-08-31,العزيزية,ترخيص تجاري,طلب ترخيص,مكتب فرعي بالحي,مقبول ومنفذ,13.0,4.0,لا
MKC-2024982,2024-08-18,2024-09-12,الزاهر,ترخيص تجاري,طلب ترخيص,تطبيق بلدي,مقبول ومنفذ,25.0,5.0,لا
MKC-2026549,2024-08-18,2024-08-21,الششة,شكوى باعة متجولين,شكوى,مكتب فرعي بالحي,مغلق - تم الحل,3.0,3.0,لا
MKC-2026714,2024-08-18,,الهجرة,شكوى مركبات مهملة,شكوى,تطبيق بلدي,قيد المعالجة,,,لا
MKC-2023927,2024-08-18,2024-08-23,جرول,تجديد رخصة تجارية,طلب ترخيص,مكتب خدمة العملاء,مقبول ومنفذ,5.0,4.0,لا
MKC-2023656,2024-08-19,2024-08-21,الهجرة,شكوى نظافة عامة,شكوى,تطبيق بلدي,محول لجهة أخرى,2.0,,لا
MKC-2023775,2024-08-19,2024-08-20,الشوقية,شكوى نظافة عامة,شكوى,مكتب خدمة العملاء,محول لجهة أخرى,1.0,,لا
MKC-2025091,2024-08-19,2024-08-27,الزاهر,شكوى مركبات مهملة,شكوى,تطبيق بلدي,مغلق - تم الحل,8.0,4.0,لا
MKC-2023654,2024-08-19,2024-09-20,الشوقية,ترخيص بناء,طلب ترخيص,مكتب فرعي بالحي,مقبول ومنفذ,32.0,4.0,لا
MKC-2023072,2024-08-19,2024-08-31,جرول,ترخيص بناء,طلب ترخيص,مكتب فرعي بالحي,مقبول ومنفذ,12.0,4.0,لا
MKC-2026499,2024-08-20,2024-08-30,الشوقية,شكوى صرف صحي,شكوى,تطبيق بلدي,مغلق - تم الحل,10.0,3.0,لا
MKC-2027246,2024-08-20,2024-08-25,أجياد,شكوى نظافة عامة,شكوى,تطبيق بلدي,محول لجهة أخرى,5.0,,لا
MKC-2027318,2024-08-20,2024-10-02,الششة,ترخيص بناء,طلب ترخيص,مكتب خدمة العملاء,قيد المعالجة,43.0,,لا
MKC-2025681,2024-08-20,2024-08-21,الهجرة,شكوى صرف صحي,شكوى,مكتب فرعي بالحي,مرفوض,1.0,,لا
MKC-2024074,2024-08-20,2024-08-22,الشوقية,شكوى نظافة عامة,شكوى,المركز الموحد 940,مغلق - تم الحل,2.0,3.0,لا
MKC-2025917,2024-08-20,2024-08-30,الرصيفة,طلب صيانة حديقة/ملعب,طلب صيانة,تطبيق بلدي,مرفوض,10.0,,لا
MKC-2025351,2024-08-20,2024-09-18,الشوقية,ترخيص تجاري,طلب ترخيص,تطبيق بلدي,مرفوض,29.0,,لا
MKC-2028698,2024-08-20,2024-08-21,النسيم,شكوى إشغال طريق,شكوى,مكتب خدمة العملاء,مغلق - تم الحل,1.0,4.0,لا
MKC-2027693,2024-08-20,2024-08-23,بطحاء قريش,شكوى إشغال طريق,شكوى,تطبيق بلدي,مرفوض,3.0,,لا
MKC-2025073,2024-08-21,2024-08-30,العتيبية,شكوى إنارة شوارع,شكوى,تطبيق بلدي,محول لجهة أخرى,9.0,,لا
MKC-2027991,2024-08-21,2024-08-28,المسفلة,شكوى نظافة عامة,شكوى,مكتب خدمة العملاء,محول لجهة أخرى,7.0,,لا
MKC-2023779,2024-08-21,2024-08-30,العزيزية,ترخيص تجاري,طلب ترخيص,المركز الموحد 940,محول لجهة أخرى,9.0,,لا
MKC-2024335,2024-08-21,2024-08-28,الهجرة,شكوى مخالفة بناء,شكوى,تطبيق بلدي,مغلق - تم الحل,7.0,5.0,لا
MKC-2026372,2024-08-21,2024-08-31,الجميزة,طلب صيانة حديقة/ملعب,طلب صيانة,مكتب خدمة العملاء,مرفوض,10.0,,لا
MKC-2028693,2024-08-21,2024-08-27,النسيم,شكوى إنارة شوارع,شكوى,مكتب خدمة العملاء,محول لجهة أخرى,6.0,,لا
MKC-2026742,2024-08-22,2024-09-02,العزيزية,طلب صيانة حديقة/ملعب,طلب صيانة,تطبيق بلدي,مقبول ومنفذ,11.0,4.0,لا
MKC-2027498,2024-08-22,2024-08-31,العزيزية,شكوى مخالفة بناء,شكوى,مكتب خدمة العملاء,محول لجهة أخرى,9.0,,لا
MKC-2024788,2024-08-22,2024-08-23,الرصيفة,شكوى نظافة عامة,شكوى,حساب X (تويتر),مغلق - تم الحل,1.0,3.0,لا
MKC-2023115,2024-08-22,2024-08-27,جرول,شكوى إشغال طريق,شكوى,مكتب فرعي بالحي,مغلق - تم الحل,5.0,4.0,لا
MKC-2024496,2024-08-22,,النوارية,شكوى صرف صحي,شكوى,المركز الموحد 940,قيد المعالجة,,,لا
MKC-2027688,2024-08-22,2024-09-18,النوارية,ترخيص تجاري,طلب ترخيص,تطبيق بلدي,مقبول ومنفذ,27.0,3.0,لا
MKC-2027277,2024-08-22,2024-09-05,الكعكية,شكوى مخالفة بناء,شكوى,تطبيق بلدي,محول لجهة أخرى,14.0,,لا
MKC-2023520,2024-08-22,2024-09-06,جرول,طلب صيانة حديقة/ملعب,طلب صيانة,تطبيق بلدي,مقبول ومنفذ,15.0,5.0,لا
MKC-2027137,2024-08-22,2024-08-29,الشوقية,شكوى صرف صحي,شكوى,مكتب خدمة العملاء,مغلق - تم الحل,7.0,3.0,لا
MKC-2026492,2024-08-22,2024-08-23,بطحاء قريش,شكوى نظافة عامة,شكوى,مكتب خدمة العملاء,مغلق - تم الحل,1.0,5.0,لا
MKC-2027606,2024-08-23,2024-08-31,جرول,طلب صيانة حديقة/ملعب,طلب صيانة,تطبيق بلدي,مقبول ومنفذ,8.0,4.0,لا
MKC-2025155,2024-08-23,2024-09-27,الهجرة,ترخيص بناء,طلب ترخيص,تطبيق بلدي,مقبول ومنفذ,35.0,3.0,لا
MKC-2023304,2024-08-23,2024-08-31,النسيم,تجديد رخصة تجارية,طلب ترخيص,مكتب فرعي بالحي,محول لجهة أخرى,8.0,,لا
MKC-2023002,2024-08-24,2024-10-02,العزيزية,ترخيص بناء,طلب ترخيص,تطبيق بلدي,محول لجهة أخرى,39.0,,لا
MKC-2023852,2024-08-24,2024-09-02,الجميزة,شكوى مركبات مهملة,شكوى,حساب X (تويتر),مغلق - تم الحل,9.0,3.0,لا
MKC-2023645,2024-08-24,2024-08-25,جرول,شكوى نظافة عامة,شكوى,المركز الموحد 940,مغلق - تم الحل,1.0,5.0,لا
MKC-2025577,2024-08-24,2024-09-05,أجياد,ترخيص لافتات إعلانية,طلب ترخيص,تطبيق بلدي,مقبول ومنفذ,12.0,4.0,لا
MKC-2027956,2024-08-24,2024-08-28,أجياد,شكوى إنارة شوارع,شكوى,مكتب فرعي بالحي,مغلق - تم الحل,4.0,5.0,لا
MKC-2026148,2024-08-24,2024-08-26,المسفلة,شكوى نظافة عامة,شكوى,مكتب فرعي بالحي,مقبول ومنفذ,2.0,5.0,لا
MKC-2027940,2024-08-24,2024-09-02,جرول,شكوى إنارة شوارع,شكوى,تطبيق بلدي,مقبول ومنفذ,9.0,4.0,لا
MKC-2026649,2024-08-25,2024-09-17,بطحاء قريش,طلب صيانة حديقة/ملعب,طلب صيانة,حساب X (تويتر),مرفوض,23.0,,لا
MKC-2025070,2024-08-25,2024-09-05,الشرائع,شكوى صرف صحي,شكوى,تطبيق بلدي,مغلق - تم الحل,11.0,3.0,لا
MKC-2027162,2024-08-25,2024-10-07,الجميزة,ترخيص بناء,طلب ترخيص,مكتب خدمة العملاء,مغلق - تم الحل,43.0,3.0,لا
MKC-2024865,2024-08-25,2024-10-02,النوارية,ترخيص بناء,طلب ترخيص,المركز الموحد 940,مرفوض,38.0,,لا
MKC-2026027,2024-08-25,2024-08-30,الزاهر,طلب صيانة حديقة/ملعب,طلب صيانة,مكتب خدمة العملاء,محول لجهة أخرى,5.0,,لا
MKC-2024980,2024-08-25,2024-08-31,الكعكية,تجديد رخصة تجارية,طلب ترخيص,المركز الموحد 940,محول لجهة أخرى,6.0,,لا
MKC-2027884,2024-08-25,2024-08-27,الزاهر,شكوى إنارة شوارع,شكوى,مكتب خدمة العملاء,مغلق - تم الحل,2.0,4.0,لا
MKC-2028273,2024-08-25,2024-08-28,النسيم,شكوى باعة متجولين,شكوى,المركز الموحد 940,محول لجهة أخرى,3.0,,لا
MKC-2026420,2024-08-26,2024-09-06,الكعكية,شكوى إنارة شوارع,شكوى,مكتب خدمة العملاء,محول لجهة أخرى,11.0,,لا
MKC-2026566,2024-08-26,2024-09-04,الهجرة,شكوى مركبات مهملة,شكوى,تطبيق بلدي,مقبول ومنفذ,9.0,4.0,لا
MKC-2025617,2024-08-26,2024-09-08,الزاهر,شكوى إنارة شوارع,شكوى,المركز الموحد 940,مغلق - تم الحل,13.0,3.0,لا
MKC-2023333,2024-08-26,2024-09-17,الهجرة,ترخيص تجاري,طلب ترخيص,مكتب خدمة العملاء,محول لجهة أخرى,22.0,,لا
MKC-2024165,2024-08-26,2024-08-31,النوارية,تجديد رخصة تجارية,طلب ترخيص,مكتب خدمة العملاء,مقبول ومنفذ,5.0,4.0,لا
MKC-2025714,2024-08-26,2024-08-29,الزاهر,شكوى إنارة شوارع,شكوى,تطبيق بلدي,مغلق - تم الحل,3.0,3.0,لا
MKC-2024240,2024-08-26,2024-09-06,الرصيفة,ترخيص بناء,طلب ترخيص,تطبيق بلدي,مقبول ومنفذ,11.0,4.0,لا
MKC-2025278,2024-08-26,2024-08-28,الزاهر,شكوى إنارة شوارع,شكوى,المركز الموحد 940,محول لجهة أخرى,2.0,,لا
MKC-2024098,2024-08-26,2024-08-29,الهجرة,شكوى نظافة عامة,شكوى,تطبيق بلدي,مغلق - تم الحل,3.0,3.0,لا
MKC-2028494,2024-08-26,2024-08-29,الحجون,شكوى صرف صحي,شكوى,تطبيق بلدي,محول لجهة أخرى,3.0,,لا
MKC-2024048,2024-08-26,2024-09-15,الشوقية,شكوى مخالفة بناء,شكوى,المركز الموحد 940,مقبول ومنفذ,20.0,3.0,لا
MKC-2028099,2024-08-27,2024-09-12,الشرائع,شكوى مخالفة بناء,شكوى,تطبيق بلدي,محول لجهة أخرى,16.0,,لا
MKC-2028998,2024-08-27,2024-08-30,الهجرة,شكوى باعة متجولين,شكوى,تطبيق بلدي,مغلق - تم الحل,3.0,4.0,لا
MKC-2024631,2024-08-27,2024-09-13,الرصيفة,شكوى مخالفة بناء,شكوى,تطبيق بلدي,محول لجهة أخرى,17.0,,لا
MKC-2023742,2024-08-28,2024-09-09,الششة,ترخيص بناء,طلب ترخيص,حساب X (تويتر),مقبول ومنفذ,12.0,4.0,لا
MKC-2025643,2024-08-28,2024-09-01,الجميزة,شكوى مركبات مهملة,شكوى,تطبيق بلدي,مغلق - تم الحل,4.0,3.0,لا
MKC-2028292,2024-08-28,2024-09-03,الحجون,شكوى صرف صحي,شكوى,تطبيق بلدي,محول لجهة أخرى,6.0,,لا
MKC-2028573,2024-08-28,2024-08-31,النسيم,شكوى إنارة شوارع,شكوى,المركز الموحد 940,مغلق - تم الحل,3.0,4.0,لا
MKC-2025346,2024-08-28,2024-09-16,العزيزية,شكوى مركبات مهملة,شكوى,تطبيق بلدي,مغلق - تم الحل,19.0,4.0,لا
MKC-2027273,2024-08-28,2024-09-22,جرول,طلب صيانة حديقة/ملعب,طلب صيانة,تطبيق بلدي,محول لجهة أخرى,25.0,,لا
MKC-2024452,2024-08-29,2024-09-06,العزيزية,تجديد رخصة تجارية,طلب ترخيص,تطبيق بلدي,مقبول ومنفذ,8.0,5.0,لا
MKC-2027484,2024-08-29,2024-09-07,الجميزة,شكوى صرف صحي,شكوى,تطبيق بلدي,مغلق - تم الحل,9.0,3.0,لا
MKC-2026187,2024-08-29,2024-09-03,بطحاء قريش,تجديد رخصة تجارية,طلب ترخيص,تطبيق بلدي,محول لجهة أخرى,5.0,,لا
MKC-2025471,2024-08-29,2024-09-02,الشوقية,شكوى نظافة عامة,شكوى,المركز الموحد 940,مغلق - تم الحل,4.0,4.0,لا
MKC-2028851,2024-08-29,2024-09-07,النسيم,شكوى صرف صحي,شكوى,مكتب فرعي بالحي,محول لجهة أخرى,9.0,,لا
MKC-2028322,2024-08-29,2024-09-04,جرول,شكوى إشغال طريق,شكوى,تطبيق بلدي,مقبول ومنفذ,6.0,5.0,لا
MKC-2027610,2024-08-29,2024-10-13,المسفلة,ترخيص بناء,طلب ترخيص,مكتب فرعي بالحي,مقبول ومنفذ,45.0,3.0,لا
MKC-2026550,2024-08-29,2024-09-07,العتيبية,ترخيص لافتات إعلانية,طلب ترخيص,المركز الموحد 940,مغلق - تم الحل,9.0,5.0,لا
MKC-2023639,2024-08-30,2024-09-21,أجياد,ترخيص تجاري,طلب ترخيص,تطبيق بلدي,مقبول ومنفذ,22.0,4.0,لا
MKC-2026912,2024-08-30,2024-09-04,العتيبية,شكوى نظافة عامة,شكوى,تطبيق بلدي,مغلق - تم الحل,5.0,4.0,لا
MKC-2024727,2024-08-30,2024-09-15,الشرائع,ترخيص تجاري,طلب ترخيص,المركز الموحد 940,مقبول ومنفذ,16.0,4.0,لا
MKC-2027117,2024-08-30,2024-09-07,الششة,شكوى صرف صحي,شكوى,تطبيق بلدي,محول لجهة أخرى,8.0,,لا
MKC-2023866,2024-08-30,2024-09-02,الشوقية,شكوى باعة متجولين,شكوى,تطبيق بلدي,محول لجهة أخرى,3.0,,لا
MKC-2024734,2024-08-31,2024-09-05,الكعكية,شكوى نظافة عامة,شكوى,مكتب فرعي بالحي,مغلق - تم الحل,5.0,4.0,لا
MKC-2027537,2024-08-31,2024-09-08,الزاهر,تجديد رخصة تجارية,طلب ترخيص,تطبيق بلدي,محول لجهة أخرى,8.0,,لا
MKC-2028185,2024-08-31,2024-09-06,العتيبية,شكوى صرف صحي,شكوى,تطبيق بلدي,محول لجهة أخرى,6.0,,لا
MKC-2026381,2024-08-31,2024-09-05,العتيبية,ترخيص لافتات إعلانية,طلب ترخيص,مكتب خدمة العملاء,مقبول ومنفذ,5.0,5.0,لا
MKC-2028783,2024-08-31,2024-09-05,النوارية,شكوى إشغال طريق,شكوى,تطبيق بلدي,مغلق - تم الحل,5.0,3.0,لا
MKC-2024278,2024-08-31,2024-09-10,الرصيفة,ترخيص بناء,طلب ترخيص,المركز الموحد 940,مقبول ومنفذ,10.0,5.0,لا
MKC-2026176,2024-09-01,2024-09-08,الرصيفة,شكوى مخالفة بناء,شكوى,المركز الموحد 940,مغلق - تم الحل,7.0,4.0,لا
MKC-2028680,2024-09-01,2024-09-06,العزيزية,شكوى نظافة عامة,شكوى,المركز الموحد 940,محول لجهة أخرى,5.0,,لا
MKC-2024669,2024-09-01,2024-09-10,الرصيفة,شكوى إنارة شوارع,شكوى,مكتب خدمة العملاء,مقبول ومنفذ,9.0,4.0,لا
MKC-2023251,2024-09-01,2024-09-10,جرول,شكوى إنارة شوارع,شكوى,المركز الموحد 940,محول لجهة أخرى,9.0,,لا
MKC-2024559,2024-09-01,2024-10-04,جرول,ترخيص بناء,طلب ترخيص,المركز الموحد 940,مقبول ومنفذ,33.0,2.0,لا
MKC-2023606,2024-09-01,2024-09-06,المسفلة,شكوى مركبات مهملة,شكوى,حساب X (تويتر),مغلق - تم الحل,5.0,4.0,لا
MKC-2023245,2024-09-01,2024-09-06,الشوقية,شكوى نظافة عامة,شكوى,تطبيق بلدي,محول لجهة أخرى,5.0,,لا
MKC-2026710,2024-09-01,2024-09-03,العزيزية,شكوى نظافة عامة,شكوى,مكتب خدمة العملاء,مرفوض,2.0,,لا
MKC-2024408,2024-09-01,2024-09-02,المسفلة,شكوى باعة متجولين,شكوى,مكتب فرعي بالحي,مغلق - تم الحل,1.0,4.0,لا
MKC-2026921,2024-09-01,,الششة,شكوى نظافة عامة,شكوى,تطبيق بلدي,قيد المعالجة,,,لا
MKC-2025336,2024-09-02,2024-09-14,الششة,طلب صيانة حديقة/ملعب,طلب صيانة,المركز الموحد 940,مقبول ومنفذ,12.0,4.0,لا
MKC-2026521,2024-09-02,2024-09-16,الزاهر,ترخيص بناء,طلب ترخيص,مكتب خدمة العملاء,مقبول ومنفذ,14.0,4.0,لا
MKC-2027237,2024-09-02,2024-09-05,الشرائع,تجديد رخصة تجارية,طلب ترخيص,تطبيق بلدي,مقبول ومنفذ,3.0,4.0,لا
MKC-2028918,2024-09-02,2024-09-11,الشوقية,شكوى إشغال طريق,شكوى,حساب X (تويتر),محول لجهة أخرى,9.0,,لا
MKC-2028671,2024-09-02,2024-09-07,الكعكية,شكوى إشغال طريق,شكوى,تطبيق بلدي,محول لجهة أخرى,5.0,,لا
MKC-2028342,2024-09-02,2024-09-19,الشوقية,ترخيص تجاري,طلب ترخيص,مكتب فرعي بالحي,مقبول ومنفذ,17.0,5.0,لا
MKC-2027785,2024-09-02,2024-09-11,العزيزية,شكوى إشغال طريق,شكوى,مكتب خدمة العملاء,مغلق - تم الحل,9.0,5.0,لا
MKC-2026074,2024-09-03,,النسيم,شكوى إنارة شوارع,شكوى,مكتب فرعي بالحي,قيد المعالجة,,,لا
MKC-2027748,2024-09-03,2024-09-12,بطحاء قريش,شكوى مخالفة بناء,شكوى,المركز الموحد 940,مغلق - تم الحل,9.0,3.0,لا
MKC-2026596,2024-09-03,2024-09-05,أجياد,شكوى نظافة عامة,شكوى,مكتب خدمة العملاء,مغلق - تم الحل,2.0,5.0,لا
MKC-2025269,2024-09-03,2024-10-11,أجياد,ترخيص بناء,طلب ترخيص,المركز الموحد 940,مقبول ومنفذ,38.0,4.0,لا
MKC-2025274,2024-09-03,2024-10-06,الزاهر,ترخيص بناء,طلب ترخيص,المركز الموحد 940,مرفوض,33.0,,لا
MKC-2028267,2024-09-03,2024-09-10,النسيم,شكوى نظافة عامة,شكوى,تطبيق بلدي,مغلق - تم الحل,7.0,5.0,لا
MKC-2025756,2024-09-03,2024-10-12,الزاهر,ترخيص بناء,طلب ترخيص,تطبيق بلدي,محول لجهة أخرى,39.0,,لا
MKC-2025699,2024-09-04,2024-09-30,الحجون,ترخيص تجاري,طلب ترخيص,تطبيق بلدي,مرفوض,26.0,,لا
MKC-2027655,2024-09-04,2024-09-20,الشوقية,شكوى مركبات مهملة,شكوى,المركز الموحد 940,مغلق - تم الحل,16.0,3.0,لا
MKC-2024377,2024-09-05,2024-09-09,النسيم,طلب صيانة حديقة/ملعب,طلب صيانة,مكتب خدمة العملاء,مقبول ومنفذ,4.0,5.0,لا
MKC-2025376,2024-09-05,2024-10-02,الحجون,ترخيص بناء,طلب ترخيص,تطبيق بلدي,مقبول ومنفذ,27.0,4.0,لا
MKC-2025460,2024-09-06,2024-10-01,الرصيفة,ترخيص تجاري,طلب ترخيص,تطبيق بلدي,مقبول ومنفذ,25.0,3.0,لا
MKC-2027973,2024-09-06,2024-09-13,الشوقية,شكوى إشغال طريق,شكوى,حساب X (تويتر),قيد المعالجة,7.0,,لا
MKC-2027225,2024-09-06,2024-09-15,الرصيفة,شكوى مخالفة بناء,شكوى,المركز الموحد 940,محول لجهة أخرى,9.0,,لا
MKC-2024579,2024-09-06,2024-09-11,جرول,طلب صيانة حديقة/ملعب,طلب صيانة,تطبيق بلدي,مقبول ومنفذ,5.0,4.0,لا
MKC-2024194,2024-09-06,2024-09-07,الشرائع,شكوى نظافة عامة,شكوى,مكتب فرعي بالحي,محول لجهة أخرى,1.0,,لا
MKC-2025212,2024-09-06,2024-09-10,النسيم,شكوى نظافة عامة,شكوى,تطبيق بلدي,محول لجهة أخرى,4.0,,لا
MKC-2023703,2024-09-07,2024-09-15,العتيبية,شكوى صرف صحي,شكوى,المركز الموحد 940,محول لجهة أخرى,8.0,,لا
MKC-2023828,2024-09-07,2024-09-16,الشوقية,تجديد رخصة تجارية,طلب ترخيص,تطبيق بلدي,مقبول ومنفذ,9.0,5.0,لا
MKC-2025811,2024-09-07,2024-10-03,الكعكية,ترخيص تجاري,طلب ترخيص,مكتب خدمة العملاء,محول لجهة أخرى,26.0,,لا
MKC-2028836,2024-09-07,2024-09-18,الرصيفة,ترخيص لافتات إعلانية,طلب ترخيص,مكتب خدمة العملاء,مغلق - تم الحل,11.0,4.0,لا
MKC-2028271,2024-09-08,2024-09-17,العزيزية,شكوى إنارة شوارع,شكوى,مكتب فرعي بالحي,محول لجهة أخرى,9.0,,لا
MKC-2027679,2024-09-08,2024-09-15,الششة,شكوى مخالفة بناء,شكوى,مكتب خدمة العملاء,مغلق - تم الحل,7.0,5.0,لا
MKC-2023197,2024-09-08,2024-09-09,الششة,شكوى نظافة عامة,شكوى,مكتب فرعي بالحي,محول لجهة أخرى,1.0,,لا
MKC-2027668,2024-09-08,2024-09-09,النوارية,شكوى إنارة شوارع,شكوى,المركز الموحد 940,محول لجهة أخرى,1.0,,لا
MKC-2024354,2024-09-08,,أجياد,تجديد رخصة تجارية,طلب ترخيص,حساب X (تويتر),قيد المعالجة,,,لا
MKC-2025694,2024-09-08,2024-09-28,بطحاء قريش,شكوى مخالفة بناء,شكوى,تطبيق بلدي,مغلق - تم الحل,20.0,4.0,لا
MKC-2024192,2024-09-08,2024-09-29,الرصيفة,ترخيص بناء,طلب ترخيص,تطبيق بلدي,محول لجهة أخرى,21.0,,لا
MKC-2024070,2024-09-08,2024-09-19,العتيبية,ترخيص بناء,طلب ترخيص,المركز الموحد 940,محول لجهة أخرى,11.0,,لا
MKC-2028134,2024-09-08,2024-10-16,بطحاء قريش,ترخيص بناء,طلب ترخيص,مكتب فرعي بالحي,مقبول ومنفذ,38.0,3.0,لا
MKC-2023278,2024-09-08,2024-09-21,العزيزية,ترخيص تجاري,طلب ترخيص,مكتب خدمة العملاء,مقبول ومنفذ,13.0,3.0,لا
MKC-2025949,2024-09-08,2024-09-19,الشوقية,شكوى إنارة شوارع,شكوى,تطبيق بلدي,مغلق - تم الحل,11.0,4.0,لا
MKC-2028504,2024-09-08,2024-09-25,الهجرة,طلب صيانة حديقة/ملعب,طلب صيانة,تطبيق بلدي,محول لجهة أخرى,17.0,,لا
MKC-2027408,2024-09-08,2024-09-14,الرصيفة,شكوى إنارة شوارع,شكوى,مكتب خدمة العملاء,مغلق - تم الحل,6.0,5.0,لا
MKC-2023948,2024-09-08,2024-09-16,الشوقية,شكوى صرف صحي,شكوى,تطبيق بلدي,مغلق - تم الحل,8.0,5.0,لا
MKC-2025979,2024-09-08,2024-09-26,العزيزية,ترخيص تجاري,طلب ترخيص,مكتب فرعي بالحي,مقبول ومنفذ,18.0,3.0,لا
MKC-2026090,2024-09-08,2024-09-16,الشرائع,تجديد رخصة تجارية,طلب ترخيص,مكتب خدمة العملاء,مقبول ومنفذ,8.0,4.0,لا
MKC-2025692,2024-09-09,2024-09-17,بطحاء قريش,شكوى إشغال طريق,شكوى,مكتب خدمة العملاء,محول لجهة أخرى,8.0,,لا
MKC-2026747,2024-09-09,2024-09-20,الرصيفة,ترخيص تجاري,طلب ترخيص,مكتب خدمة العملاء,مقبول ومنفذ,11.0,5.0,لا
MKC-2028771,2024-09-09,,الرصيفة,تجديد رخصة تجارية,طلب ترخيص,المركز الموحد 940,قيد المعالجة,,,لا
MKC-2025235,2024-09-09,2024-10-20,أجياد,ترخيص بناء,طلب ترخيص,تطبيق بلدي,مقبول ومنفذ,41.0,2.0,لا
MKC-2027571,2024-09-09,,الرصيفة,تجديد رخصة تجارية,طلب ترخيص,مكتب فرعي بالحي,قيد المعالجة,,,لا
MKC-2024708,2024-09-09,2024-09-20,الكعكية,شكوى إنارة شوارع,شكوى,مكتب فرعي بالحي,مغلق - تم الحل,11.0,5.0,لا
MKC-2028255,2024-09-09,2024-09-16,الرصيفة,شكوى نظافة عامة,شكوى,مكتب فرعي بالحي,قيد المعالجة,7.0,,لا
MKC-2026948,2024-09-09,2024-09-10,الشوقية,شكوى صرف صحي,شكوى,تطبيق بلدي,مقبول ومنفذ,1.0,3.0,لا
MKC-2025620,2024-09-10,2024-09-13,جرول,شكوى إشغال طريق,شكوى,تطبيق بلدي,مغلق - تم الحل,3.0,4.0,لا
MKC-2028928,2024-09-10,2024-09-18,الهجرة,تجديد رخصة تجارية,طلب ترخيص,المركز الموحد 940,مقبول ومنفذ,8.0,3.0,لا
MKC-2027512,2024-09-10,2024-09-24,الرصيفة,طلب صيانة حديقة/ملعب,طلب صيانة,حساب X (تويتر),محول لجهة أخرى,14.0,,لا
MKC-2024678,2024-09-10,2024-09-24,الشرائع,ترخيص تجاري,طلب ترخيص,تطبيق بلدي,مقبول ومنفذ,14.0,3.0,لا
MKC-2027347,2024-09-10,2024-09-14,العتيبية,شكوى إنارة شوارع,شكوى,المركز الموحد 940,مغلق - تم الحل,4.0,4.0,لا
MKC-2023911,2024-09-10,2024-10-20,الشوقية,ترخيص بناء,طلب ترخيص,تطبيق بلدي,مقبول ومنفذ,40.0,3.0,لا
MKC-2027903,2024-09-11,2024-09-17,الجميزة,شكوى نظافة عامة,شكوى,مكتب فرعي بالحي,مغلق - تم الحل,6.0,4.0,لا
MKC-2026427,2024-09-11,2024-09-14,العزيزية,طلب صيانة حديقة/ملعب,طلب صيانة,المركز الموحد 940,محول لجهة أخرى,3.0,,لا
MKC-2027442,2024-09-11,2024-09-16,بطحاء قريش,شكوى صرف صحي,شكوى,تطبيق بلدي,مقبول ومنفذ,5.0,4.0,لا
MKC-2023857,2024-09-11,2024-09-13,الزاهر,شكوى نظافة عامة,شكوى,مكتب فرعي بالحي,مغلق - تم الحل,2.0,4.0,لا
MKC-2026404,2024-09-11,2024-09-19,العتيبية,طلب صيانة حديقة/ملعب,طلب صيانة,تطبيق بلدي,مقبول ومنفذ,8.0,5.0,لا
MKC-2026675,2024-09-11,2024-10-05,جرول,ترخيص تجاري,طلب ترخيص,مكتب فرعي بالحي,مغلق - تم الحل,24.0,4.0,لا
MKC-2024338,2024-09-11,2024-09-18,العزيزية,شكوى إشغال طريق,شكوى,تطبيق بلدي,مغلق - تم الحل,7.0,4.0,لا
MKC-2024151,2024-09-12,2024-09-17,الجميزة,شكوى صرف صحي,شكوى,المركز الموحد 940,مرفوض,5.0,,لا
MKC-2026658,2024-09-12,2024-09-21,بطحاء قريش,شكوى صرف صحي,شكوى,مكتب خدمة العملاء,قيد المعالجة,9.0,,لا
MKC-2028786,2024-09-12,2024-10-04,النوارية,طلب صيانة حديقة/ملعب,طلب صيانة,حساب X (تويتر),محول لجهة أخرى,22.0,,لا
MKC-2025164,2024-09-12,2024-10-20,الشوقية,ترخيص بناء,طلب ترخيص,تطبيق بلدي,مقبول ومنفذ,38.0,4.0,لا
MKC-2026444,2024-09-12,2024-09-19,الحجون,تجديد رخصة تجارية,طلب ترخيص,تطبيق بلدي,مقبول ومنفذ,7.0,4.0,لا
MKC-2027923,2024-09-12,2024-09-21,بطحاء قريش,شكوى إشغال طريق,شكوى,تطبيق بلدي,مغلق - تم الحل,9.0,5.0,لا
MKC-2027906,2024-09-12,2024-09-16,العزيزية,ترخيص لافتات إعلانية,طلب ترخيص,حساب X (تويتر),مرفوض,4.0,,لا
MKC-2028555,2024-09-12,2024-09-16,النسيم,شكوى إشغال طريق,شكوى,المركز الموحد 940,مغلق - تم الحل,4.0,4.0,لا
MKC-2028569,2024-09-12,2024-09-21,العزيزية,شكوى إنارة شوارع,شكوى,تطبيق بلدي,مغلق - تم الحل,9.0,4.0,لا
MKC-2028022,2024-09-12,2024-10-05,العزيزية,طلب صيانة حديقة/ملعب,طلب صيانة,تطبيق بلدي,مقبول ومنفذ,23.0,4.0,لا
MKC-2026248,2024-09-12,2024-09-21,العتيبية,شكوى إشغال طريق,شكوى,المركز الموحد 940,مقبول ومنفذ,9.0,4.0,لا
MKC-2027840,2024-09-12,2024-09-17,جرول,شكوى نظافة عامة,شكوى,تطبيق بلدي,مغلق - تم الحل,5.0,3.0,لا
MKC-2024325,2024-09-12,2024-09-21,جرول,شكوى إشغال طريق,شكوى,المركز الموحد 940,مغلق - تم الحل,9.0,5.0,لا
MKC-2023405,2024-09-12,2024-10-07,المسفلة,طلب صيانة حديقة/ملعب,طلب صيانة,حساب X (تويتر),محول لجهة أخرى,25.0,,لا
MKC-2028194,2024-09-13,2024-09-18,الشرائع,تجديد رخصة تجارية,طلب ترخيص,المركز الموحد 940,مقبول ومنفذ,5.0,4.0,لا
MKC-2023816,2024-09-13,2024-09-26,الششة,ترخيص بناء,طلب ترخيص,تطبيق بلدي,مقبول ومنفذ,13.0,4.0,لا
MKC-2028486,2024-09-13,2024-09-20,الحجون,شكوى إنارة شوارع,شكوى,المركز الموحد 940,مغلق - تم الحل,7.0,4.0,لا
MKC-2026945,2024-09-14,2024-09-16,جرول,شكوى نظافة عامة,شكوى,مكتب خدمة العملاء,مغلق - تم الحل,2.0,4.0,لا
MKC-2028725,2024-09-14,2024-10-19,العتيبية,ترخيص بناء,طلب ترخيص,تطبيق بلدي,مقبول ومنفذ,35.0,3.0,لا
MKC-2028905,2024-09-14,2024-09-21,الكعكية,ترخيص لافتات إعلانية,طلب ترخيص,تطبيق بلدي,مقبول ومنفذ,7.0,3.0,لا
MKC-2026907,2024-09-14,2024-09-18,العزيزية,شكوى باعة متجولين,شكوى,المركز الموحد 940,محول لجهة أخرى,4.0,,لا
MKC-2023895,2024-09-14,2024-09-24,بطحاء قريش,شكوى صرف صحي,شكوى,تطبيق بلدي,مغلق - تم الحل,10.0,3.0,لا
MKC-2025645,2024-09-14,2024-09-19,النوارية,تجديد رخصة تجارية,طلب ترخيص,المركز الموحد 940,مقبول ومنفذ,5.0,5.0,لا
MKC-2025933,2024-09-14,2024-09-18,النسيم,شكوى باعة متجولين,شكوى,المركز الموحد 940,مقبول ومنفذ,4.0,3.0,لا
MKC-2027656,2024-09-15,2024-10-30,الكعكية,ترخيص بناء,طلب ترخيص,تطبيق بلدي,مقبول ومنفذ,45.0,3.0,لا
MKC-2026063,2024-09-15,2024-09-22,الهجرة,شكوى إنارة شوارع,شكوى,تطبيق بلدي,قيد المعالجة,7.0,,لا
MKC-2025754,2024-09-15,2024-10-21,الزاهر,ترخيص بناء,طلب ترخيص,تطبيق بلدي,محول لجهة أخرى,36.0,,لا
MKC-2024522,2024-09-15,2024-09-20,الهجرة,شكوى صرف صحي,شكوى,مكتب فرعي بالحي,مغلق - تم الحل,5.0,4.0,لا
MKC-2024773,2024-09-15,2024-10-04,العتيبية,ترخيص تجاري,طلب ترخيص,تطبيق بلدي,محول لجهة أخرى,19.0,,لا
MKC-2026597,2024-09-15,2024-09-17,المسفلة,تجديد رخصة تجارية,طلب ترخيص,مكتب خدمة العملاء,مرفوض,2.0,,لا
MKC-2028650,2024-09-16,2024-09-24,الشرائع,شكوى مخالفة بناء,شكوى,حساب X (تويتر),مغلق - تم الحل,8.0,3.0,لا
MKC-2027589,2024-09-16,2024-09-28,الكعكية,طلب صيانة حديقة/ملعب,طلب صيانة,تطبيق بلدي,مرفوض,12.0,,لا
MKC-2028484,2024-09-16,,بطحاء قريش,شكوى مركبات مهملة,شكوى,تطبيق بلدي,قيد المعالجة,,,لا
MKC-2023451,2024-09-16,2024-10-06,الحجون,ترخيص تجاري,طلب ترخيص,المركز الموحد 940,مرفوض,20.0,,لا
MKC-2024713,2024-09-16,2024-10-10,الزاهر,طلب صيانة حديقة/ملعب,طلب صيانة,تطبيق بلدي,مقبول ومنفذ,24.0,3.0,لا
MKC-2025494,2024-09-16,2024-09-24,الكعكية,تجديد رخصة تجارية,طلب ترخيص,تطبيق بلدي,مرفوض,8.0,,لا
MKC-2026700,2024-09-16,2024-09-26,الشرائع,شكوى إنارة شوارع,شكوى,المركز الموحد 940,محول لجهة أخرى,10.0,,لا
MKC-2026337,2024-09-16,2024-09-19,الرصيفة,شكوى نظافة عامة,شكوى,تطبيق بلدي,محول لجهة أخرى,3.0,,لا
MKC-2027197,2024-09-17,2024-09-25,جرول,شكوى صرف صحي,شكوى,المركز الموحد 940,محول لجهة أخرى,8.0,,لا
MKC-2028364,2024-09-17,2024-09-26,جرول,شكوى إشغال طريق,شكوى,تطبيق بلدي,محول لجهة أخرى,9.0,,لا
MKC-2025005,2024-09-17,2024-10-05,العزيزية,ترخيص تجاري,طلب ترخيص,تطبيق بلدي,مغلق - تم الحل,18.0,4.0,لا
MKC-2028038,2024-09-17,2024-09-20,العزيزية,شكوى نظافة عامة,شكوى,حساب X (تويتر),مقبول ومنفذ,3.0,5.0,لا
MKC-2024119,2024-09-17,2024-09-19,العزيزية,شكوى نظافة عامة,شكوى,مكتب فرعي بالحي,مقبول ومنفذ,2.0,4.0,لا
MKC-2026626,2024-09-17,2024-09-22,الرصيفة,تجديد رخصة تجارية,طلب ترخيص,مكتب خدمة العملاء,مقبول ومنفذ,5.0,4.0,لا
MKC-2024736,2024-09-18,2024-09-19,الهجرة,شكوى إشغال طريق,شكوى,تطبيق بلدي,مرفوض,1.0,,لا
MKC-2026542,2024-09-18,2024-10-07,الزاهر,شكوى مركبات مهملة,شكوى,تطبيق بلدي,مقبول ومنفذ,19.0,4.0,لا
MKC-2028263,2024-09-18,2024-09-27,العزيزية,شكوى إشغال طريق,شكوى,تطبيق بلدي,محول لجهة أخرى,9.0,,لا
MKC-2025363,2024-09-18,2024-09-22,العزيزية,شكوى باعة متجولين,شكوى,تطبيق بلدي,محول لجهة أخرى,4.0,,لا
MKC-2027861,2024-09-18,2024-09-27,الرصيفة,تجديد رخصة تجارية,طلب ترخيص,مكتب خدمة العملاء,مغلق - تم الحل,9.0,5.0,لا
MKC-2023501,2024-09-19,,الشوقية,شكوى إنارة شوارع,شكوى,مكتب فرعي بالحي,قيد المعالجة,,,لا
MKC-2027122,2024-09-19,2024-10-13,العزيزية,شكوى مخالفة بناء,شكوى,تطبيق بلدي,محول لجهة أخرى,24.0,,لا
MKC-2023661,2024-09-19,2024-09-25,الشوقية,شكوى نظافة عامة,شكوى,مكتب خدمة العملاء,محول لجهة أخرى,6.0,,لا
MKC-2026050,2024-09-19,2024-09-22,الجميزة,شكوى نظافة عامة,شكوى,المركز الموحد 940,مغلق - تم الحل,3.0,5.0,لا
MKC-2025610,2024-09-19,2024-09-24,العتيبية,شكوى نظافة عامة,شكوى,المركز الموحد 940,قيد المعالجة,5.0,,لا
MKC-2028731,2024-09-19,2024-10-14,الششة,ترخيص بناء,طلب ترخيص,مكتب خدمة العملاء,مرفوض,25.0,,لا
MKC-2025772,2024-09-19,2024-10-10,المسفلة,ترخيص تجاري,طلب ترخيص,تطبيق بلدي,مقبول ومنفذ,21.0,3.0,لا
MKC-2023955,2024-09-20,2024-09-23,الكعكية,شكوى نظافة عامة,شكوى,مكتب فرعي بالحي,مغلق - تم الحل,3.0,5.0,لا
MKC-2025286,2024-09-20,2024-09-25,الزاهر,تجديد رخصة تجارية,طلب ترخيص,المركز الموحد 940,مرفوض,5.0,,لا
MKC-2024752,2024-09-20,2024-09-23,بطحاء قريش,تجديد رخصة تجارية,طلب ترخيص,حساب X (تويتر),مقبول ومنفذ,3.0,5.0,لا
MKC-2023875,2024-09-20,2024-09-28,الجميزة,طلب صيانة حديقة/ملعب,طلب صيانة,المركز الموحد 940,مقبول ومنفذ,8.0,5.0,لا
MKC-2025632,2024-09-20,2024-09-28,الرصيفة,شكوى إنارة شوارع,شكوى,مكتب فرعي بالحي,مغلق - تم الحل,8.0,4.0,لا
MKC-2027261,2024-09-20,2024-10-01,الرصيفة,ترخيص بناء,طلب ترخيص,تطبيق بلدي,مقبول ومنفذ,11.0,3.0,لا
MKC-2024248,2024-09-20,2024-10-16,بطحاء قريش,شكوى مخالفة بناء,شكوى,حساب X (تويتر),مغلق - تم الحل,26.0,5.0,لا
MKC-2026011,2024-09-21,2024-10-13,النوارية,ترخيص تجاري,طلب ترخيص,مكتب خدمة العملاء,مقبول ومنفذ,22.0,4.0,لا
MKC-2028845,2024-09-21,2024-09-23,بطحاء قريش,شكوى نظافة عامة,شكوى,مكتب خدمة العملاء,مغلق - تم الحل,2.0,4.0,لا
MKC-2026540,2024-09-21,2024-10-05,العزيزية,ترخيص بناء,طلب ترخيص,تطبيق بلدي,مقبول ومنفذ,14.0,4.0,لا
MKC-2028723,2024-09-21,2024-10-16,الرصيفة,شكوى مخالفة بناء,شكوى,تطبيق بلدي,مرفوض,25.0,,لا
MKC-2027898,2024-09-21,2024-10-01,الهجرة,شكوى إنارة شوارع,شكوى,مكتب خدمة العملاء,مغلق - تم الحل,10.0,3.0,لا
MKC-2026613,2024-09-22,2024-09-28,الزاهر,شكوى نظافة عامة,شكوى,المركز الموحد 940,محول لجهة أخرى,6.0,,لا
MKC-2023802,2024-09-22,2024-10-06,أجياد,ترخيص تجاري,طلب ترخيص,تطبيق بلدي,مقبول ومنفذ,14.0,4.0,لا
MKC-2026662,2024-09-22,2024-09-23,المسفلة,شكوى نظافة عامة,شكوى,المركز الموحد 940,مقبول ومنفذ,1.0,3.0,لا
MKC-2023845,2024-09-22,2024-10-08,الرصيفة,شكوى مخالفة بناء,شكوى,مكتب فرعي بالحي,مقبول ومنفذ,16.0,4.0,لا
MKC-2024580,2024-09-22,2024-11-04,أجياد,ترخيص بناء,طلب ترخيص,مكتب خدمة العملاء,مقبول ومنفذ,43.0,4.0,لا
MKC-2024225,2024-09-22,2024-09-25,الزاهر,شكوى إنارة شوارع,شكوى,تطبيق بلدي,مغلق - تم الحل,3.0,5.0,لا
MKC-2024562,2024-09-22,2024-09-28,العتيبية,شكوى إشغال طريق,شكوى,تطبيق بلدي,مرفوض,6.0,,لا
MKC-2023178,2024-09-23,2024-09-29,جرول,شكوى نظافة عامة,شكوى,مكتب فرعي بالحي,محول لجهة أخرى,6.0,,لا
MKC-2023180,2024-09-23,2024-10-04,المسفلة,شكوى صرف صحي,شكوى,تطبيق بلدي,مغلق - تم الحل,11.0,4.0,لا
MKC-2025403,2024-09-24,2024-10-04,الهجرة,شكوى صرف صحي,شكوى,تطبيق بلدي,محول لجهة أخرى,10.0,,لا
MKC-2024020,2024-09-24,2024-09-26,المسفلة,شكوى نظافة عامة,شكوى,المركز الموحد 940,مغلق - تم الحل,2.0,3.0,لا
MKC-2028689,2024-09-24,2024-09-30,الرصيفة,شكوى نظافة عامة,شكوى,حساب X (تويتر),مرفوض,6.0,,لا
MKC-2028667,2024-09-24,2024-10-01,المسفلة,شكوى نظافة عامة,شكوى,تطبيق بلدي,مقبول ومنفذ,7.0,3.0,لا
MKC-2027354,2024-09-24,2024-09-29,الرصيفة,طلب صيانة حديقة/ملعب,طلب صيانة,تطبيق بلدي,مقبول ومنفذ,5.0,3.0,لا
MKC-2025706,2024-09-24,2024-10-27,العتيبية,ترخيص بناء,طلب ترخيص,المركز الموحد 940,مرفوض,33.0,,لا
MKC-2026370,2024-09-24,2024-10-01,الرصيفة,طلب صيانة حديقة/ملعب,طلب صيانة,حساب X (تويتر),مقبول ومنفذ,7.0,3.0,لا
MKC-2023023,2024-09-25,2024-10-29,العزيزية,ترخيص بناء,طلب ترخيص,مكتب فرعي بالحي,مقبول ومنفذ,34.0,4.0,لا
MKC-2023181,2024-09-25,2024-10-27,بطحاء قريش,ترخيص بناء,طلب ترخيص,تطبيق بلدي,مقبول ومنفذ,32.0,4.0,لا
MKC-2024909,2024-09-25,2024-10-02,العتيبية,ترخيص لافتات إعلانية,طلب ترخيص,مكتب خدمة العملاء,مقبول ومنفذ,7.0,5.0,لا
MKC-2025729,2024-09-25,2024-10-02,الرصيفة,شكوى إشغال طريق,شكوى,تطبيق بلدي,مغلق - تم الحل,7.0,5.0,لا
MKC-2025591,2024-09-25,2024-09-28,الشوقية,ترخيص لافتات إعلانية,طلب ترخيص,مكتب خدمة العملاء,مقبول ومنفذ,3.0,5.0,لا
MKC-2024149,2024-09-25,2024-10-06,الششة,شكوى صرف صحي,شكوى,تطبيق بلدي,محول لجهة أخرى,11.0,,لا
MKC-2025166,2024-09-25,2024-10-02,بطحاء قريش,شكوى نظافة عامة,شكوى,حساب X (تويتر),مغلق - تم الحل,7.0,5.0,لا
MKC-2024222,2024-09-26,2024-10-03,الهجرة,شكوى نظافة عامة,شكوى,تطبيق بلدي,مغلق - تم الحل,7.0,3.0,لا
MKC-2028148,2024-09-26,2024-09-30,العزيزية,تجديد رخصة تجارية,طلب ترخيص,مكتب خدمة العملاء,مقبول ومنفذ,4.0,4.0,لا
MKC-2024514,2024-09-26,2024-10-04,الهجرة,شكوى إشغال طريق,شكوى,تطبيق بلدي,محول لجهة أخرى,8.0,,لا
MKC-2028188,2024-09-26,2024-10-09,النسيم,شكوى إنارة شوارع,شكوى,تطبيق بلدي,مقبول ومنفذ,13.0,4.0,لا
MKC-2025202,2024-09-26,2024-09-27,الهجرة,شكوى إشغال طريق,شكوى,المركز الموحد 940,مغلق - تم الحل,1.0,4.0,لا
MKC-2023151,2024-09-27,2024-10-13,الششة,طلب صيانة حديقة/ملعب,طلب صيانة,تطبيق بلدي,مقبول ومنفذ,16.0,4.0,لا
MKC-2025666,2024-09-27,2024-10-06,العزيزية,تجديد رخصة تجارية,طلب ترخيص,تطبيق بلدي,مقبول ومنفذ,9.0,3.0,لا
MKC-2025140,2024-09-27,2024-10-08,الرصيفة,شكوى مخالفة بناء,شكوى,تطبيق بلدي,مرفوض,11.0,,لا
MKC-2028036,2024-09-27,2024-09-29,الرصيفة,تجديد رخصة تجارية,طلب ترخيص,مكتب خدمة العملاء,مقبول ومنفذ,2.0,4.0,لا
MKC-2028146,2024-09-27,2024-09-30,العزيزية,شكوى باعة متجولين,شكوى,تطبيق بلدي,قيد المعالجة,3.0,,لا
MKC-2028733,2024-09-27,2024-10-13,الهجرة,ترخيص تجاري,طلب ترخيص,تطبيق بلدي,مرفوض,16.0,,لا
MKC-2023938,2024-09-27,2024-10-09,بطحاء قريش,طلب صيانة حديقة/ملعب,طلب صيانة,تطبيق بلدي,مقبول ومنفذ,12.0,5.0,لا
MKC-2023651,2024-09-27,2024-10-08,الششة,ترخيص تجاري,طلب ترخيص,المركز الموحد 940,مقبول ومنفذ,11.0,4.0,لا
MKC-2023691,2024-09-28,2024-10-01,الششة,شكوى نظافة عامة,شكوى,مكتب خدمة العملاء,محول لجهة أخرى,3.0,,لا
MKC-2027378,2024-09-28,2024-10-02,العتيبية,شكوى نظافة عامة,شكوى,المركز الموحد 940,مغلق - تم الحل,4.0,4.0,لا
MKC-2028743,2024-09-28,2024-10-01,الرصيفة,شكوى مخالفة بناء,شكوى,تطبيق بلدي,مغلق - تم الحل,3.0,3.0,لا
MKC-2024488,2024-09-28,2024-10-01,المسفلة,تجديد رخصة تجارية,طلب ترخيص,مكتب فرعي بالحي,مقبول ومنفذ,3.0,5.0,لا
MKC-2027284,2024-09-28,2024-10-10,الكعكية,شكوى صرف صحي,شكوى,تطبيق بلدي,مغلق - تم الحل,12.0,3.0,لا
MKC-2023413,2024-09-28,2024-10-11,أجياد,ترخيص بناء,طلب ترخيص,المركز الموحد 940,مقبول ومنفذ,13.0,4.0,لا
MKC-2026240,2024-09-29,2024-10-19,الشوقية,ترخيص تجاري,طلب ترخيص,تطبيق بلدي,مرفوض,20.0,,لا
MKC-2023815,2024-09-29,2024-10-03,الشوقية,تجديد رخصة تجارية,طلب ترخيص,مكتب فرعي بالحي,مرفوض,4.0,,لا
MKC-2025309,2024-09-29,2024-10-10,النوارية,ترخيص تجاري,طلب ترخيص,المركز الموحد 940,محول لجهة أخرى,11.0,,لا
MKC-2028602,2024-09-29,2024-10-22,أجياد,ترخيص بناء,طلب ترخيص,المركز الموحد 940,مقبول ومنفذ,23.0,4.0,لا
MKC-2027179,2024-09-30,2024-10-07,المسفلة,ترخيص لافتات إعلانية,طلب ترخيص,مكتب فرعي بالحي,مقبول ومنفذ,7.0,4.0,لا
MKC-2024418,2024-09-30,,الششة,شكوى إشغال طريق,شكوى,تطبيق بلدي,قيد المعالجة,,,لا
MKC-2025224,2024-09-30,2024-10-29,الحجون,ترخيص بناء,طلب ترخيص,تطبيق بلدي,مقبول ومنفذ,29.0,3.0,لا
MKC-2023369,2024-09-30,2024-10-04,الشوقية,شكوى صرف صحي,شكوى,مكتب خدمة العملاء,مغلق - تم الحل,4.0,2.0,لا
MKC-2025094,2024-10-01,2024-10-08,جرول,شكوى إشغال طريق,شكوى,المركز الموحد 940,مغلق - تم الحل,7.0,4.0,لا
MKC-2028363,2024-10-01,,الكعكية,ترخيص تجاري,طلب ترخيص,المركز الموحد 940,قيد المعالجة,,,لا
MKC-2025424,2024-10-01,2024-10-04,الزاهر,شكوى نظافة عامة,شكوى,المركز الموحد 940,محول لجهة أخرى,3.0,,لا
MKC-2027623,2024-10-01,2024-11-02,بطحاء قريش,ترخيص بناء,طلب ترخيص,تطبيق بلدي,محول لجهة أخرى,32.0,,لا
MKC-2027713,2024-10-02,2024-10-14,الرصيفة,ترخيص تجاري,طلب ترخيص,المركز الموحد 940,مرفوض,12.0,,لا
MKC-2028697,2024-10-02,2024-10-09,الزاهر,شكوى نظافة عامة,شكوى,تطبيق بلدي,مغلق - تم الحل,7.0,4.0,لا
MKC-2026131,2024-10-02,2024-10-29,العزيزية,ترخيص تجاري,طلب ترخيص,تطبيق بلدي,مرفوض,27.0,,لا
MKC-2023912,2024-10-03,2024-10-08,الهجرة,شكوى نظافة عامة,شكوى,مكتب فرعي بالحي,مرفوض,5.0,,لا
MKC-2023109,2024-10-03,2024-10-11,المسفلة,شكوى صرف صحي,شكوى,تطبيق بلدي,مغلق - تم الحل,8.0,5.0,لا
MKC-2027431,2024-10-03,2024-10-29,العتيبية,شكوى مخالفة بناء,شكوى,المركز الموحد 940,مغلق - تم الحل,26.0,3.0,لا
MKC-2023295,2024-10-03,2024-10-12,بطحاء قريش,شكوى صرف صحي,شكوى,تطبيق بلدي,مرفوض,9.0,,لا
MKC-2025527,2024-10-03,2024-10-16,العزيزية,شكوى مركبات مهملة,شكوى,تطبيق بلدي,مغلق - تم الحل,13.0,4.0,لا
MKC-2023713,2024-10-03,2024-10-21,الزاهر,طلب صيانة حديقة/ملعب,طلب صيانة,المركز الموحد 940,مقبول ومنفذ,18.0,4.0,لا
MKC-2027023,2024-10-03,2024-10-05,العزيزية,شكوى نظافة عامة,شكوى,تطبيق بلدي,مغلق - تم الحل,2.0,3.0,لا
MKC-2025619,2024-10-03,2024-10-16,بطحاء قريش,شكوى مخالفة بناء,شكوى,تطبيق بلدي,مغلق - تم الحل,13.0,3.0,لا
MKC-2026457,2024-10-03,2024-10-06,الرصيفة,شكوى إنارة شوارع,شكوى,تطبيق بلدي,مغلق - تم الحل,3.0,4.0,لا
MKC-2024758,2024-10-04,2024-10-09,الشوقية,تجديد رخصة تجارية,طلب ترخيص,حساب X (تويتر),مرفوض,5.0,,لا
MKC-2024388,2024-10-04,2024-11-04,الجميزة,ترخيص بناء,طلب ترخيص,مكتب فرعي بالحي,مقبول ومنفذ,31.0,5.0,لا
MKC-2023602,2024-10-04,2024-11-12,الششة,ترخيص بناء,طلب ترخيص,تطبيق بلدي,مقبول ومنفذ,39.0,3.0,لا
MKC-2028675,2024-10-04,2024-10-28,الرصيفة,ترخيص تجاري,طلب ترخيص,تطبيق بلدي,مرفوض,24.0,,لا
MKC-2028706,2024-10-05,2024-10-11,النسيم,شكوى صرف صحي,شكوى,المركز الموحد 940,مغلق - تم الحل,6.0,3.0,لا
MKC-2024912,2024-10-05,2024-11-09,الحجون,ترخيص بناء,طلب ترخيص,مكتب خدمة العملاء,مقبول ومنفذ,35.0,3.0,لا
MKC-2028354,2024-10-05,2024-10-14,بطحاء قريش,طلب صيانة حديقة/ملعب,طلب صيانة,تطبيق بلدي,مقبول ومنفذ,9.0,3.0,لا
MKC-2026562,2024-10-05,2024-10-09,أجياد,شكوى نظافة عامة,شكوى,تطبيق بلدي,مغلق - تم الحل,4.0,3.0,لا
MKC-2023865,2024-10-05,2024-11-14,الكعكية,ترخيص بناء,طلب ترخيص,مكتب فرعي بالحي,مرفوض,40.0,,لا
MKC-2024851,2024-10-06,2024-10-21,جرول,شكوى مركبات مهملة,شكوى,تطبيق بلدي,مغلق - تم الحل,15.0,4.0,لا
MKC-2027099,2024-10-06,2024-11-03,أجياد,ترخيص تجاري,طلب ترخيص,مكتب خدمة العملاء,مقبول ومنفذ,28.0,3.0,لا
MKC-2024954,2024-10-06,2024-10-25,الحجون,شكوى مركبات مهملة,شكوى,مكتب فرعي بالحي,مغلق - تم الحل,19.0,4.0,لا
MKC-2027470,2024-10-06,2024-10-09,الهجرة,شكوى نظافة عامة,شكوى,تطبيق بلدي,مقبول ومنفذ,3.0,4.0,لا
MKC-2027029,2024-10-06,2024-10-22,الشوقية,ترخيص تجاري,طلب ترخيص,المركز الموحد 940,مرفوض,16.0,,لا
MKC-2028728,2024-10-07,2024-10-16,الحجون,شكوى مركبات مهملة,شكوى,المركز الموحد 940,مغلق - تم الحل,9.0,5.0,لا
MKC-2024033,2024-10-07,2024-10-16,النسيم,شكوى مركبات مهملة,شكوى,تطبيق بلدي,مغلق - تم الحل,9.0,5.0,لا
MKC-2026731,2024-10-07,2024-10-10,الشوقية,شكوى إشغال طريق,شكوى,تطبيق بلدي,مغلق - تم الحل,3.0,4.0,لا
MKC-2024874,2024-10-07,2024-10-09,العزيزية,شكوى إشغال طريق,شكوى,تطبيق بلدي,مغلق - تم الحل,2.0,5.0,لا
MKC-2023553,2024-10-07,2024-10-31,الشوقية,ترخيص بناء,طلب ترخيص,تطبيق بلدي,قيد المعالجة,24.0,,لا
MKC-2026075,2024-10-07,2024-10-19,أجياد,شكوى صرف صحي,شكوى,المركز الموحد 940,مغلق - تم الحل,12.0,4.0,لا
MKC-2024648,2024-10-08,2024-10-10,الشوقية,شكوى نظافة عامة,شكوى,تطبيق بلدي,مغلق - تم الحل,2.0,4.0,لا
MKC-2028993,2024-10-08,2024-10-24,النوارية,شكوى مخالفة بناء,شكوى,مكتب خدمة العملاء,محول لجهة أخرى,16.0,,لا
MKC-2028797,2024-10-08,2024-11-14,الرصيفة,ترخيص بناء,طلب ترخيص,المركز الموحد 940,مقبول ومنفذ,37.0,2.0,لا
MKC-2027156,2024-10-08,2024-10-14,العتيبية,ترخيص تجاري,طلب ترخيص,تطبيق بلدي,مرفوض,6.0,,لا
MKC-2027104,2024-10-08,2024-10-10,الرصيفة,شكوى باعة متجولين,شكوى,حساب X (تويتر),مغلق - تم الحل,2.0,4.0,لا
MKC-2026403,2024-10-08,2024-10-12,النوارية,شكوى إشغال طريق,شكوى,تطبيق بلدي,مغلق - تم الحل,4.0,4.0,لا
MKC-2024563,2024-10-09,2024-10-15,أجياد,شكوى إشغال طريق,شكوى,تطبيق بلدي,محول لجهة أخرى,6.0,,لا
MKC-2027129,2024-10-09,2024-10-15,بطحاء قريش,ترخيص تجاري,طلب ترخيص,تطبيق بلدي,مقبول ومنفذ,6.0,4.0,لا
MKC-2023694,2024-10-09,2024-10-28,الرصيفة,شكوى مركبات مهملة,شكوى,المركز الموحد 940,مغلق - تم الحل,19.0,3.0,لا
MKC-2027829,2024-10-09,2024-10-24,المسفلة,ترخيص تجاري,طلب ترخيص,تطبيق بلدي,مرفوض,15.0,,لا
MKC-2026661,2024-10-09,2024-10-23,الشوقية,ترخيص بناء,طلب ترخيص,حساب X (تويتر),مرفوض,14.0,,لا
MKC-2026477,2024-10-09,,الحجون,شكوى نظافة عامة,شكوى,مكتب خدمة العملاء,قيد المعالجة,,,لا
MKC-2023100,2024-10-09,2024-10-24,أجياد,شكوى مخالفة بناء,شكوى,تطبيق بلدي,مغلق - تم الحل,15.0,4.0,لا
MKC-2025256,2024-10-10,2024-10-30,المسفلة,ترخيص تجاري,طلب ترخيص,تطبيق بلدي,مرفوض,20.0,,لا
MKC-2027286,2024-10-10,2024-10-29,الشوقية,شكوى مركبات مهملة,شكوى,مكتب فرعي بالحي,مغلق - تم الحل,19.0,3.0,لا
MKC-2027734,2024-10-10,,النسيم,ترخيص تجاري,طلب ترخيص,تطبيق بلدي,قيد المعالجة,,,لا
MKC-2027068,2024-10-10,2024-11-15,العزيزية,ترخيص بناء,طلب ترخيص,تطبيق بلدي,مرفوض,36.0,,لا
MKC-2026929,2024-10-10,2024-10-18,الهجرة,طلب صيانة حديقة/ملعب,طلب صيانة,حساب X (تويتر),مرفوض,8.0,,لا
MKC-2024056,2024-10-10,2024-10-14,الشرائع,شكوى إشغال طريق,شكوى,مكتب فرعي بالحي,مغلق - تم الحل,4.0,4.0,لا
MKC-2023576,2024-10-10,2024-10-12,العزيزية,شكوى نظافة عامة,شكوى,مكتب خدمة العملاء,مرفوض,2.0,,لا
MKC-2024794,2024-10-10,2024-10-16,الزاهر,شكوى نظافة عامة,شكوى,تطبيق بلدي,محول لجهة أخرى,6.0,,لا
MKC-2028213,2024-10-11,2024-10-31,العتيبية,شكوى مخالفة بناء,شكوى,مكتب خدمة العملاء,مغلق - تم الحل,20.0,3.0,لا
MKC-2028761,2024-10-11,2024-11-02,المسفلة,ترخيص تجاري,طلب ترخيص,مكتب فرعي بالحي,مرفوض,22.0,,لا
MKC-2023419,2024-10-11,2024-10-13,جرول,شكوى نظافة عامة,شكوى,مكتب فرعي بالحي,محول لجهة أخرى,2.0,,لا
MKC-2027980,2024-10-11,2024-10-22,الششة,شكوى إنارة شوارع,شكوى,تطبيق بلدي,مغلق - تم الحل,11.0,4.0,لا
MKC-2028603,2024-10-11,2024-10-19,الهجرة,تجديد رخصة تجارية,طلب ترخيص,تطبيق بلدي,مقبول ومنفذ,8.0,3.0,لا
MKC-2025524,2024-10-12,,بطحاء قريش,تجديد رخصة تجارية,طلب ترخيص,تطبيق بلدي,قيد المعالجة,,,لا
MKC-2028656,2024-10-12,2024-10-26,الرصيفة,ترخيص تجاري,طلب ترخيص,المركز الموحد 940,مقبول ومنفذ,14.0,3.0,لا
MKC-2027443,2024-10-12,2024-11-23,جرول,ترخيص بناء,طلب ترخيص,مكتب فرعي بالحي,مقبول ومنفذ,42.0,4.0,لا
MKC-2024446,2024-10-12,2024-10-14,النوارية,تجديد رخصة تجارية,طلب ترخيص,تطبيق بلدي,مقبول ومنفذ,2.0,4.0,لا
MKC-2025595,2024-10-13,2024-11-07,الششة,ترخيص بناء,طلب ترخيص,تطبيق بلدي,مغلق - تم الحل,25.0,4.0,لا
MKC-2025526,2024-10-13,2024-10-22,الشوقية,شكوى مخالفة بناء,شكوى,تطبيق بلدي,مغلق - تم الحل,9.0,5.0,لا
MKC-2024600,2024-10-13,2024-10-31,الشوقية,ترخيص تجاري,طلب ترخيص,مكتب فرعي بالحي,مرفوض,18.0,,لا
MKC-2025953,2024-10-13,2024-10-27,بطحاء قريش,شكوى مخالفة بناء,شكوى,تطبيق بلدي,مقبول ومنفذ,14.0,3.0,لا
MKC-2027587,2024-10-13,2024-11-03,بطحاء قريش,ترخيص تجاري,طلب ترخيص,تطبيق بلدي,مقبول ومنفذ,21.0,3.0,لا
MKC-2028350,2024-10-13,2024-10-21,الششة,شكوى إشغال طريق,شكوى,حساب X (تويتر),مغلق - تم الحل,8.0,4.0,لا
MKC-2023853,2024-10-13,2024-10-20,الشوقية,تجديد رخصة تجارية,طلب ترخيص,تطبيق بلدي,مغلق - تم الحل,7.0,4.0,لا
MKC-2024691,2024-10-13,2024-10-31,بطحاء قريش,شكوى مركبات مهملة,شكوى,تطبيق بلدي,مرفوض,18.0,,لا
MKC-2024081,2024-10-13,2024-11-09,النسيم,شكوى مخالفة بناء,شكوى,تطبيق بلدي,مغلق - تم الحل,27.0,3.0,لا
MKC-2028485,2024-10-13,2024-10-23,النوارية,ترخيص لافتات إعلانية,طلب ترخيص,تطبيق بلدي,مقبول ومنفذ,10.0,2.0,لا
MKC-2026881,2024-10-14,2024-10-20,النسيم,شكوى صرف صحي,شكوى,المركز الموحد 940,مغلق - تم الحل,6.0,5.0,لا
MKC-2027979,2024-10-14,2024-10-17,بطحاء قريش,شكوى صرف صحي,شكوى,تطبيق بلدي,مرفوض,3.0,,لا
MKC-2028738,2024-10-14,2024-10-30,أجياد,شكوى مخالفة بناء,شكوى,تطبيق بلدي,مغلق - تم الحل,16.0,3.0,لا
MKC-2025959,2024-10-14,2024-10-25,الحجون,طلب صيانة حديقة/ملعب,طلب صيانة,مكتب خدمة العملاء,مقبول ومنفذ,11.0,3.0,لا
MKC-2024397,2024-10-15,2024-10-25,النسيم,طلب صيانة حديقة/ملعب,طلب صيانة,تطبيق بلدي,مغلق - تم الحل,10.0,5.0,لا
MKC-2028231,2024-10-15,2024-10-29,جرول,شكوى مخالفة بناء,شكوى,مكتب خدمة العملاء,مغلق - تم الحل,14.0,3.0,لا
MKC-2028525,2024-10-15,2024-10-20,الشوقية,شكوى صرف صحي,شكوى,حساب X (تويتر),مقبول ومنفذ,5.0,4.0,لا
MKC-2026584,2024-10-15,2024-11-01,أجياد,شكوى مخالفة بناء,شكوى,تطبيق بلدي,مغلق - تم الحل,17.0,4.0,لا
MKC-2023676,2024-10-15,2024-10-29,العتيبية,شكوى إنارة شوارع,شكوى,تطبيق بلدي,مغلق - تم الحل,14.0,3.0,لا
MKC-2028596,2024-10-15,2024-10-19,العزيزية,شكوى مركبات مهملة,شكوى,مكتب خدمة العملاء,مغلق - تم الحل,4.0,2.0,لا
MKC-2027385,2024-10-15,2024-11-01,الكعكية,شكوى مخالفة بناء,شكوى,مكتب فرعي بالحي,مقبول ومنفذ,17.0,3.0,لا
MKC-2026377,2024-10-15,2024-10-21,المسفلة,تجديد رخصة تجارية,طلب ترخيص,تطبيق بلدي,مقبول ومنفذ,6.0,4.0,لا
MKC-2027108,2024-10-15,2024-10-18,الحجون,شكوى إشغال طريق,شكوى,المركز الموحد 940,محول لجهة أخرى,3.0,,لا
MKC-2028128,2024-10-16,2024-10-20,جرول,شكوى مخالفة بناء,شكوى,تطبيق بلدي,مغلق - تم الحل,4.0,4.0,لا
MKC-2023161,2024-10-16,2024-10-29,العتيبية,ترخيص تجاري,طلب ترخيص,المركز الموحد 940,مقبول ومنفذ,13.0,2.0,لا
MKC-2023973,2024-10-16,2024-10-19,الهجرة,شكوى باعة متجولين,شكوى,المركز الموحد 940,مرفوض,3.0,,لا
MKC-2027782,2024-10-16,2024-10-21,بطحاء قريش,تجديد رخصة تجارية,طلب ترخيص,مكتب فرعي بالحي,محول لجهة أخرى,5.0,,لا
MKC-2027731,2024-10-16,,الرصيفة,شكوى نظافة عامة,شكوى,مكتب خدمة العملاء,قيد المعالجة,,,لا
MKC-2026202,2024-10-16,2024-11-07,العتيبية,شكوى مخالفة بناء,شكوى,تطبيق بلدي,مقبول ومنفذ,22.0,4.0,لا
MKC-2023320,2024-10-16,2024-10-23,جرول,ترخيص لافتات إعلانية,طلب ترخيص,مكتب خدمة العملاء,مقبول ومنفذ,7.0,4.0,لا
MKC-2026091,2024-10-16,2024-11-10,العزيزية,ترخيص تجاري,طلب ترخيص,تطبيق بلدي,مقبول ومنفذ,25.0,4.0,لا
MKC-2026158,2024-10-16,2024-10-22,الشرائع,شكوى إنارة شوارع,شكوى,تطبيق بلدي,مغلق - تم الحل,6.0,4.0,لا
MKC-2027661,2024-10-16,2024-10-20,الجميزة,شكوى إشغال طريق,شكوى,تطبيق بلدي,محول لجهة أخرى,4.0,,لا
MKC-2028317,2024-10-17,2024-10-22,بطحاء قريش,شكوى نظافة عامة,شكوى,مكتب خدمة العملاء,مغلق - تم الحل,5.0,4.0,لا
MKC-2023584,2024-10-17,2024-10-20,جرول,تجديد رخصة تجارية,طلب ترخيص,مكتب خدمة العملاء,مقبول ومنفذ,3.0,3.0,لا
MKC-2028268,2024-10-17,2024-11-12,الششة,ترخيص تجاري,طلب ترخيص,تطبيق بلدي,مقبول ومنفذ,26.0,4.0,لا
MKC-2024664,2024-10-17,2024-10-28,الزاهر,شكوى إنارة شوارع,شكوى,مكتب خدمة العملاء,مغلق - تم الحل,11.0,4.0,لا
MKC-2024700,2024-10-17,2024-11-02,العزيزية,شكوى مخالفة بناء,شكوى,المركز الموحد 940,مغلق - تم الحل,16.0,4.0,لا
MKC-2025761,2024-10-18,2024-10-27,بطحاء قريش,شكوى صرف صحي,شكوى,مكتب خدمة العملاء,محول لجهة أخرى,9.0,,لا
MKC-2027646,2024-10-18,2024-10-21,جرول,تجديد رخصة تجارية,طلب ترخيص,مكتب خدمة العملاء,مقبول ومنفذ,3.0,4.0,لا
MKC-2023764,2024-10-18,2024-10-20,بطحاء قريش,شكوى نظافة عامة,شكوى,مكتب خدمة العملاء,مغلق - تم الحل,2.0,5.0,لا
MKC-2026048,2024-10-18,2024-11-13,جرول,ترخيص تجاري,طلب ترخيص,مكتب فرعي بالحي,محول لجهة أخرى,26.0,,لا
MKC-2023401,2024-10-18,2024-10-22,الشرائع,تجديد رخصة تجارية,طلب ترخيص,مكتب خدمة العملاء,مرفوض,4.0,,لا
MKC-2023781,2024-10-18,2024-11-08,الشرائع,ترخيص تجاري,طلب ترخيص,حساب X (تويتر),مقبول ومنفذ,21.0,4.0,لا
MKC-2026089,2024-10-18,2024-10-22,النوارية,شكوى صرف صحي,شكوى,تطبيق بلدي,مغلق - تم الحل,4.0,5.0,لا
MKC-2026514,2024-10-18,2024-10-28,العتيبية,طلب صيانة حديقة/ملعب,طلب صيانة,حساب X (تويتر),محول لجهة أخرى,10.0,,لا
MKC-2027184,2024-10-18,2024-10-20,العزيزية,شكوى نظافة عامة,شكوى,حساب X (تويتر),مغلق - تم الحل,2.0,4.0,لا
MKC-2026242,2024-10-19,2024-10-28,الشوقية,تجديد رخصة تجارية,طلب ترخيص,مكتب فرعي بالحي,مقبول ومنفذ,9.0,4.0,لا
MKC-2028020,2024-10-19,2024-10-23,بطحاء قريش,شكوى إشغال طريق,شكوى,تطبيق بلدي,محول لجهة أخرى,4.0,,لا
MKC-2025319,2024-10-19,2024-10-29,الرصيفة,شكوى إشغال طريق,شكوى,تطبيق بلدي,مغلق - تم الحل,10.0,3.0,لا
MKC-2027988,2024-10-19,2024-10-26,الهجرة,تجديد رخصة تجارية,طلب ترخيص,مكتب فرعي بالحي,محول لجهة أخرى,7.0,,لا
MKC-2027406,2024-10-19,2024-11-04,الزاهر,شكوى مركبات مهملة,شكوى,تطبيق بلدي,مغلق - تم الحل,16.0,2.0,لا
MKC-2023264,2024-10-20,2024-10-25,أجياد,شكوى نظافة عامة,شكوى,تطبيق بلدي,مغلق - تم الحل,5.0,4.0,لا
MKC-2028327,2024-10-20,2024-10-29,الحجون,تجديد رخصة تجارية,طلب ترخيص,المركز الموحد 940,محول لجهة أخرى,9.0,,لا
MKC-2023985,2024-10-20,2024-10-31,الرصيفة,ترخيص بناء,طلب ترخيص,تطبيق بلدي,مرفوض,11.0,,لا
MKC-2027329,2024-10-20,2024-10-21,الكعكية,شكوى إنارة شوارع,شكوى,المركز الموحد 940,مغلق - تم الحل,1.0,4.0,لا
MKC-2023502,2024-10-20,2024-10-31,الزاهر,ترخيص تجاري,طلب ترخيص,مكتب فرعي بالحي,مرفوض,11.0,,لا
MKC-2027918,2024-10-20,2024-10-25,الرصيفة,شكوى باعة متجولين,شكوى,المركز الموحد 940,محول لجهة أخرى,5.0,,لا
MKC-2024828,2024-10-21,2024-10-25,أجياد,شكوى إنارة شوارع,شكوى,مكتب خدمة العملاء,مغلق - تم الحل,4.0,4.0,لا
MKC-2024759,2024-10-21,2024-10-24,العتيبية,شكوى نظافة عامة,شكوى,تطبيق بلدي,مغلق - تم الحل,3.0,4.0,لا
MKC-2028064,2024-10-21,2024-10-25,العزيزية,شكوى صرف صحي,شكوى,المركز الموحد 940,مغلق - تم الحل,4.0,5.0,لا
MKC-2027762,2024-10-21,2024-10-22,العزيزية,شكوى نظافة عامة,شكوى,حساب X (تويتر),محول لجهة أخرى,1.0,,لا
MKC-2026382,2024-10-21,2024-11-11,أجياد,ترخيص بناء,طلب ترخيص,مكتب خدمة العملاء,مقبول ومنفذ,21.0,4.0,لا
MKC-2024006,2024-10-21,2024-10-24,الشوقية,تجديد رخصة تجارية,طلب ترخيص,مكتب فرعي بالحي,مقبول ومنفذ,3.0,5.0,لا
MKC-2025214,2024-10-21,2024-10-29,بطحاء قريش,تجديد رخصة تجارية,طلب ترخيص,مكتب خدمة العملاء,مرفوض,8.0,,لا
MKC-2024637,2024-10-22,2024-11-13,المسفلة,شكوى مخالفة بناء,شكوى,تطبيق بلدي,مغلق - تم الحل,22.0,5.0,لا
MKC-2025819,2024-10-22,2024-10-25,العتيبية,تجديد رخصة تجارية,طلب ترخيص,مكتب خدمة العملاء,محول لجهة أخرى,3.0,,لا
MKC-2026923,2024-10-22,2024-11-13,جرول,ترخيص تجاري,طلب ترخيص,تطبيق بلدي,مقبول ومنفذ,22.0,3.0,لا
MKC-2025908,2024-10-22,2024-11-13,العتيبية,ترخيص تجاري,طلب ترخيص,تطبيق بلدي,مقبول ومنفذ,22.0,3.0,لا
MKC-2027085,2024-10-22,2024-10-26,النسيم,شكوى نظافة عامة,شكوى,تطبيق بلدي,مغلق - تم الحل,4.0,5.0,لا
MKC-2027601,2024-10-22,,النوارية,شكوى مخالفة بناء,شكوى,تطبيق بلدي,قيد المعالجة,,,لا
MKC-2026201,2024-10-22,2024-11-06,العزيزية,ترخيص بناء,طلب ترخيص,تطبيق بلدي,مقبول ومنفذ,15.0,4.0,لا
MKC-2025493,2024-10-22,2024-10-27,الشرائع,شكوى نظافة عامة,شكوى,تطبيق بلدي,مغلق - تم الحل,5.0,5.0,لا
MKC-2024311,2024-10-23,,الرصيفة,ترخيص تجاري,طلب ترخيص,تطبيق بلدي,قيد المعالجة,,,لا
MKC-2026428,2024-10-23,2024-10-25,بطحاء قريش,شكوى باعة متجولين,شكوى,حساب X (تويتر),مرفوض,2.0,,لا
MKC-2027754,2024-10-23,2024-10-25,الرصيفة,شكوى باعة متجولين,شكوى,مكتب فرعي بالحي,محول لجهة أخرى,2.0,,لا
MKC-2023994,2024-10-23,2024-11-07,الشرائع,ترخيص لافتات إعلانية,طلب ترخيص,المركز الموحد 940,مقبول ومنفذ,15.0,3.0,لا
MKC-2026041,2024-10-23,2024-11-20,الزاهر,شكوى مخالفة بناء,شكوى,مكتب خدمة العملاء,مقبول ومنفذ,28.0,4.0,لا
MKC-2024082,2024-10-23,2024-10-29,الششة,شكوى إشغال طريق,شكوى,تطبيق بلدي,محول لجهة أخرى,6.0,,لا
MKC-2023292,2024-10-24,2024-11-12,النوارية,شكوى مخالفة بناء,شكوى,المركز الموحد 940,مقبول ومنفذ,19.0,3.0,لا
MKC-2023225,2024-10-24,2024-11-10,العتيبية,طلب صيانة حديقة/ملعب,طلب صيانة,مكتب فرعي بالحي,مقبول ومنفذ,17.0,3.0,لا
MKC-2027043,2024-10-24,2024-11-16,أجياد,طلب صيانة حديقة/ملعب,طلب صيانة,مكتب فرعي بالحي,مقبول ومنفذ,23.0,3.0,لا
MKC-2023630,2024-10-24,2024-11-20,الزاهر,ترخيص تجاري,طلب ترخيص,تطبيق بلدي,محول لجهة أخرى,27.0,,لا
MKC-2024949,2024-10-24,2024-10-29,المسفلة,شكوى إنارة شوارع,شكوى,المركز الموحد 940,مغلق - تم الحل,5.0,4.0,لا
MKC-2026894,2024-10-24,2024-10-29,بطحاء قريش,شكوى صرف صحي,شكوى,تطبيق بلدي,مغلق - تم الحل,5.0,4.0,لا
MKC-2023131,2024-10-24,2024-10-27,جرول,شكوى نظافة عامة,شكوى,المركز الموحد 940,مغلق - تم الحل,3.0,5.0,لا
MKC-2024945,2024-10-25,2024-11-03,أجياد,تجديد رخصة تجارية,طلب ترخيص,تطبيق بلدي,محول لجهة أخرى,9.0,,لا
MKC-2023011,2024-10-25,,الششة,ترخيص بناء,طلب ترخيص,حساب X (تويتر),قيد المعالجة,,,لا
MKC-2025579,2024-10-25,2024-10-31,المسفلة,تجديد رخصة تجارية,طلب ترخيص,المركز الموحد 940,مقبول ومنفذ,6.0,4.0,لا
MKC-2028115,2024-10-25,2024-10-30,النوارية,شكوى نظافة عامة,شكوى,تطبيق بلدي,محول لجهة أخرى,5.0,,لا
MKC-2026557,2024-10-25,2024-11-05,الشوقية,شكوى إنارة شوارع,شكوى,تطبيق بلدي,مرفوض,11.0,,لا
MKC-2024284,2024-10-25,2024-11-18,الزاهر,ترخيص تجاري,طلب ترخيص,المركز الموحد 940,مقبول ومنفذ,24.0,3.0,لا
MKC-2024985,2024-10-25,2024-10-30,النسيم,شكوى باعة متجولين,شكوى,مكتب خدمة العملاء,مغلق - تم الحل,5.0,4.0,لا
MKC-2026395,2024-10-26,2024-11-18,العزيزية,شكوى مخالفة بناء,شكوى,تطبيق بلدي,محول لجهة أخرى,23.0,,لا
MKC-2023218,2024-10-26,2024-10-28,العزيزية,شكوى نظافة عامة,شكوى,المركز الموحد 940,مغلق - تم الحل,2.0,5.0,لا
MKC-2025655,2024-10-26,2024-10-31,العزيزية,شكوى نظافة عامة,شكوى,المركز الموحد 940,مغلق - تم الحل,5.0,3.0,لا
MKC-2028428,2024-10-26,2024-10-31,الزاهر,ترخيص تجاري,طلب ترخيص,حساب X (تويتر),مقبول ومنفذ,5.0,4.0,لا
MKC-2023430,2024-10-26,2024-10-29,العزيزية,ترخيص لافتات إعلانية,طلب ترخيص,تطبيق بلدي,مرفوض,3.0,,لا
MKC-2023590,2024-10-26,2024-11-06,الششة,شكوى صرف صحي,شكوى,مكتب فرعي بالحي,محول لجهة أخرى,11.0,,لا
MKC-2026758,2024-10-26,2024-10-30,العزيزية,شكوى إنارة شوارع,شكوى,المركز الموحد 940,مغلق - تم الحل,4.0,4.0,لا
MKC-2024305,2024-10-26,2024-11-02,الحجون,طلب صيانة حديقة/ملعب,طلب صيانة,تطبيق بلدي,مرفوض,7.0,,لا
MKC-2025115,2024-10-26,2024-10-29,الجميزة,شكوى صرف صحي,شكوى,مكتب فرعي بالحي,مغلق - تم الحل,3.0,3.0,لا
MKC-2026785,2024-10-26,2024-11-01,النوارية,شكوى نظافة عامة,شكوى,مكتب خدمة العملاء,مرفوض,6.0,,لا
MKC-2025133,2024-10-27,2024-11-13,الحجون,شكوى مخالفة بناء,شكوى,مكتب خدمة العملاء,مغلق - تم الحل,17.0,5.0,لا
MKC-2028355,2024-10-27,2024-11-06,العزيزية,شكوى إشغال طريق,شكوى,مكتب فرعي بالحي,مغلق - تم الحل,10.0,4.0,لا
MKC-2026204,2024-10-27,2024-11-05,العتيبية,شكوى صرف صحي,شكوى,حساب X (تويتر),محول لجهة أخرى,9.0,,لا
MKC-2026888,2024-10-27,2024-11-02,الشرائع,شكوى نظافة عامة,شكوى,مكتب فرعي بالحي,مغلق - تم الحل,6.0,4.0,لا
MKC-2024820,2024-10-27,2024-10-30,أجياد,شكوى إشغال طريق,شكوى,مكتب فرعي بالحي,محول لجهة أخرى,3.0,,لا
MKC-2024249,2024-10-28,2024-11-19,الجميزة,ترخيص بناء,طلب ترخيص,تطبيق بلدي,قيد المعالجة,22.0,,لا
MKC-2027012,2024-10-28,2024-11-01,جرول,شكوى نظافة عامة,شكوى,مكتب خدمة العملاء,مرفوض,4.0,,لا
MKC-2028207,2024-10-28,2024-11-13,الششة,ترخيص تجاري,طلب ترخيص,تطبيق بلدي,مرفوض,16.0,,لا
MKC-2028560,2024-10-28,2024-11-04,الشرائع,شكوى مخالفة بناء,شكوى,تطبيق بلدي,مغلق - تم الحل,7.0,4.0,لا
MKC-2024947,2024-10-28,2024-11-07,الكعكية,شكوى إشغال طريق,شكوى,تطبيق بلدي,محول لجهة أخرى,10.0,,لا
MKC-2028143,2024-10-28,2024-11-11,الشوقية,شكوى مركبات مهملة,شكوى,تطبيق بلدي,مغلق - تم الحل,14.0,4.0,لا
MKC-2025189,2024-10-28,2024-12-03,العتيبية,ترخيص بناء,طلب ترخيص,المركز الموحد 940,مقبول ومنفذ,36.0,3.0,لا
MKC-2025145,2024-10-28,2024-11-02,العزيزية,شكوى إشغال طريق,شكوى,مكتب خدمة العملاء,محول لجهة أخرى,5.0,,لا
MKC-2024556,2024-10-28,2024-10-31,الرصيفة,شكوى إنارة شوارع,شكوى,المركز الموحد 940,مغلق - تم الحل,3.0,4.0,لا
MKC-2025217,2024-10-28,2024-10-29,العزيزية,شكوى إشغال طريق,شكوى,تطبيق بلدي,مغلق - تم الحل,1.0,5.0,لا
MKC-2025043,2024-10-28,2024-11-24,الششة,ترخيص تجاري,طلب ترخيص,تطبيق بلدي,محول لجهة أخرى,27.0,,لا
MKC-2023757,2024-10-29,2024-11-12,الشوقية,ترخيص بناء,طلب ترخيص,مكتب خدمة العملاء,مقبول ومنفذ,14.0,3.0,لا
MKC-2025973,2024-10-29,2024-11-03,النسيم,شكوى نظافة عامة,شكوى,مكتب خدمة العملاء,مغلق - تم الحل,5.0,5.0,لا
MKC-2024430,2024-10-29,2024-11-06,الشرائع,شكوى صرف صحي,شكوى,المركز الموحد 940,مغلق - تم الحل,8.0,4.0,لا
MKC-2025065,2024-10-29,2024-11-03,جرول,ترخيص لافتات إعلانية,طلب ترخيص,مكتب خدمة العملاء,محول لجهة أخرى,5.0,,لا
MKC-2028389,2024-10-29,2024-11-08,النسيم,شكوى صرف صحي,شكوى,مكتب خدمة العملاء,مغلق - تم الحل,10.0,4.0,لا
MKC-2025868,2024-10-29,2024-11-19,جرول,ترخيص بناء,طلب ترخيص,المركز الموحد 940,مقبول ومنفذ,21.0,4.0,لا
MKC-2026478,2024-10-30,2024-11-12,النوارية,شكوى إنارة شوارع,شكوى,المركز الموحد 940,مغلق - تم الحل,13.0,3.0,لا
MKC-2025419,2024-10-30,2024-11-08,جرول,شكوى إنارة شوارع,شكوى,تطبيق بلدي,مقبول ومنفذ,9.0,5.0,لا
MKC-2023360,2024-10-30,2024-11-26,الزاهر,شكوى مخالفة بناء,شكوى,تطبيق بلدي,مغلق - تم الحل,27.0,4.0,لا
MKC-2025901,2024-10-30,2024-11-05,جرول,شكوى نظافة عامة,شكوى,تطبيق بلدي,مغلق - تم الحل,6.0,3.0,لا
MKC-2027759,2024-10-30,2024-11-02,الرصيفة,شكوى باعة متجولين,شكوى,تطبيق بلدي,مغلق - تم الحل,3.0,4.0,لا
MKC-2028763,2024-10-30,2024-11-04,العزيزية,شكوى نظافة عامة,شكوى,المركز الموحد 940,مقبول ومنفذ,5.0,4.0,لا
MKC-2025409,2024-10-30,2024-11-03,الهجرة,شكوى باعة متجولين,شكوى,تطبيق بلدي,مرفوض,4.0,,لا
MKC-2025623,2024-10-30,2024-11-04,الشرائع,تجديد رخصة تجارية,طلب ترخيص,المركز الموحد 940,مقبول ومنفذ,5.0,5.0,لا
MKC-2028454,2024-10-30,2024-11-08,العزيزية,شكوى إشغال طريق,شكوى,مكتب خدمة العملاء,مغلق - تم الحل,9.0,5.0,لا
MKC-2026199,2024-10-30,2024-11-05,الزاهر,شكوى نظافة عامة,شكوى,تطبيق بلدي,مغلق - تم الحل,6.0,4.0,لا
MKC-2028084,2024-10-31,2024-11-09,بطحاء قريش,شكوى صرف صحي,شكوى,تطبيق بلدي,مغلق - تم الحل,9.0,4.0,لا
MKC-2028564,2024-10-31,2024-11-06,بطحاء قريش,شكوى صرف صحي,شكوى,مكتب خدمة العملاء,مغلق - تم الحل,6.0,5.0,لا
MKC-2024113,2024-10-31,2024-11-07,النسيم,شكوى إشغال طريق,شكوى,مكتب فرعي بالحي,محول لجهة أخرى,7.0,,لا
MKC-2023234,2024-10-31,2024-11-07,الرصيفة,شكوى صرف صحي,شكوى,حساب X (تويتر),مغلق - تم الحل,7.0,2.0,لا
MKC-2024866,2024-10-31,2024-11-06,الحجون,شكوى إشغال طريق,شكوى,تطبيق بلدي,مغلق - تم الحل,6.0,3.0,لا
MKC-2028424,2024-10-31,2024-11-06,العتيبية,شكوى إشغال طريق,شكوى,المركز الموحد 940,مغلق - تم الحل,6.0,4.0,لا
MKC-2026782,2024-10-31,2024-11-02,النسيم,شكوى صرف صحي,شكوى,تطبيق بلدي,مغلق - تم الحل,2.0,4.0,لا
MKC-2024285,2024-10-31,2024-11-04,أجياد,شكوى إنارة شوارع,شكوى,تطبيق بلدي,مغلق - تم الحل,4.0,3.0,لا
MKC-2026310,2024-11-01,2024-11-12,الشوقية,شكوى إنارة شوارع,شكوى,المركز الموحد 940,مغلق - تم الحل,11.0,4.0,لا
MKC-2027316,2024-11-02,2024-11-20,الرصيفة,طلب صيانة حديقة/ملعب,طلب صيانة,المركز الموحد 940,محول لجهة أخرى,18.0,,لا
MKC-2025788,2024-11-02,2024-11-06,المسفلة,شكوى مركبات مهملة,شكوى,تطبيق بلدي,مغلق - تم الحل,4.0,5.0,لا
MKC-2026718,2024-11-02,2024-11-20,الحجون,شكوى مخالفة بناء,شكوى,تطبيق بلدي,مغلق - تم الحل,18.0,4.0,لا
MKC-2023882,2024-11-02,2024-11-09,النسيم,شكوى نظافة عامة,شكوى,تطبيق بلدي,مقبول ومنفذ,7.0,3.0,لا
MKC-2024438,2024-11-03,,جرول,شكوى مركبات مهملة,شكوى,تطبيق بلدي,قيد المعالجة,,,لا
MKC-2026604,2024-11-03,2024-11-04,العزيزية,شكوى باعة متجولين,شكوى,تطبيق بلدي,قيد المعالجة,1.0,,لا
MKC-2028113,2024-11-03,2024-12-11,المسفلة,ترخيص بناء,طلب ترخيص,تطبيق بلدي,مقبول ومنفذ,38.0,2.0,لا
MKC-2024390,2024-11-03,2024-11-05,الزاهر,شكوى باعة متجولين,شكوى,المركز الموحد 940,مغلق - تم الحل,2.0,3.0,لا
MKC-2026730,2024-11-03,2024-11-15,الحجون,شكوى صرف صحي,شكوى,تطبيق بلدي,مغلق - تم الحل,12.0,4.0,لا
MKC-2023339,2024-11-03,,الرصيفة,شكوى إنارة شوارع,شكوى,تطبيق بلدي,قيد المعالجة,,,لا
MKC-2023173,2024-11-03,2024-11-15,جرول,شكوى إنارة شوارع,شكوى,المركز الموحد 940,مرفوض,12.0,,لا
MKC-2023381,2024-11-03,2024-11-05,النسيم,شكوى نظافة عامة,شكوى,مكتب خدمة العملاء,مقبول ومنفذ,2.0,5.0,لا
MKC-2024073,2024-11-03,2024-11-08,جرول,طلب صيانة حديقة/ملعب,طلب صيانة,مكتب خدمة العملاء,محول لجهة أخرى,5.0,,لا
MKC-2026808,2024-11-03,2024-11-20,الجميزة,طلب صيانة حديقة/ملعب,طلب صيانة,مكتب فرعي بالحي,مقبول ومنفذ,17.0,4.0,لا
MKC-2024228,2024-11-03,2024-11-14,أجياد,شكوى إنارة شوارع,شكوى,تطبيق بلدي,مغلق - تم الحل,11.0,3.0,لا
MKC-2023376,2024-11-03,2024-11-24,الشوقية,ترخيص تجاري,طلب ترخيص,مكتب خدمة العملاء,مقبول ومنفذ,21.0,4.0,لا
MKC-2026828,2024-11-03,2024-11-11,المسفلة,شكوى إشغال طريق,شكوى,مكتب خدمة العملاء,مغلق - تم الحل,8.0,3.0,لا
MKC-2026311,2024-11-04,2024-11-06,النوارية,شكوى نظافة عامة,شكوى,المركز الموحد 940,محول لجهة أخرى,2.0,,لا
MKC-2024470,2024-11-04,2024-11-26,النوارية,طلب صيانة حديقة/ملعب,طلب صيانة,مكتب فرعي بالحي,مرفوض,22.0,,لا
MKC-2025507,2024-11-04,2024-11-18,الجميزة,ترخيص لافتات إعلانية,طلب ترخيص,تطبيق بلدي,مرفوض,14.0,,لا
MKC-2023190,2024-11-04,2024-11-09,الكعكية,تجديد رخصة تجارية,طلب ترخيص,حساب X (تويتر),مقبول ومنفذ,5.0,4.0,لا
MKC-2026456,2024-11-04,2024-11-09,الششة,شكوى نظافة عامة,شكوى,حساب X (تويتر),محول لجهة أخرى,5.0,,لا
MKC-2026180,2024-11-04,2024-11-27,الرصيفة,ترخيص بناء,طلب ترخيص,تطبيق بلدي,محول لجهة أخرى,23.0,,لا
MKC-2028088,2024-11-04,2024-11-20,المسفلة,شكوى مخالفة بناء,شكوى,تطبيق بلدي,مغلق - تم الحل,16.0,2.0,لا
MKC-2025103,2024-11-04,2024-11-10,الهجرة,شكوى نظافة عامة,شكوى,تطبيق بلدي,مغلق - تم الحل,6.0,5.0,لا
MKC-2025201,2024-11-04,2024-11-10,العزيزية,تجديد رخصة تجارية,طلب ترخيص,المركز الموحد 940,محول لجهة أخرى,6.0,,لا
MKC-2026109,2024-11-05,2024-11-09,أجياد,شكوى نظافة عامة,شكوى,المركز الموحد 940,محول لجهة أخرى,4.0,,لا
MKC-2024675,2024-11-05,2024-11-10,الرصيفة,شكوى إشغال طريق,شكوى,مكتب خدمة العملاء,مغلق - تم الحل,5.0,4.0,لا
MKC-2023142,2024-11-05,2024-11-16,الحجون,شكوى صرف صحي,شكوى,تطبيق بلدي,قيد المعالجة,11.0,,لا
MKC-2027621,2024-11-05,2024-12-02,أجياد,ترخيص بناء,طلب ترخيص,المركز الموحد 940,مقبول ومنفذ,27.0,4.0,لا
MKC-2028161,2024-11-06,2024-11-14,الزاهر,شكوى صرف صحي,شكوى,مكتب خدمة العملاء,مغلق - تم الحل,8.0,3.0,لا
MKC-2027331,2024-11-06,2024-11-26,الزاهر,ترخيص تجاري,طلب ترخيص,تطبيق بلدي,مقبول ومنفذ,20.0,4.0,لا
MKC-2024585,2024-11-06,2024-11-13,بطحاء قريش,طلب صيانة حديقة/ملعب,طلب صيانة,تطبيق بلدي,محول لجهة أخرى,7.0,,لا
MKC-2026770,2024-11-06,2024-11-13,العزيزية,شكوى نظافة عامة,شكوى,مكتب خدمة العملاء,مغلق - تم الحل,7.0,3.0,لا
MKC-2025855,2024-11-06,2024-11-21,الزاهر,ترخيص تجاري,طلب ترخيص,حساب X (تويتر),مرفوض,15.0,,لا
MKC-2027813,2024-11-07,2024-11-09,المسفلة,شكوى صرف صحي,شكوى,المركز الموحد 940,مرفوض,2.0,,لا
MKC-2023954,2024-11-07,2024-11-13,الجميزة,شكوى نظافة عامة,شكوى,مكتب خدمة العملاء,مغلق - تم الحل,6.0,2.0,لا
MKC-2027308,2024-11-07,2024-11-18,النسيم,شكوى صرف صحي,شكوى,تطبيق بلدي,محول لجهة أخرى,11.0,,لا
MKC-2025506,2024-11-07,2024-11-20,بطحاء قريش,ترخيص لافتات إعلانية,طلب ترخيص,المركز الموحد 940,محول لجهة أخرى,13.0,,لا
MKC-2023467,2024-11-07,2024-11-23,العزيزية,شكوى مركبات مهملة,شكوى,مكتب فرعي بالحي,مغلق - تم الحل,16.0,3.0,لا
MKC-2023936,2024-11-08,2024-11-12,العتيبية,شكوى نظافة عامة,شكوى,تطبيق بلدي,مرفوض,4.0,,لا
MKC-2024843,2024-11-08,2024-11-15,أجياد,شكوى إشغال طريق,شكوى,مكتب فرعي بالحي,مقبول ومنفذ,7.0,5.0,لا
MKC-2027913,2024-11-08,2024-11-18,الجميزة,تجديد رخصة تجارية,طلب ترخيص,تطبيق بلدي,مغلق - تم الحل,10.0,4.0,لا
MKC-2028846,2024-11-08,2024-11-12,الهجرة,شكوى باعة متجولين,شكوى,تطبيق بلدي,محول لجهة أخرى,4.0,,لا
MKC-2025887,2024-11-08,2024-11-28,العزيزية,شكوى مخالفة بناء,شكوى,مكتب خدمة العملاء,مغلق - تم الحل,20.0,4.0,لا
MKC-2026300,2024-11-09,2024-11-27,الجميزة,ترخيص تجاري,طلب ترخيص,تطبيق بلدي,مقبول ومنفذ,18.0,3.0,لا
MKC-2025598,2024-11-09,2024-11-15,الكعكية,تجديد رخصة تجارية,طلب ترخيص,تطبيق بلدي,مقبول ومنفذ,6.0,4.0,لا
MKC-2024977,2024-11-09,2024-11-10,العزيزية,شكوى باعة متجولين,شكوى,مكتب خدمة العملاء,مغلق - تم الحل,1.0,4.0,لا
MKC-2025036,2024-11-09,,العتيبية,شكوى إشغال طريق,شكوى,المركز الموحد 940,قيد المعالجة,,,لا
MKC-2024654,2024-11-10,2024-12-03,النوارية,شكوى مخالفة بناء,شكوى,مكتب خدمة العملاء,محول لجهة أخرى,23.0,,لا
MKC-2024413,2024-11-10,2024-11-24,العتيبية,شكوى مخالفة بناء,شكوى,مكتب فرعي بالحي,مغلق - تم الحل,14.0,3.0,لا
MKC-2026330,2024-11-10,2024-12-04,الجميزة,ترخيص بناء,طلب ترخيص,حساب X (تويتر),مقبول ومنفذ,24.0,2.0,لا
MKC-2028438,2024-11-10,2024-11-17,الحجون,شكوى إنارة شوارع,شكوى,مكتب فرعي بالحي,مغلق - تم الحل,7.0,5.0,لا
MKC-2026129,2024-11-10,2024-11-25,الشوقية,ترخيص بناء,طلب ترخيص,مكتب خدمة العملاء,مرفوض,15.0,,لا
MKC-2027680,2024-11-10,2024-11-19,جرول,شكوى إشغال طريق,شكوى,تطبيق بلدي,مغلق - تم الحل,9.0,3.0,لا
MKC-2025479,2024-11-10,2024-11-14,الزاهر,شكوى باعة متجولين,شكوى,المركز الموحد 940,مغلق - تم الحل,4.0,4.0,لا
MKC-2028472,2024-11-11,2024-11-21,العتيبية,شكوى إنارة شوارع,شكوى,المركز الموحد 940,مغلق - تم الحل,10.0,3.0,لا
MKC-2026387,2024-11-11,2024-12-19,المسفلة,ترخيص بناء,طلب ترخيص,تطبيق بلدي,مرفوض,38.0,,لا
MKC-2025765,2024-11-11,2024-11-12,الرصيفة,شكوى صرف صحي,شكوى,مكتب خدمة العملاء,محول لجهة أخرى,1.0,,لا
MKC-2026952,2024-11-11,2024-11-22,العزيزية,ترخيص لافتات إعلانية,طلب ترخيص,تطبيق بلدي,مقبول ومنفذ,11.0,5.0,لا
MKC-2024730,2024-11-11,2024-11-14,الشوقية,شكوى باعة متجولين,شكوى,المركز الموحد 940,محول لجهة أخرى,3.0,,لا
MKC-2023346,2024-11-12,2024-12-11,النوارية,ترخيص بناء,طلب ترخيص,المركز الموحد 940,محول لجهة أخرى,29.0,,لا
MKC-2024458,2024-11-12,2024-11-25,الجميزة,شكوى مركبات مهملة,شكوى,مكتب فرعي بالحي,محول لجهة أخرى,13.0,,لا
MKC-2024309,2024-11-12,2024-11-18,العزيزية,شكوى نظافة عامة,شكوى,حساب X (تويتر),مرفوض,6.0,,لا
MKC-2025060,2024-11-12,,العزيزية,شكوى صرف صحي,شكوى,مكتب خدمة العملاء,قيد المعالجة,,,لا
MKC-2023462,2024-11-12,2024-11-15,الرصيفة,تجديد رخصة تجارية,طلب ترخيص,المركز الموحد 940,مقبول ومنفذ,3.0,4.0,لا
MKC-2026957,2024-11-13,2024-12-05,النسيم,طلب صيانة حديقة/ملعب,طلب صيانة,تطبيق بلدي,مقبول ومنفذ,22.0,3.0,لا
MKC-2027025,2024-11-13,2024-11-25,الرصيفة,ترخيص بناء,طلب ترخيص,مكتب خدمة العملاء,مقبول ومنفذ,12.0,4.0,لا
MKC-2024026,2024-11-13,2024-11-16,أجياد,شكوى مخالفة بناء,شكوى,تطبيق بلدي,محول لجهة أخرى,3.0,,لا
MKC-2024371,2024-11-13,2024-11-25,الرصيفة,شكوى مخالفة بناء,شكوى,تطبيق بلدي,محول لجهة أخرى,12.0,,لا
MKC-2025218,2024-11-13,2024-11-17,النسيم,شكوى نظافة عامة,شكوى,المركز الموحد 940,مغلق - تم الحل,4.0,4.0,لا
MKC-2026016,2024-11-14,2024-11-19,الشرائع,تجديد رخصة تجارية,طلب ترخيص,مكتب خدمة العملاء,مقبول ومنفذ,5.0,4.0,لا
MKC-2025690,2024-11-15,2024-11-17,العزيزية,شكوى نظافة عامة,شكوى,تطبيق بلدي,مغلق - تم الحل,2.0,5.0,لا
MKC-2027050,2024-11-15,2024-11-25,الششة,شكوى صرف صحي,شكوى,حساب X (تويتر),مقبول ومنفذ,10.0,3.0,لا
MKC-2027855,2024-11-15,2024-12-04,المسفلة,ترخيص بناء,طلب ترخيص,المركز الموحد 940,مرفوض,19.0,,لا
MKC-2027345,2024-11-15,2024-11-24,المسفلة,طلب صيانة حديقة/ملعب,طلب صيانة,المركز الموحد 940,مرفوض,9.0,,لا
MKC-2026864,2024-11-15,2024-11-19,الجميزة,شكوى إنارة شوارع,شكوى,تطبيق بلدي,محول لجهة أخرى,4.0,,لا
MKC-2025300,2024-11-15,2024-11-25,بطحاء قريش,شكوى إشغال طريق,شكوى,مكتب خدمة العملاء,مغلق - تم الحل,10.0,2.0,لا
MKC-2023319,2024-11-15,2024-11-17,العتيبية,شكوى إنارة شوارع,شكوى,تطبيق بلدي,مقبول ومنفذ,2.0,5.0,لا
MKC-2024453,2024-11-15,2024-12-04,الزاهر,شكوى مخالفة بناء,شكوى,تطبيق بلدي,مقبول ومنفذ,19.0,3.0,لا
MKC-2024263,2024-11-15,2024-11-26,أجياد,ترخيص بناء,طلب ترخيص,تطبيق بلدي,مقبول ومنفذ,11.0,4.0,لا
MKC-2024592,2024-11-15,2024-11-24,الششة,تجديد رخصة تجارية,طلب ترخيص,تطبيق بلدي,محول لجهة أخرى,9.0,,لا
MKC-2028426,2024-11-16,2024-11-30,النسيم,شكوى مخالفة بناء,شكوى,المركز الموحد 940,مغلق - تم الحل,14.0,3.0,لا
MKC-2025553,2024-11-16,2024-11-17,المسفلة,شكوى باعة متجولين,شكوى,تطبيق بلدي,مرفوض,1.0,,لا
MKC-2025599,2024-11-16,2024-11-21,الكعكية,شكوى نظافة عامة,شكوى,المركز الموحد 940,مغلق - تم الحل,5.0,4.0,لا
MKC-2028988,2024-11-16,2024-11-23,بطحاء قريش,تجديد رخصة تجارية,طلب ترخيص,مكتب خدمة العملاء,مرفوض,7.0,,لا
MKC-2025233,2024-11-16,2024-12-04,الزاهر,شكوى مركبات مهملة,شكوى,تطبيق بلدي,محول لجهة أخرى,18.0,,لا
MKC-2028585,2024-11-16,2024-11-29,أجياد,شكوى مخالفة بناء,شكوى,تطبيق بلدي,مرفوض,13.0,,لا
MKC-2025502,2024-11-16,2024-11-18,الحجون,شكوى صرف صحي,شكوى,تطبيق بلدي,مقبول ومنفذ,2.0,4.0,لا
MKC-2024013,2024-11-16,2024-12-25,الششة,ترخيص بناء,طلب ترخيص,تطبيق بلدي,مغلق - تم الحل,39.0,3.0,لا
MKC-2028365,2024-11-17,2024-11-23,الزاهر,شكوى نظافة عامة,شكوى,مكتب خدمة العملاء,مقبول ومنفذ,6.0,4.0,لا
MKC-2026268,2024-11-17,2024-11-19,المسفلة,شكوى باعة متجولين,شكوى,تطبيق بلدي,مرفوض,2.0,,لا
MKC-2023387,2024-11-17,2024-11-25,الحجون,تجديد رخصة تجارية,طلب ترخيص,تطبيق بلدي,مغلق - تم الحل,8.0,5.0,لا
MKC-2026598,2024-11-17,2024-12-02,جرول,شكوى مخالفة بناء,شكوى,مكتب خدمة العملاء,مغلق - تم الحل,15.0,3.0,لا
MKC-2027120,2024-11-17,2024-12-18,الشوقية,ترخيص بناء,طلب ترخيص,حساب X (تويتر),محول لجهة أخرى,31.0,,لا
MKC-2023915,2024-11-18,2024-11-25,النوارية,تجديد رخصة تجارية,طلب ترخيص,مكتب خدمة العملاء,محول لجهة أخرى,7.0,,لا
MKC-2025002,2024-11-18,2024-11-20,الششة,تجديد رخصة تجارية,طلب ترخيص,مكتب خدمة العملاء,مقبول ومنفذ,2.0,4.0,لا
MKC-2024060,2024-11-18,2024-12-08,المسفلة,شكوى مخالفة بناء,شكوى,حساب X (تويتر),محول لجهة أخرى,20.0,,لا
MKC-2027356,2024-11-18,,الكعكية,ترخيص تجاري,طلب ترخيص,مكتب خدمة العملاء,قيد المعالجة,,,لا
MKC-2024950,2024-11-18,2024-11-23,الرصيفة,شكوى نظافة عامة,شكوى,تطبيق بلدي,مغلق - تم الحل,5.0,5.0,لا
MKC-2026877,2024-11-18,2024-11-26,الكعكية,شكوى إشغال طريق,شكوى,مكتب خدمة العملاء,محول لجهة أخرى,8.0,,لا
MKC-2026687,2024-11-18,2024-11-26,الهجرة,تجديد رخصة تجارية,طلب ترخيص,تطبيق بلدي,مقبول ومنفذ,8.0,4.0,لا
MKC-2023964,2024-11-18,2024-11-21,العزيزية,شكوى باعة متجولين,شكوى,المركز الموحد 940,مغلق - تم الحل,3.0,3.0,لا
MKC-2028735,2024-11-18,2024-11-27,الشرائع,شكوى مخالفة بناء,شكوى,تطبيق بلدي,مغلق - تم الحل,9.0,3.0,لا
MKC-2023169,2024-11-18,2024-12-07,الششة,ترخيص بناء,طلب ترخيص,تطبيق بلدي,مقبول ومنفذ,19.0,3.0,لا
MKC-2024919,2024-11-19,2024-11-22,الجميزة,شكوى باعة متجولين,شكوى,مكتب خدمة العملاء,مغلق - تم الحل,3.0,4.0,لا
MKC-2027057,2024-11-19,2024-12-18,النوارية,شكوى مخالفة بناء,شكوى,تطبيق بلدي,محول لجهة أخرى,29.0,,لا
MKC-2026100,2024-11-19,2024-12-01,العزيزية,شكوى مخالفة بناء,شكوى,تطبيق بلدي,مغلق - تم الحل,12.0,4.0,لا
MKC-2028747,2024-11-19,2024-12-01,الزاهر,ترخيص تجاري,طلب ترخيص,المركز الموحد 940,مقبول ومنفذ,12.0,3.0,لا
MKC-2023966,2024-11-19,2024-11-23,الشوقية,شكوى باعة متجولين,شكوى,تطبيق بلدي,مغلق - تم الحل,4.0,3.0,لا
MKC-2026970,2024-11-19,2024-11-25,العتيبية,شكوى نظافة عامة,شكوى,مكتب فرعي بالحي,مغلق - تم الحل,6.0,5.0,لا
MKC-2026379,2024-11-20,2024-11-22,الزاهر,شكوى إنارة شوارع,شكوى,تطبيق بلدي,قيد المعالجة,2.0,,لا
MKC-2028528,2024-11-20,2024-11-30,الششة,شكوى إشغال طريق,شكوى,مكتب خدمة العملاء,مرفوض,10.0,,لا
MKC-2026236,2024-11-20,2024-12-03,النسيم,شكوى إنارة شوارع,شكوى,تطبيق بلدي,مغلق - تم الحل,13.0,4.0,لا
MKC-2023891,2024-11-20,2024-11-27,العزيزية,طلب صيانة حديقة/ملعب,طلب صيانة,المركز الموحد 940,قيد المعالجة,7.0,,لا
MKC-2023719,2024-11-21,2024-11-24,العزيزية,شكوى باعة متجولين,شكوى,المركز الموحد 940,مرفوض,3.0,,لا
MKC-2027793,2024-11-21,2024-12-16,العزيزية,ترخيص تجاري,طلب ترخيص,مكتب خدمة العملاء,مقبول ومنفذ,25.0,4.0,لا
MKC-2027258,2024-11-21,2024-12-04,الزاهر,ترخيص لافتات إعلانية,طلب ترخيص,المركز الموحد 940,مرفوض,13.0,,لا
MKC-2025823,2024-11-21,2024-11-24,النسيم,شكوى نظافة عامة,شكوى,مكتب فرعي بالحي,مقبول ومنفذ,3.0,5.0,لا
MKC-2023223,2024-11-21,2024-12-04,الشرائع,ترخيص لافتات إعلانية,طلب ترخيص,تطبيق بلدي,محول لجهة أخرى,13.0,,لا
MKC-2024517,2024-11-21,2024-11-25,العزيزية,شكوى باعة متجولين,شكوى,تطبيق بلدي,مغلق - تم الحل,4.0,3.0,لا
MKC-2025435,2024-11-22,2024-12-25,الجميزة,ترخيص بناء,طلب ترخيص,تطبيق بلدي,مرفوض,33.0,,لا
MKC-2028270,2024-11-22,2024-12-04,العزيزية,شكوى إنارة شوارع,شكوى,تطبيق بلدي,مغلق - تم الحل,12.0,4.0,لا
MKC-2023526,2024-11-23,2024-11-25,العتيبية,شكوى باعة متجولين,شكوى,مكتب فرعي بالحي,مقبول ومنفذ,2.0,4.0,لا
MKC-2028280,2024-11-23,2024-12-04,بطحاء قريش,شكوى مخالفة بناء,شكوى,المركز الموحد 940,مغلق - تم الحل,11.0,3.0,لا
MKC-2025534,2024-11-23,2024-11-26,الششة,شكوى نظافة عامة,شكوى,مكتب خدمة العملاء,محول لجهة أخرى,3.0,,لا
MKC-2025948,2024-11-23,2024-11-26,الهجرة,شكوى نظافة عامة,شكوى,مكتب فرعي بالحي,مغلق - تم الحل,3.0,4.0,لا
MKC-2026510,2024-11-24,2024-12-04,العتيبية,ترخيص تجاري,طلب ترخيص,تطبيق بلدي,مرفوض,10.0,,لا
MKC-2025490,2024-11-24,2024-12-18,الششة,ترخيص تجاري,طلب ترخيص,مكتب خدمة العملاء,مقبول ومنفذ,24.0,4.0,لا
MKC-2027260,2024-11-24,2024-12-13,العزيزية,ترخيص بناء,طلب ترخيص,مكتب خدمة العملاء,مرفوض,19.0,,لا
MKC-2026951,2024-11-24,2024-11-25,الشرائع,شكوى إنارة شوارع,شكوى,مكتب خدمة العملاء,محول لجهة أخرى,1.0,,لا
MKC-2023341,2024-11-24,2024-12-01,العزيزية,طلب صيانة حديقة/ملعب,طلب صيانة,تطبيق بلدي,مقبول ومنفذ,7.0,3.0,لا
MKC-2023136,2024-11-24,2024-11-30,النوارية,شكوى إشغال طريق,شكوى,تطبيق بلدي,محول لجهة أخرى,6.0,,لا
MKC-2026102,2024-11-24,2024-11-27,الزاهر,شكوى صرف صحي,شكوى,المركز الموحد 940,مغلق - تم الحل,3.0,4.0,لا
MKC-2026844,2024-11-24,2024-11-26,الزاهر,شكوى نظافة عامة,شكوى,تطبيق بلدي,مغلق - تم الحل,2.0,4.0,لا
MKC-2023904,2024-11-24,2024-12-16,الرصيفة,ترخيص بناء,طلب ترخيص,المركز الموحد 940,مرفوض,22.0,,لا
MKC-2023687,2024-11-24,2024-12-06,بطحاء قريش,شكوى إنارة شوارع,شكوى,مكتب خدمة العملاء,مغلق - تم الحل,12.0,4.0,لا
MKC-2024743,2024-11-24,2024-11-25,الهجرة,شكوى إنارة شوارع,شكوى,تطبيق بلدي,مرفوض,1.0,,لا
MKC-2024384,2024-11-24,2024-11-30,العزيزية,شكوى مخالفة بناء,شكوى,مكتب خدمة العملاء,مغلق - تم الحل,6.0,5.0,لا
MKC-2028417,2024-11-25,2024-11-29,الزاهر,شكوى نظافة عامة,شكوى,المركز الموحد 940,مغلق - تم الحل,4.0,4.0,لا
MKC-2028444,2024-11-25,2024-11-30,النسيم,تجديد رخصة تجارية,طلب ترخيص,المركز الموحد 940,قيد المعالجة,5.0,,لا
MKC-2024698,2024-11-25,2024-12-10,الرصيفة,شكوى مخالفة بناء,شكوى,المركز الموحد 940,مقبول ومنفذ,15.0,4.0,لا
MKC-2025621,2024-11-25,2024-12-05,الحجون,تجديد رخصة تجارية,طلب ترخيص,حساب X (تويتر),محول لجهة أخرى,10.0,,لا
MKC-2026786,2024-11-25,2024-12-04,أجياد,شكوى صرف صحي,شكوى,تطبيق بلدي,مرفوض,9.0,,لا
MKC-2028883,2024-11-25,2024-11-28,الزاهر,ترخيص لافتات إعلانية,طلب ترخيص,مكتب فرعي بالحي,مقبول ومنفذ,3.0,4.0,لا
MKC-2026270,2024-11-25,2024-11-30,الكعكية,شكوى مركبات مهملة,شكوى,مكتب فرعي بالحي,مغلق - تم الحل,5.0,4.0,لا
MKC-2023723,2024-11-25,2024-12-17,الزاهر,ترخيص تجاري,طلب ترخيص,مكتب فرعي بالحي,مقبول ومنفذ,22.0,4.0,لا
MKC-2024501,2024-11-25,2024-12-01,النسيم,شكوى مركبات مهملة,شكوى,مكتب خدمة العملاء,مغلق - تم الحل,6.0,3.0,لا
MKC-2028910,2024-11-26,2024-12-04,جرول,تجديد رخصة تجارية,طلب ترخيص,مكتب خدمة العملاء,مرفوض,8.0,,لا
MKC-2023849,2024-11-26,2024-12-11,المسفلة,طلب صيانة حديقة/ملعب,طلب صيانة,مكتب خدمة العملاء,مقبول ومنفذ,15.0,4.0,لا
MKC-2026771,2024-11-26,2024-12-15,الششة,ترخيص بناء,طلب ترخيص,تطبيق بلدي,مرفوض,19.0,,لا
MKC-2028212,2024-11-27,2024-12-01,جرول,شكوى مخالفة بناء,شكوى,المركز الموحد 940,مرفوض,4.0,,لا
MKC-2023099,2024-11-27,2024-11-30,الكعكية,تجديد رخصة تجارية,طلب ترخيص,تطبيق بلدي,مقبول ومنفذ,3.0,5.0,لا
MKC-2027170,2024-11-27,2024-12-03,الشوقية,شكوى إشغال طريق,شكوى,مكتب فرعي بالحي,مغلق - تم الحل,6.0,3.0,لا
MKC-2026779,2024-11-27,2024-12-10,أجياد,ترخيص تجاري,طلب ترخيص,مكتب فرعي بالحي,مقبول ومنفذ,13.0,3.0,لا
MKC-2026726,2024-11-27,2024-11-29,العزيزية,شكوى نظافة عامة,شكوى,حساب X (تويتر),محول لجهة أخرى,2.0,,لا
MKC-2028540,2024-11-27,2024-12-22,الزاهر,ترخيص تجاري,طلب ترخيص,تطبيق بلدي,مقبول ومنفذ,25.0,4.0,لا
MKC-2024831,2024-11-27,2024-12-01,الكعكية,ترخيص لافتات إعلانية,طلب ترخيص,تطبيق بلدي,مغلق - تم الحل,4.0,4.0,لا
MKC-2028992,2024-11-28,2024-12-06,الهجرة,تجديد رخصة تجارية,طلب ترخيص,تطبيق بلدي,محول لجهة أخرى,8.0,,لا
MKC-2023604,2024-11-28,2024-12-01,العزيزية,شكوى نظافة عامة,شكوى,تطبيق بلدي,محول لجهة أخرى,3.0,,لا
MKC-2024334,2024-11-28,2024-12-11,الزاهر,ترخيص تجاري,طلب ترخيص,تطبيق بلدي,مقبول ومنفذ,13.0,3.0,لا
MKC-2026093,2024-11-29,2024-12-06,الهجرة,شكوى إشغال طريق,شكوى,تطبيق بلدي,مقبول ومنفذ,7.0,4.0,لا
MKC-2024606,2024-11-29,2024-12-25,النوارية,شكوى مخالفة بناء,شكوى,تطبيق بلدي,مغلق - تم الحل,26.0,4.0,لا
MKC-2028496,2024-11-29,,الششة,ترخيص بناء,طلب ترخيص,المركز الموحد 940,قيد المعالجة,,,لا
MKC-2024406,2024-11-29,2024-12-13,الكعكية,ترخيص بناء,طلب ترخيص,حساب X (تويتر),محول لجهة أخرى,14.0,,لا
MKC-2026619,2024-11-29,2024-12-22,الشرائع,شكوى مخالفة بناء,شكوى,مكتب خدمة العملاء,محول لجهة أخرى,23.0,,لا
MKC-2026071,2024-11-29,2024-12-05,المسفلة,شكوى نظافة عامة,شكوى,مكتب خدمة العملاء,مغلق - تم الحل,6.0,4.0,لا
MKC-2026161,2024-11-29,2024-12-02,الرصيفة,تجديد رخصة تجارية,طلب ترخيص,حساب X (تويتر),مرفوض,3.0,,لا
MKC-2026631,2024-11-30,2024-12-01,المسفلة,شكوى باعة متجولين,شكوى,المركز الموحد 940,مغلق - تم الحل,1.0,4.0,لا
MKC-2024333,2024-11-30,2024-12-05,جرول,شكوى باعة متجولين,شكوى,المركز الموحد 940,مغلق - تم الحل,5.0,3.0,لا
MKC-2026469,2024-12-01,2024-12-05,الرصيفة,شكوى صرف صحي,شكوى,تطبيق بلدي,مغلق - تم الحل,4.0,5.0,لا
MKC-2025254,2024-12-01,2024-12-08,جرول,تجديد رخصة تجارية,طلب ترخيص,تطبيق بلدي,مرفوض,7.0,,لا
MKC-2027060,2024-12-01,2024-12-11,العزيزية,شكوى مخالفة بناء,شكوى,تطبيق بلدي,مغلق - تم الحل,10.0,3.0,لا
MKC-2028890,2024-12-01,2024-12-03,النوارية,شكوى إنارة شوارع,شكوى,تطبيق بلدي,مغلق - تم الحل,2.0,5.0,لا
MKC-2023232,2024-12-01,2024-12-11,النسيم,شكوى صرف صحي,شكوى,مكتب خدمة العملاء,قيد المعالجة,10.0,,لا
MKC-2026295,2024-12-01,,النسيم,شكوى مخالفة بناء,شكوى,حساب X (تويتر),قيد المعالجة,,,لا
MKC-2027784,2024-12-01,2024-12-19,الكعكية,شكوى مخالفة بناء,شكوى,تطبيق بلدي,مرفوض,18.0,,لا
MKC-2025181,2024-12-02,2024-12-28,جرول,شكوى مخالفة بناء,شكوى,مكتب خدمة العملاء,مغلق - تم الحل,26.0,4.0,لا
MKC-2028749,2024-12-02,2024-12-18,الشوقية,طلب صيانة حديقة/ملعب,طلب صيانة,مكتب فرعي بالحي,محول لجهة أخرى,16.0,,لا
MKC-2025906,2024-12-02,2024-12-08,العتيبية,تجديد رخصة تجارية,طلب ترخيص,تطبيق بلدي,محول لجهة أخرى,6.0,,لا
MKC-2023031,2024-12-02,2024-12-05,العزيزية,شكوى باعة متجولين,شكوى,تطبيق بلدي,مغلق - تم الحل,3.0,5.0,لا
MKC-2028748,2024-12-03,2024-12-27,النسيم,ترخيص تجاري,طلب ترخيص,تطبيق بلدي,مقبول ومنفذ,24.0,5.0,لا
MKC-2027463,2024-12-03,2024-12-15,الحجون,شكوى صرف صحي,شكوى,تطبيق بلدي,محول لجهة أخرى,12.0,,لا
MKC-2023103,2024-12-03,,الكعكية,ترخيص تجاري,طلب ترخيص,المركز الموحد 940,قيد المعالجة,,,لا
MKC-2028974,2024-12-03,2024-12-26,المسفلة,ترخيص تجاري,طلب ترخيص,تطبيق بلدي,مرفوض,23.0,,لا
MKC-2024402,2024-12-03,2024-12-21,النسيم,ترخيص بناء,طلب ترخيص,المركز الموحد 940,مرفوض,18.0,,لا
MKC-2025961,2024-12-04,2024-12-16,المسفلة,ترخيص تجاري,طلب ترخيص,تطبيق بلدي,مقبول ومنفذ,12.0,5.0,لا
MKC-2025179,2024-12-04,2024-12-11,النوارية,شكوى إنارة شوارع,شكوى,المركز الموحد 940,مغلق - تم الحل,7.0,5.0,لا
MKC-2025546,2024-12-04,2024-12-06,الزاهر,شكوى صرف صحي,شكوى,المركز الموحد 940,مغلق - تم الحل,2.0,5.0,لا
MKC-2024971,2024-12-04,2024-12-15,النسيم,ترخيص بناء,طلب ترخيص,المركز الموحد 940,مرفوض,11.0,,لا
MKC-2024953,2024-12-04,2024-12-08,الزاهر,شكوى صرف صحي,شكوى,المركز الموحد 940,محول لجهة أخرى,4.0,,لا
MKC-2023612,2024-12-04,2024-12-07,بطحاء قريش,شكوى إشغال طريق,شكوى,تطبيق بلدي,مغلق - تم الحل,3.0,4.0,لا
MKC-2027479,2024-12-04,,الزاهر,تجديد رخصة تجارية,طلب ترخيص,مكتب فرعي بالحي,قيد المعالجة,,,لا
MKC-2028546,2024-12-05,2024-12-07,العتيبية,شكوى باعة متجولين,شكوى,المركز الموحد 940,محول لجهة أخرى,2.0,,لا
MKC-2024955,2024-12-05,2024-12-08,العتيبية,شكوى نظافة عامة,شكوى,مكتب فرعي بالحي,مقبول ومنفذ,3.0,4.0,لا
MKC-2026513,2024-12-05,2024-12-07,الحجون,شكوى نظافة عامة,شكوى,تطبيق بلدي,مقبول ومنفذ,2.0,4.0,لا
MKC-2026250,2024-12-05,,أجياد,شكوى إنارة شوارع,شكوى,مكتب فرعي بالحي,قيد المعالجة,,,لا
MKC-2024270,2024-12-05,2024-12-19,المسفلة,ترخيص تجاري,طلب ترخيص,تطبيق بلدي,محول لجهة أخرى,14.0,,لا
MKC-2023022,2024-12-05,2024-12-09,جرول,شكوى صرف صحي,شكوى,تطبيق بلدي,مغلق - تم الحل,4.0,5.0,لا
MKC-2025067,2024-12-05,2024-12-10,الرصيفة,شكوى نظافة عامة,شكوى,مكتب خدمة العملاء,مغلق - تم الحل,5.0,3.0,لا
MKC-2025290,2024-12-06,,الزاهر,ترخيص بناء,طلب ترخيص,حساب X (تويتر),قيد المعالجة,,,لا
MKC-2023201,2024-12-06,2024-12-09,الشرائع,شكوى إشغال طريق,شكوى,المركز الموحد 940,قيد المعالجة,3.0,,لا
MKC-2025710,2024-12-06,2024-12-24,بطحاء قريش,طلب صيانة حديقة/ملعب,طلب صيانة,مكتب خدمة العملاء,مرفوض,18.0,,لا
MKC-2024419,2024-12-06,,الحجون,شكوى نظافة عامة,شكوى,مكتب خدمة العملاء,قيد المعالجة,,,لا
MKC-2024757,2024-12-06,2024-12-30,الجميزة,طلب صيانة حديقة/ملعب,طلب صيانة,المركز الموحد 940,محول لجهة أخرى,24.0,,لا
MKC-2027451,2024-12-07,2024-12-14,الرصيفة,ترخيص لافتات إعلانية,طلب ترخيص,المركز الموحد 940,مرفوض,7.0,,لا
MKC-2026564,2024-12-07,2024-12-27,الزاهر,شكوى مخالفة بناء,شكوى,تطبيق بلدي,مغلق - تم الحل,20.0,3.0,لا
MKC-2027609,2024-12-07,2024-12-12,النسيم,شكوى مخالفة بناء,شكوى,مكتب فرعي بالحي,مغلق - تم الحل,5.0,4.0,لا
MKC-2024374,2024-12-08,2024-12-19,العزيزية,ترخيص تجاري,طلب ترخيص,تطبيق بلدي,مرفوض,11.0,,لا
MKC-2025896,2024-12-08,2024-12-19,الجميزة,شكوى مخالفة بناء,شكوى,تطبيق بلدي,محول لجهة أخرى,11.0,,لا
MKC-2025411,2024-12-08,2024-12-21,النوارية,ترخيص لافتات إعلانية,طلب ترخيص,تطبيق بلدي,مرفوض,13.0,,لا
MKC-2028195,2024-12-08,,أجياد,ترخيص بناء,طلب ترخيص,تطبيق بلدي,قيد المعالجة,,,لا
MKC-2026884,2024-12-08,2024-12-17,الششة,طلب صيانة حديقة/ملعب,طلب صيانة,المركز الموحد 940,مغلق - تم الحل,9.0,4.0,لا
MKC-2026392,2024-12-08,2024-12-10,الزاهر,شكوى نظافة عامة,شكوى,تطبيق بلدي,مغلق - تم الحل,2.0,4.0,لا
MKC-2023005,2024-12-09,2024-12-18,الجميزة,طلب صيانة حديقة/ملعب,طلب صيانة,مكتب فرعي بالحي,مقبول ومنفذ,9.0,4.0,لا
MKC-2027218,2024-12-09,2024-12-12,العزيزية,شكوى نظافة عامة,شكوى,تطبيق بلدي,مغلق - تم الحل,3.0,5.0,لا
MKC-2024411,2024-12-09,2024-12-22,أجياد,ترخيص لافتات إعلانية,طلب ترخيص,تطبيق بلدي,مرفوض,13.0,,لا
MKC-2026045,2024-12-09,2024-12-13,الششة,شكوى باعة متجولين,شكوى,المركز الموحد 940,مغلق - تم الحل,4.0,4.0,لا
MKC-2024193,2024-12-09,2024-12-15,العتيبية,شكوى صرف صحي,شكوى,تطبيق بلدي,محول لجهة أخرى,6.0,,لا
MKC-2026735,2024-12-09,2024-12-12,النوارية,شكوى نظافة عامة,شكوى,تطبيق بلدي,مغلق - تم الحل,3.0,3.0,لا
MKC-2024435,2024-12-09,2024-12-23,الجميزة,شكوى إنارة شوارع,شكوى,حساب X (تويتر),محول لجهة أخرى,14.0,,لا
MKC-2027230,2024-12-10,2024-12-18,الشوقية,ترخيص لافتات إعلانية,طلب ترخيص,مكتب خدمة العملاء,محول لجهة أخرى,8.0,,لا
MKC-2024065,2024-12-10,2024-12-14,العزيزية,طلب صيانة حديقة/ملعب,طلب صيانة,مكتب خدمة العملاء,مقبول ومنفذ,4.0,3.0,لا
MKC-2025076,2024-12-10,2024-12-18,النسيم,ترخيص تجاري,طلب ترخيص,تطبيق بلدي,مقبول ومنفذ,8.0,5.0,لا
MKC-2024134,2024-12-10,2024-12-12,النسيم,شكوى إنارة شوارع,شكوى,مكتب فرعي بالحي,مرفوض,2.0,,لا
MKC-2028129,2024-12-10,,العتيبية,ترخيص تجاري,طلب ترخيص,تطبيق بلدي,قيد المعالجة,,,لا
MKC-2027595,2024-12-11,2024-12-19,العزيزية,طلب صيانة حديقة/ملعب,طلب صيانة,تطبيق بلدي,قيد المعالجة,8.0,,لا
MKC-2027700,2024-12-11,2024-12-22,الزاهر,ترخيص تجاري,طلب ترخيص,المركز الموحد 940,مرفوض,11.0,,لا
MKC-2023624,2024-12-11,2024-12-15,المسفلة,شكوى إشغال طريق,شكوى,تطبيق بلدي,محول لجهة أخرى,4.0,,لا
MKC-2025056,2024-12-11,,النسيم,شكوى مخالفة بناء,شكوى,مكتب خدمة العملاء,قيد المعالجة,,,لا
MKC-2024439,2024-12-11,,الرصيفة,ترخيص تجاري,طلب ترخيص,تطبيق بلدي,قيد المعالجة,,,لا
MKC-2024084,2024-12-12,2024-12-15,العزيزية,تجديد رخصة تجارية,طلب ترخيص,مكتب خدمة العملاء,مرفوض,3.0,,لا
MKC-2027363,2024-12-12,2024-12-21,الشوقية,شكوى إنارة شوارع,شكوى,مكتب خدمة العملاء,محول لجهة أخرى,9.0,,لا
MKC-2028392,2024-12-12,2024-12-22,الهجرة,شكوى إشغال طريق,شكوى,تطبيق بلدي,مغلق - تم الحل,10.0,5.0,لا
MKC-2024267,2024-12-12,2024-12-14,الرصيفة,شكوى باعة متجولين,شكوى,تطبيق بلدي,مرفوض,2.0,,لا
MKC-2023872,2024-12-12,2024-12-18,جرول,شكوى إنارة شوارع,شكوى,المركز الموحد 940,محول لجهة أخرى,6.0,,لا
MKC-2023456,2024-12-13,,الرصيفة,شكوى مخالفة بناء,شكوى,المركز الموحد 940,قيد المعالجة,,,لا
MKC-2025998,2024-12-13,2024-12-26,النسيم,شكوى مركبات مهملة,شكوى,المركز الموحد 940,مغلق - تم الحل,13.0,5.0,لا
MKC-2027546,2024-12-13,,الكعكية,ترخيص تجاري,طلب ترخيص,مكتب خدمة العملاء,قيد المعالجة,,,لا
MKC-2023446,2024-12-13,,الرصيفة,شكوى نظافة عامة,شكوى,تطبيق بلدي,قيد المعالجة,,,لا
MKC-2024712,2024-12-13,2024-12-25,الزاهر,شكوى مركبات مهملة,شكوى,تطبيق بلدي,مغلق - تم الحل,12.0,3.0,لا
MKC-2028049,2024-12-13,2024-12-23,الجميزة,شكوى إشغال طريق,شكوى,المركز الموحد 940,مرفوض,10.0,,لا
MKC-2023296,2024-12-13,2024-12-18,الشرائع,شكوى إنارة شوارع,شكوى,المركز الموحد 940,محول لجهة أخرى,5.0,,لا
MKC-2026990,2024-12-13,,العتيبية,شكوى مخالفة بناء,شكوى,مكتب فرعي بالحي,قيد المعالجة,,,لا
MKC-2025891,2024-12-14,2024-12-21,العزيزية,شكوى إنارة شوارع,شكوى,مكتب خدمة العملاء,مغلق - تم الحل,7.0,4.0,لا
MKC-2028515,2024-12-14,2024-12-18,المسفلة,تجديد رخصة تجارية,طلب ترخيص,تطبيق بلدي,مقبول ومنفذ,4.0,5.0,لا
MKC-2027953,2024-12-14,2024-12-21,العزيزية,شكوى نظافة عامة,شكوى,تطبيق بلدي,محول لجهة أخرى,7.0,,لا
MKC-2025824,2024-12-14,2024-12-18,النوارية,شكوى نظافة عامة,شكوى,تطبيق بلدي,مقبول ومنفذ,4.0,4.0,لا
MKC-2025044,2024-12-14,2024-12-20,العزيزية,شكوى نظافة عامة,شكوى,المركز الموحد 940,مغلق - تم الحل,6.0,4.0,لا
MKC-2027583,2024-12-14,2024-12-19,الشوقية,شكوى باعة متجولين,شكوى,مكتب خدمة العملاء,مغلق - تم الحل,5.0,3.0,لا
MKC-2024486,2024-12-14,2024-12-21,النوارية,شكوى إنارة شوارع,شكوى,مكتب خدمة العملاء,مقبول ومنفذ,7.0,4.0,لا
MKC-2024114,2024-12-14,2024-12-20,الشرائع,تجديد رخصة تجارية,طلب ترخيص,تطبيق بلدي,مقبول ومنفذ,6.0,3.0,لا
MKC-2024344,2024-12-15,2024-12-28,الشوقية,ترخيص تجاري,طلب ترخيص,تطبيق بلدي,مقبول ومنفذ,13.0,4.0,لا
MKC-2026160,2024-12-15,2024-12-21,الحجون,شكوى نظافة عامة,شكوى,تطبيق بلدي,مغلق - تم الحل,6.0,4.0,لا
MKC-2023914,2024-12-15,,الهجرة,شكوى مخالفة بناء,شكوى,تطبيق بلدي,قيد المعالجة,,,لا
MKC-2028576,2024-12-15,,الكعكية,شكوى مخالفة بناء,شكوى,المركز الموحد 940,قيد المعالجة,,,لا
MKC-2023598,2024-12-15,2024-12-18,النسيم,ترخيص لافتات إعلانية,طلب ترخيص,حساب X (تويتر),محول لجهة أخرى,3.0,,لا
MKC-2024634,2024-12-16,2024-12-17,الحجون,شكوى باعة متجولين,شكوى,المركز الموحد 940,مغلق - تم الحل,1.0,5.0,لا
MKC-2023837,2024-12-16,2024-12-20,الشرائع,شكوى نظافة عامة,شكوى,تطبيق بلدي,مغلق - تم الحل,4.0,4.0,لا
MKC-2028712,2024-12-16,2024-12-29,الششة,شكوى مركبات مهملة,شكوى,حساب X (تويتر),مغلق - تم الحل,13.0,4.0,لا
MKC-2023913,2024-12-17,2024-12-27,العزيزية,شكوى مخالفة بناء,شكوى,مكتب فرعي بالحي,مغلق - تم الحل,10.0,3.0,لا
MKC-2023784,2024-12-17,2024-12-30,النوارية,ترخيص تجاري,طلب ترخيص,تطبيق بلدي,مرفوض,13.0,,لا
MKC-2026432,2024-12-17,2024-12-25,العتيبية,شكوى إنارة شوارع,شكوى,تطبيق بلدي,مغلق - تم الحل,8.0,4.0,لا
MKC-2028074,2024-12-17,2024-12-21,بطحاء قريش,شكوى مركبات مهملة,شكوى,المركز الموحد 940,مغلق - تم الحل,4.0,4.0,لا
MKC-2027943,2024-12-17,,النسيم,طلب صيانة حديقة/ملعب,طلب صيانة,المركز الموحد 940,قيد المعالجة,,,لا
MKC-2023613,2024-12-17,2024-12-23,العزيزية,شكوى إشغال طريق,شكوى,مكتب خدمة العملاء,مغلق - تم الحل,6.0,5.0,لا
MKC-2024701,2024-12-17,2024-12-27,النوارية,شكوى إشغال طريق,شكوى,مكتب خدمة العملاء,مغلق - تم الحل,10.0,3.0,لا
MKC-2026173,2024-12-17,,الرصيفة,ترخيص بناء,طلب ترخيص,تطبيق بلدي,قيد المعالجة,,,لا
MKC-2024872,2024-12-18,2024-12-20,الحجون,شكوى باعة متجولين,شكوى,تطبيق بلدي,مغلق - تم الحل,2.0,5.0,لا
MKC-2024873,2024-12-18,,الكعكية,ترخيص بناء,طلب ترخيص,مكتب خدمة العملاء,قيد المعالجة,,,لا
MKC-2023622,2024-12-18,2024-12-19,الشوقية,شكوى باعة متجولين,شكوى,المركز الموحد 940,مرفوض,1.0,,لا
MKC-2026034,2024-12-18,2024-12-23,الكعكية,شكوى نظافة عامة,شكوى,تطبيق بلدي,مقبول ومنفذ,5.0,4.0,لا
MKC-2025894,2024-12-19,2024-12-26,العتيبية,شكوى صرف صحي,شكوى,المركز الموحد 940,مغلق - تم الحل,7.0,4.0,لا
MKC-2025325,2024-12-19,2024-12-30,الشوقية,شكوى صرف صحي,شكوى,تطبيق بلدي,مغلق - تم الحل,11.0,3.0,لا
MKC-2028282,2024-12-19,2024-12-22,بطحاء قريش,شكوى إنارة شوارع,شكوى,تطبيق بلدي,محول لجهة أخرى,3.0,,لا
MKC-2025940,2024-12-19,,الرصيفة,ترخيص بناء,طلب ترخيص,تطبيق بلدي,قيد المعالجة,,,لا
MKC-2024705,2024-12-19,,الزاهر,شكوى مخالفة بناء,شكوى,مكتب فرعي بالحي,قيد المعالجة,,,لا
MKC-2027602,2024-12-19,2024-12-22,النسيم,شكوى إشغال طريق,شكوى,مكتب فرعي بالحي,مغلق - تم الحل,3.0,3.0,لا
MKC-2027177,2024-12-19,2024-12-21,الزاهر,شكوى مركبات مهملة,شكوى,تطبيق بلدي,محول لجهة أخرى,2.0,,لا
MKC-2023385,2024-12-19,,الشوقية,ترخيص تجاري,طلب ترخيص,مكتب خدمة العملاء,قيد المعالجة,,,لا
MKC-2025261,2024-12-19,,الكعكية,شكوى مركبات مهملة,شكوى,مكتب خدمة العملاء,قيد المعالجة,,,لا
MKC-2026170,2024-12-19,,الكعكية,ترخيص تجاري,طلب ترخيص,تطبيق بلدي,قيد المعالجة,,,لا
MKC-2025386,2024-12-20,2024-12-26,أجياد,طلب صيانة حديقة/ملعب,طلب صيانة,تطبيق بلدي,مقبول ومنفذ,6.0,4.0,لا
MKC-2026886,2024-12-20,2024-12-24,الكعكية,شكوى نظافة عامة,شكوى,مكتب خدمة العملاء,مقبول ومنفذ,4.0,5.0,لا
MKC-2026512,2024-12-20,,النوارية,ترخيص تجاري,طلب ترخيص,المركز الموحد 940,قيد المعالجة,,,لا
MKC-2025050,2024-12-20,,الزاهر,شكوى مخالفة بناء,شكوى,المركز الموحد 940,قيد المعالجة,,,لا
MKC-2024988,2024-12-20,2024-12-29,الكعكية,تجديد رخصة تجارية,طلب ترخيص,المركز الموحد 940,مرفوض,9.0,,لا
MKC-2025693,2024-12-20,2024-12-25,الششة,تجديد رخصة تجارية,طلب ترخيص,تطبيق بلدي,محول لجهة أخرى,5.0,,لا
MKC-2026760,2024-12-21,2024-12-28,الكعكية,شكوى صرف صحي,شكوى,تطبيق بلدي,مرفوض,7.0,,لا
MKC-2025793,2024-12-21,2024-12-23,الشوقية,تجديد رخصة تجارية,طلب ترخيص,تطبيق بلدي,محول لجهة أخرى,2.0,,لا
MKC-2023980,2024-12-21,,الحجون,ترخيص بناء,طلب ترخيص,حساب X (تويتر),قيد المعالجة,,,لا
MKC-2027560,2024-12-22,,جرول,ترخيص تجاري,طلب ترخيص,مكتب خدمة العملاء,قيد المعالجة,,,لا
MKC-2025358,2024-12-22,,الشوقية,ترخيص تجاري,طلب ترخيص,المركز الموحد 940,قيد المعالجة,,,لا
MKC-2023540,2024-12-22,2024-12-29,جرول,تجديد رخصة تجارية,طلب ترخيص,تطبيق بلدي,مقبول ومنفذ,7.0,4.0,لا
MKC-2027757,2024-12-22,2024-12-28,العزيزية,شكوى نظافة عامة,شكوى,المركز الموحد 940,محول لجهة أخرى,6.0,,لا
MKC-2026956,2024-12-22,2024-12-29,الزاهر,شكوى نظافة عامة,شكوى,المركز الموحد 940,مغلق - تم الحل,7.0,4.0,لا
MKC-2024766,2024-12-22,,الرصيفة,شكوى مخالفة بناء,شكوى,تطبيق بلدي,قيد المعالجة,,,لا
MKC-2027542,2024-12-22,,الشرائع,ترخيص بناء,طلب ترخيص,تطبيق بلدي,قيد المعالجة,,,لا
MKC-2024862,2024-12-23,2024-12-26,الشوقية,شكوى نظافة عامة,شكوى,مكتب فرعي بالحي,مغلق - تم الحل,3.0,4.0,لا
MKC-2028160,2024-12-23,,النسيم,شكوى مخالفة بناء,شكوى,تطبيق بلدي,قيد المعالجة,,,لا
MKC-2025395,2024-12-23,2024-12-27,المسفلة,شكوى صرف صحي,شكوى,المركز الموحد 940,مغلق - تم الحل,4.0,3.0,لا
MKC-2025132,2024-12-23,,الشوقية,ترخيص بناء,طلب ترخيص,تطبيق بلدي,قيد المعالجة,,,لا
MKC-2023543,2024-12-23,2024-12-28,جرول,شكوى باعة متجولين,شكوى,مكتب خدمة العملاء,مغلق - تم الحل,5.0,4.0,لا
MKC-2024187,2024-12-23,2024-12-31,الزاهر,شكوى إشغال طريق,شكوى,المركز الموحد 940,مغلق - تم الحل,8.0,2.0,لا
MKC-2026454,2024-12-23,,الرصيفة,ترخيص بناء,طلب ترخيص,مكتب خدمة العملاء,قيد المعالجة,,,لا
MKC-2025717,2024-12-23,,الزاهر,شكوى إنارة شوارع,شكوى,تطبيق بلدي,قيد المعالجة,,,لا
MKC-2026988,2024-12-23,2024-12-26,النوارية,شكوى باعة متجولين,شكوى,تطبيق بلدي,مغلق - تم الحل,3.0,5.0,لا
MKC-2025769,2024-12-23,2024-12-24,الجميزة,شكوى صرف صحي,شكوى,تطبيق بلدي,مغلق - تم الحل,1.0,4.0,لا
MKC-2028296,2024-12-24,2024-12-25,الششة,شكوى إنارة شوارع,شكوى,تطبيق بلدي,مغلق - تم الحل,1.0,2.0,لا
MKC-2023809,2024-12-24,2024-12-26,بطحاء قريش,شكوى نظافة عامة,شكوى,تطبيق بلدي,مغلق - تم الحل,2.0,5.0,لا
MKC-2027468,2024-12-24,2024-12-26,الشرائع,شكوى إشغال طريق,شكوى,مكتب فرعي بالحي,مغلق - تم الحل,2.0,4.0,لا
MKC-2024129,2024-12-24,,الشوقية,شكوى إنارة شوارع,شكوى,تطبيق بلدي,قيد المعالجة,,,لا
MKC-2026712,2024-12-24,,الحجون,ترخيص بناء,طلب ترخيص,المركز الموحد 940,قيد المعالجة,,,لا
MKC-2024022,2024-12-24,2024-12-30,النوارية,شكوى مخالفة بناء,شكوى,مكتب خدمة العملاء,محول لجهة أخرى,6.0,,لا
MKC-2025650,2024-12-25,,الشوقية,شكوى مخالفة بناء,شكوى,المركز الموحد 940,قيد المعالجة,,,لا
MKC-2023998,2024-12-25,2024-12-28,المسفلة,تجديد رخصة تجارية,طلب ترخيص,مكتب خدمة العملاء,محول لجهة أخرى,3.0,,لا
MKC-2025107,2024-12-25,,الكعكية,ترخيص بناء,طلب ترخيص,مكتب خدمة العملاء,قيد المعالجة,,,لا
MKC-2023177,2024-12-25,,الحجون,شكوى إشغال طريق,شكوى,تطبيق بلدي,قيد المعالجة,,,لا
MKC-2028930,2024-12-25,,العتيبية,شكوى إشغال طريق,شكوى,تطبيق بلدي,قيد المعالجة,,,لا
MKC-2023812,2024-12-25,2024-12-31,الهجرة,شكوى نظافة عامة,شكوى,تطبيق بلدي,محول لجهة أخرى,6.0,,لا
MKC-2025147,2024-12-26,2024-12-29,العتيبية,شكوى نظافة عامة,شكوى,مكتب خدمة العملاء,محول لجهة أخرى,3.0,,لا
MKC-2028781,2024-12-26,2024-12-31,النوارية,تجديد رخصة تجارية,طلب ترخيص,المركز الموحد 940,مرفوض,5.0,,لا
MKC-2024383,2024-12-26,,الرصيفة,ترخيص لافتات إعلانية,طلب ترخيص,مكتب فرعي بالحي,قيد المعالجة,,,لا
MKC-2024861,2024-12-26,,أجياد,شكوى مخالفة بناء,شكوى,تطبيق بلدي,قيد المعالجة,,,لا
MKC-2027288,2024-12-26,2024-12-29,الشرائع,شكوى نظافة عامة,شكوى,حساب X (تويتر),مغلق - تم الحل,3.0,3.0,لا
MKC-2024618,2024-12-26,2024-12-28,النسيم,شكوى صرف صحي,شكوى,تطبيق بلدي,مغلق - تم الحل,2.0,3.0,لا
MKC-2023527,2024-12-27,,بطحاء قريش,شكوى مركبات مهملة,شكوى,المركز الموحد 940,قيد المعالجة,,,لا
MKC-2028973,2024-12-27,,الزاهر,شكوى صرف صحي,شكوى,تطبيق بلدي,قيد المعالجة,,,لا
MKC-2027645,2024-12-27,,العزيزية,طلب صيانة حديقة/ملعب,طلب صيانة,تطبيق بلدي,قيد المعالجة,,,لا
MKC-2028780,2024-12-27,2024-12-28,جرول,شكوى نظافة عامة,شكوى,تطبيق بلدي,مغلق - تم الحل,1.0,5.0,لا
MKC-2024578,2024-12-27,2024-12-29,أجياد,شكوى باعة متجولين,شكوى,تطبيق بلدي,مغلق - تم الحل,2.0,3.0,لا
MKC-2025310,2024-12-27,,الشوقية,شكوى نظافة عامة,شكوى,مكتب فرعي بالحي,قيد المعالجة,,,لا
MKC-2028850,2024-12-27,,جرول,طلب صيانة حديقة/ملعب,طلب صيانة,حساب X (تويتر),قيد المعالجة,,,لا
MKC-2028094,2024-12-27,,الزاهر,طلب صيانة حديقة/ملعب,طلب صيانة,تطبيق بلدي,قيد المعالجة,,,لا
MKC-2025569,2024-12-27,,الشوقية,تجديد رخصة تجارية,طلب ترخيص,تطبيق بلدي,قيد المعالجة,,,لا
MKC-2023710,2024-12-27,,الزاهر,شكوى مخالفة بناء,شكوى,المركز الموحد 940,قيد المعالجة,,,لا
MKC-2024477,2024-12-27,,الكعكية,شكوى مركبات مهملة,شكوى,تطبيق بلدي,قيد المعالجة,,,لا
MKC-2027124,2024-12-28,,المسفلة,ترخيص لافتات إعلانية,طلب ترخيص,تطبيق بلدي,قيد المعالجة,,,لا
MKC-2024259,2024-12-28,,الحجون,شكوى باعة متجولين,شكوى,مكتب فرعي بالحي,قيد المعالجة,,,لا
MKC-2026989,2024-12-28,,الزاهر,شكوى مركبات مهملة,شكوى,تطبيق بلدي,قيد المعالجة,,,لا
MKC-2026142,2024-12-28,,النسيم,تجديد رخصة تجارية,طلب ترخيص,تطبيق بلدي,قيد المعالجة,,,لا
MKC-2027492,2024-12-28,,الحجون,شكوى مخالفة بناء,شكوى,مكتب خدمة العملاء,قيد المعالجة,,,لا
MKC-2027172,2024-12-28,,الشوقية,ترخيص بناء,طلب ترخيص,تطبيق بلدي,قيد المعالجة,,,لا
MKC-2027684,2024-12-29,,العتيبية,ترخيص لافتات إعلانية,طلب ترخيص,تطبيق بلدي,قيد المعالجة,,,لا
MKC-2026595,2024-12-29,,العزيزية,شكوى إنارة شوارع,شكوى,تطبيق بلدي,قيد المعالجة,,,لا
MKC-2025903,2024-12-29,,النوارية,شكوى مخالفة بناء,شكوى,تطبيق بلدي,قيد المعالجة,,,لا
MKC-2027302,2024-12-29,,الشوقية,شكوى إشغال طريق,شكوى,المركز الموحد 940,قيد المعالجة,,,لا
MKC-2023672,2024-12-29,,الشرائع,شكوى مخالفة بناء,شكوى,مكتب خدمة العملاء,قيد المعالجة,,,لا
MKC-2028371,2024-12-29,,العتيبية,شكوى مخالفة بناء,شكوى,مكتب خدمة العملاء,قيد المعالجة,,,لا
MKC-2025440,2024-12-29,,بطحاء قريش,شكوى نظافة عامة,شكوى,تطبيق بلدي,قيد المعالجة,,,لا
MKC-2027781,2024-12-29,,الرصيفة,ترخيص تجاري,طلب ترخيص,مكتب فرعي بالحي,قيد المعالجة,,,لا
MKC-2026547,2024-12-29,,الهجرة,شكوى إشغال طريق,شكوى,مكتب فرعي بالحي,قيد المعالجة,,,لا
MKC-2023404,2024-12-29,,جرول,شكوى إشغال طريق,شكوى,تطبيق بلدي,قيد المعالجة,,,لا
MKC-2028717,2024-12-29,,أجياد,شكوى إشغال طريق,شكوى,المركز الموحد 940,قيد المعالجة,,,لا
MKC-2024855,2024-12-30,,الششة,شكوى نظافة عامة,شكوى,حساب X (تويتر),قيد المعالجة,,,لا
MKC-2024108,2024-12-30,,الشرائع,ترخيص بناء,طلب ترخيص,مكتب خدمة العملاء,قيد المعالجة,,,لا
MKC-2028479,2024-12-30,2024-12-31,العزيزية,شكوى إنارة شوارع,شكوى,مكتب خدمة العملاء,مرفوض,1.0,,لا
MKC-2028045,2024-12-30,,الكعكية,شكوى باعة متجولين,شكوى,المركز الموحد 940,قيد المعالجة,,,لا
MKC-2024560,2024-12-30,,النوارية,شكوى مخالفة بناء,شكوى,حساب X (تويتر),قيد المعالجة,,,لا
MKC-2025800,2024-12-30,,النوارية,شكوى إنارة شوارع,شكوى,مكتب خدمة العملاء,قيد المعالجة,,,لا
MKC-2028306,2024-12-30,,أجياد,شكوى نظافة عامة,شكوى,مكتب فرعي بالحي,قيد المعالجة,,,لا
MKC-2027270,2024-12-30,,أجياد,شكوى نظافة عامة,شكوى,تطبيق بلدي,قيد المعالجة,,,لا
MKC-2023667,2024-12-30,,العتيبية,شكوى باعة متجولين,شكوى,المركز الموحد 940,قيد المعالجة,,,لا
MKC-2025210,2024-12-31,,جرول,ترخيص بناء,طلب ترخيص,المركز الموحد 940,قيد المعالجة,,,لا
MKC-2026303,2024-12-31,,أجياد,شكوى نظافة عامة,شكوى,المركز الموحد 940,قيد المعالجة,,,لا
MKC-2027889,2024-12-31,,أجياد,شكوى مركبات مهملة,شكوى,تطبيق بلدي,قيد المعالجة,,,لا
MKC-2023409,2024-12-31,,العتيبية,شكوى صرف صحي,شكوى,تطبيق بلدي,قيد المعالجة,,,لا
MKC-2026874,2024-12-31,,الشرائع,ترخيص تجاري,طلب ترخيص,مكتب خدمة العملاء,قيد المعالجة,,,لا
MKC-2025920,2024-12-31,,الشوقية,شكوى مخالفة بناء,شكوى,تطبيق بلدي,قيد المعالجة,,,لا
MKC-2024130,2024-12-31,,النوارية,ترخيص بناء,طلب ترخيص,حساب X (تويتر),قيد المعالجة,,,لا
